id_krs,nim,kode_matakuliah,semester
1,240000363,MK03,Gasal 2023/2024
2,240004021,MK09,Gasal 2023/2024
3,240002570,MK10,Gasal 2023/2024
4,240000502,MK03,Gasal 2023/2024
5,240004057,MK05,Gasal 2023/2024
6,240005680,MK06,Gasal 2023/2024
7,240000094,MK06,Gasal 2023/2024
8,240002111,MK08,Gasal 2023/2024
9,240003940,MK10,Gasal 2023/2024
10,240006030,MK07,Gasal 2023/2024
11,240003701,MK05,Gasal 2023/2024
12,240004382,MK09,Gasal 2023/2024
13,240002736,MK03,Gasal 2023/2024
14,240002195,MK09,Gasal 2023/2024
15,240003048,MK06,Gasal 2023/2024
16,240003977,MK05,Gasal 2023/2024
17,240002204,MK04,Gasal 2023/2024
18,240003386,MK10,Gasal 2023/2024
19,240004614,MK03,Gasal 2023/2024
20,240004399,MK01,Gasal 2023/2024
21,240006423,MK09,Gasal 2023/2024
22,240004455,MK10,Gasal 2023/2024
23,240003279,MK03,Gasal 2023/2024
24,240006629,MK07,Gasal 2023/2024
25,240001329,MK02,Gasal 2023/2024
26,240005729,MK07,Gasal 2023/2024
27,240002291,MK08,Gasal 2023/2024
28,240001034,MK02,Gasal 2023/2024
29,240001106,MK05,Gasal 2023/2024
30,240001865,MK06,Gasal 2023/2024
31,240001479,MK08,Gasal 2023/2024
32,240003861,MK10,Gasal 2023/2024
33,240003449,MK02,Gasal 2023/2024
34,240004794,MK07,Gasal 2023/2024
35,240002262,MK01,Gasal 2023/2024
36,240000959,MK01,Gasal 2023/2024
37,240005982,MK02,Gasal 2023/2024
38,240000379,MK05,Gasal 2023/2024
39,240002710,MK03,Gasal 2023/2024
40,240000273,MK01,Gasal 2023/2024
41,240003290,MK10,Gasal 2023/2024
42,240001042,MK10,Gasal 2023/2024
43,240002369,MK06,Gasal 2023/2024
44,240006780,MK04,Gasal 2023/2024
45,240005061,MK02,Gasal 2023/2024
46,240003772,MK06,Gasal 2023/2024
47,240001032,MK03,Gasal 2023/2024
48,240000538,MK01,Gasal 2023/2024
49,240000142,MK05,Gasal 2023/2024
50,240004849,MK03,Gasal 2023/2024
51,240002936,MK05,Gasal 2023/2024
52,240001689,MK07,Gasal 2023/2024
53,240005949,MK02,Gasal 2023/2024
54,240006192,MK10,Gasal 2023/2024
55,240004975,MK06,Gasal 2023/2024
56,240002058,MK09,Gasal 2023/2024
57,240004100,MK03,Gasal 2023/2024
58,240000790,MK01,Gasal 2023/2024
59,240003560,MK08,Gasal 2023/2024
60,240003510,MK07,Gasal 2023/2024
61,240002837,MK08,Gasal 2023/2024
62,240003645,MK05,Gasal 2023/2024
63,240002290,MK01,Gasal 2023/2024
64,240001137,MK07,Gasal 2023/2024
65,240000221,MK04,Gasal 2023/2024
66,240003489,MK04,Gasal 2023/2024
67,240006123,MK02,Gasal 2023/2024
68,240004731,MK04,Gasal 2023/2024
69,240005310,MK04,Gasal 2023/2024
70,240003977,MK03,Gasal 2023/2024
71,240004426,MK02,Gasal 2023/2024
72,240000133,MK10,Gasal 2023/2024
73,240001821,MK08,Gasal 2023/2024
74,240001955,MK07,Gasal 2023/2024
75,240004055,MK03,Gasal 2023/2024
76,240003531,MK08,Gasal 2023/2024
77,240003723,MK10,Gasal 2023/2024
78,240001793,MK06,Gasal 2023/2024
79,240001785,MK03,Gasal 2023/2024
80,240000138,MK06,Gasal 2023/2024
81,240001352,MK01,Gasal 2023/2024
82,240001187,MK02,Gasal 2023/2024
83,240001788,MK01,Gasal 2023/2024
84,240001897,MK05,Gasal 2023/2024
85,240000521,MK07,Gasal 2023/2024
86,240001191,MK06,Gasal 2023/2024
87,240006390,MK06,Gasal 2023/2024
88,240002876,MK01,Gasal 2023/2024
89,240004142,MK03,Gasal 2023/2024
90,240003439,MK08,Gasal 2023/2024
91,240002311,MK06,Gasal 2023/2024
92,240004260,MK01,Gasal 2023/2024
93,240001315,MK10,Gasal 2023/2024
94,240004861,MK09,Gasal 2023/2024
95,240000644,MK06,Gasal 2023/2024
96,240004587,MK05,Gasal 2023/2024
97,240004696,MK02,Gasal 2023/2024
98,240002470,MK01,Gasal 2023/2024
99,240001481,MK05,Gasal 2023/2024
100,240000809,MK05,Gasal 2023/2024
101,240005626,MK04,Gasal 2023/2024
102,240003654,MK04,Gasal 2023/2024
103,240003527,MK05,Gasal 2023/2024
104,240004356,MK02,Gasal 2023/2024
105,240001604,MK09,Gasal 2023/2024
106,240002643,MK01,Gasal 2023/2024
107,240003550,MK01,Gasal 2023/2024
108,240000112,MK03,Gasal 2023/2024
109,240001966,MK06,Gasal 2023/2024
110,240003792,MK05,Gasal 2023/2024
111,240001045,MK02,Gasal 2023/2024
112,240002605,MK08,Gasal 2023/2024
113,240002282,MK06,Gasal 2023/2024
114,240003377,MK10,Gasal 2023/2024
115,240001479,MK09,Gasal 2023/2024
116,240003565,MK04,Gasal 2023/2024
117,240002105,MK02,Gasal 2023/2024
118,240003646,MK10,Gasal 2023/2024
119,240004990,MK09,Gasal 2023/2024
120,240002652,MK05,Gasal 2023/2024
121,240004871,MK07,Gasal 2023/2024
122,240003922,MK08,Gasal 2023/2024
123,240004524,MK03,Gasal 2023/2024
124,240003470,MK06,Gasal 2023/2024
125,240001536,MK05,Gasal 2023/2024
126,240000475,MK08,Gasal 2023/2024
127,240005738,MK06,Gasal 2023/2024
128,240000598,MK09,Gasal 2023/2024
129,240001065,MK06,Gasal 2023/2024
130,240003512,MK07,Gasal 2023/2024
131,240002098,MK07,Gasal 2023/2024
132,240002656,MK05,Gasal 2023/2024
133,240004147,MK02,Gasal 2023/2024
134,240004960,MK04,Gasal 2023/2024
135,240005462,MK06,Gasal 2023/2024
136,240006979,MK02,Gasal 2023/2024
137,240002814,MK07,Gasal 2023/2024
138,240002200,MK09,Gasal 2023/2024
139,240000166,MK09,Gasal 2023/2024
140,240001565,MK09,Gasal 2023/2024
141,240002402,MK04,Gasal 2023/2024
142,240001451,MK07,Gasal 2023/2024
143,240002491,MK05,Gasal 2023/2024
144,240006061,MK07,Gasal 2023/2024
145,240005744,MK10,Gasal 2023/2024
146,240002398,MK02,Gasal 2023/2024
147,240002125,MK10,Gasal 2023/2024
148,240001606,MK01,Gasal 2023/2024
149,240004100,MK02,Gasal 2023/2024
150,240006428,MK10,Gasal 2023/2024
151,240002510,MK06,Gasal 2023/2024
152,240006814,MK01,Gasal 2023/2024
153,240005204,MK06,Gasal 2023/2024
154,240004599,MK06,Gasal 2023/2024
155,240006030,MK09,Gasal 2023/2024
156,240004174,MK10,Gasal 2023/2024
157,240004667,MK03,Gasal 2023/2024
158,240000509,MK05,Gasal 2023/2024
159,240006172,MK08,Gasal 2023/2024
160,240004381,MK07,Gasal 2023/2024
161,240006861,MK01,Gasal 2023/2024
162,240001620,MK05,Gasal 2023/2024
163,240005676,MK07,Gasal 2023/2024
164,240002251,MK02,Gasal 2023/2024
165,240003408,MK02,Gasal 2023/2024
166,240000709,MK04,Gasal 2023/2024
167,240001741,MK08,Gasal 2023/2024
168,240005267,MK03,Gasal 2023/2024
169,240006790,MK07,Gasal 2023/2024
170,240001100,MK05,Gasal 2023/2024
171,240000743,MK08,Gasal 2023/2024
172,240004993,MK09,Gasal 2023/2024
173,240005529,MK04,Gasal 2023/2024
174,240002666,MK06,Gasal 2023/2024
175,240004143,MK06,Gasal 2023/2024
176,240002482,MK10,Gasal 2023/2024
177,240005780,MK10,Gasal 2023/2024
178,240002816,MK04,Gasal 2023/2024
179,240003248,MK09,Gasal 2023/2024
180,240002438,MK08,Gasal 2023/2024
181,240003966,MK04,Gasal 2023/2024
182,240003008,MK02,Gasal 2023/2024
183,240001215,MK03,Gasal 2023/2024
184,240004474,MK03,Gasal 2023/2024
185,240005797,MK05,Gasal 2023/2024
186,240005273,MK02,Gasal 2023/2024
187,240000720,MK07,Gasal 2023/2024
188,240002029,MK07,Gasal 2023/2024
189,240001259,MK02,Gasal 2023/2024
190,240002450,MK05,Gasal 2023/2024
191,240003654,MK08,Gasal 2023/2024
192,240003539,MK08,Gasal 2023/2024
193,240004147,MK04,Gasal 2023/2024
194,240002888,MK06,Gasal 2023/2024
195,240000299,MK10,Gasal 2023/2024
196,240005379,MK01,Gasal 2023/2024
197,240004743,MK06,Gasal 2023/2024
198,240000240,MK10,Gasal 2023/2024
199,240001399,MK06,Gasal 2023/2024
200,240004512,MK07,Gasal 2023/2024
201,240001352,MK02,Gasal 2023/2024
202,240001538,MK10,Gasal 2023/2024
203,240005336,MK10,Gasal 2023/2024
204,240003700,MK05,Gasal 2023/2024
205,240001890,MK02,Gasal 2023/2024
206,240004321,MK06,Gasal 2023/2024
207,240001125,MK06,Gasal 2023/2024
208,240003144,MK01,Gasal 2023/2024
209,240001934,MK03,Gasal 2023/2024
210,240004337,MK02,Gasal 2023/2024
211,240002183,MK10,Gasal 2023/2024
212,240002237,MK04,Gasal 2023/2024
213,240005229,MK05,Gasal 2023/2024
214,240005291,MK04,Gasal 2023/2024
215,240001741,MK08,Gasal 2023/2024
216,240006550,MK02,Gasal 2023/2024
217,240003430,MK06,Gasal 2023/2024
218,240002845,MK07,Gasal 2023/2024
219,240006264,MK01,Gasal 2023/2024
220,240003776,MK07,Gasal 2023/2024
221,240006335,MK02,Gasal 2023/2024
222,240002713,MK04,Gasal 2023/2024
223,240002300,MK03,Gasal 2023/2024
224,240003027,MK06,Gasal 2023/2024
225,240000750,MK05,Gasal 2023/2024
226,240001137,MK05,Gasal 2023/2024
227,240005690,MK07,Gasal 2023/2024
228,240005302,MK01,Gasal 2023/2024
229,240003682,MK10,Gasal 2023/2024
230,240004597,MK08,Gasal 2023/2024
231,240001410,MK01,Gasal 2023/2024
232,240006421,MK03,Gasal 2023/2024
233,240004631,MK01,Gasal 2023/2024
234,240006559,MK10,Gasal 2023/2024
235,240007152,MK07,Gasal 2023/2024
236,240000739,MK03,Gasal 2023/2024
237,240001721,MK06,Gasal 2023/2024
238,240004796,MK04,Gasal 2023/2024
239,240003052,MK06,Gasal 2023/2024
240,240000942,MK02,Gasal 2023/2024
241,240003215,MK03,Gasal 2023/2024
242,240001563,MK03,Gasal 2023/2024
243,240000008,MK09,Gasal 2023/2024
244,240005931,MK02,Gasal 2023/2024
245,240005500,MK06,Gasal 2023/2024
246,240000660,MK04,Gasal 2023/2024
247,240005731,MK01,Gasal 2023/2024
248,240005779,MK07,Gasal 2023/2024
249,240006185,MK03,Gasal 2023/2024
250,240007143,MK10,Gasal 2023/2024
251,240003410,MK07,Gasal 2023/2024
252,240000336,MK10,Gasal 2023/2024
253,240001445,MK01,Gasal 2023/2024
254,240006499,MK08,Gasal 2023/2024
255,240004567,MK05,Gasal 2023/2024
256,240004958,MK01,Gasal 2023/2024
257,240000156,MK09,Gasal 2023/2024
258,240002037,MK08,Gasal 2023/2024
259,240001563,MK07,Gasal 2023/2024
260,240003929,MK06,Gasal 2023/2024
261,240000888,MK05,Gasal 2023/2024
262,240006191,MK07,Gasal 2023/2024
263,240002895,MK01,Gasal 2023/2024
264,240006392,MK06,Gasal 2023/2024
265,240002617,MK09,Gasal 2023/2024
266,240003711,MK08,Gasal 2023/2024
267,240004806,MK08,Gasal 2023/2024
268,240002590,MK04,Gasal 2023/2024
269,240001647,MK08,Gasal 2023/2024
270,240002063,MK09,Gasal 2023/2024
271,240006250,MK02,Gasal 2023/2024
272,240005035,MK08,Gasal 2023/2024
273,240001449,MK05,Gasal 2023/2024
274,240001716,MK06,Gasal 2023/2024
275,240000419,MK07,Gasal 2023/2024
276,240000536,MK02,Gasal 2023/2024
277,240006059,MK04,Gasal 2023/2024
278,240004683,MK10,Gasal 2023/2024
279,240000739,MK05,Gasal 2023/2024
280,240001111,MK06,Gasal 2023/2024
281,240001620,MK04,Gasal 2023/2024
282,240001034,MK01,Gasal 2023/2024
283,240001109,MK03,Gasal 2023/2024
284,240005755,MK08,Gasal 2023/2024
285,240003508,MK03,Gasal 2023/2024
286,240005799,MK07,Gasal 2023/2024
287,240000758,MK01,Gasal 2023/2024
288,240003506,MK10,Gasal 2023/2024
289,240006920,MK04,Gasal 2023/2024
290,240004151,MK08,Gasal 2023/2024
291,240003792,MK07,Gasal 2023/2024
292,240006286,MK09,Gasal 2023/2024
293,240002111,MK06,Gasal 2023/2024
294,240001290,MK01,Gasal 2023/2024
295,240002889,MK05,Gasal 2023/2024
296,240006190,MK04,Gasal 2023/2024
297,240003100,MK08,Gasal 2023/2024
298,240002938,MK03,Gasal 2023/2024
299,240004664,MK03,Gasal 2023/2024
300,240003987,MK08,Gasal 2023/2024
301,240001709,MK03,Gasal 2023/2024
302,240001558,MK05,Gasal 2023/2024
303,240004457,MK08,Gasal 2023/2024
304,240003279,MK03,Gasal 2023/2024
305,240004279,MK09,Gasal 2023/2024
306,240002891,MK08,Gasal 2023/2024
307,240000680,MK05,Gasal 2023/2024
308,240004569,MK04,Gasal 2023/2024
309,240003334,MK05,Gasal 2023/2024
310,240003146,MK05,Gasal 2023/2024
311,240003645,MK01,Gasal 2023/2024
312,240001462,MK03,Gasal 2023/2024
313,240004025,MK05,Gasal 2023/2024
314,240004289,MK10,Gasal 2023/2024
315,240000683,MK10,Gasal 2023/2024
316,240000419,MK09,Gasal 2023/2024
317,240001271,MK04,Gasal 2023/2024
318,240002450,MK01,Gasal 2023/2024
319,240003774,MK09,Gasal 2023/2024
320,240001511,MK06,Gasal 2023/2024
321,240004414,MK09,Gasal 2023/2024
322,240002200,MK07,Gasal 2023/2024
323,240000037,MK05,Gasal 2023/2024
324,240000313,MK06,Gasal 2023/2024
325,240005976,MK04,Gasal 2023/2024
326,240003846,MK07,Gasal 2023/2024
327,240000302,MK01,Gasal 2023/2024
328,240003037,MK05,Gasal 2023/2024
329,240001656,MK09,Gasal 2023/2024
330,240003969,MK09,Gasal 2023/2024
331,240004952,MK10,Gasal 2023/2024
332,240004345,MK09,Gasal 2023/2024
333,240004557,MK10,Gasal 2023/2024
334,240001322,MK03,Gasal 2023/2024
335,240005268,MK04,Gasal 2023/2024
336,240007157,MK07,Gasal 2023/2024
337,240001779,MK05,Gasal 2023/2024
338,240002428,MK03,Gasal 2023/2024
339,240002797,MK06,Gasal 2023/2024
340,240002372,MK08,Gasal 2023/2024
341,240000856,MK07,Gasal 2023/2024
342,240005050,MK08,Gasal 2023/2024
343,240000734,MK04,Gasal 2023/2024
344,240006201,MK07,Gasal 2023/2024
345,240003282,MK05,Gasal 2023/2024
346,240003455,MK09,Gasal 2023/2024
347,240003382,MK01,Gasal 2023/2024
348,240007140,MK06,Gasal 2023/2024
349,240002983,MK01,Gasal 2023/2024
350,240003795,MK06,Gasal 2023/2024
351,240000690,MK07,Gasal 2023/2024
352,240004082,MK07,Gasal 2023/2024
353,240004744,MK06,Gasal 2023/2024
354,240002451,MK04,Gasal 2023/2024
355,240002298,MK02,Gasal 2023/2024
356,240004085,MK04,Gasal 2023/2024
357,240000181,MK06,Gasal 2023/2024
358,240000297,MK05,Gasal 2023/2024
359,240006156,MK04,Gasal 2023/2024
360,240004845,MK10,Gasal 2023/2024
361,240005436,MK05,Gasal 2023/2024
362,240004711,MK04,Gasal 2023/2024
363,240006591,MK06,Gasal 2023/2024
364,240000295,MK04,Gasal 2023/2024
365,240001086,MK09,Gasal 2023/2024
366,240000616,MK09,Gasal 2023/2024
367,240004493,MK05,Gasal 2023/2024
368,240003417,MK05,Gasal 2023/2024
369,240001564,MK05,Gasal 2023/2024
370,240002037,MK08,Gasal 2023/2024
371,240002004,MK10,Gasal 2023/2024
372,240000302,MK01,Gasal 2023/2024
373,240001142,MK05,Gasal 2023/2024
374,240003116,MK04,Gasal 2023/2024
375,240001090,MK05,Gasal 2023/2024
376,240000700,MK10,Gasal 2023/2024
377,240003142,MK09,Gasal 2023/2024
378,240004663,MK06,Gasal 2023/2024
379,240003139,MK04,Gasal 2023/2024
380,240000614,MK07,Gasal 2023/2024
381,240000538,MK07,Gasal 2023/2024
382,240007026,MK01,Gasal 2023/2024
383,240005248,MK09,Gasal 2023/2024
384,240005549,MK03,Gasal 2023/2024
385,240002954,MK05,Gasal 2023/2024
386,240000484,MK06,Gasal 2023/2024
387,240005512,MK01,Gasal 2023/2024
388,240003848,MK02,Gasal 2023/2024
389,240001471,MK10,Gasal 2023/2024
390,240002249,MK02,Gasal 2023/2024
391,240000770,MK02,Gasal 2023/2024
392,240001762,MK05,Gasal 2023/2024
393,240001256,MK03,Gasal 2023/2024
394,240006796,MK04,Gasal 2023/2024
395,240000377,MK10,Gasal 2023/2024
396,240004289,MK07,Gasal 2023/2024
397,240004646,MK05,Gasal 2023/2024
398,240004499,MK04,Gasal 2023/2024
399,240000497,MK06,Gasal 2023/2024
400,240000322,MK05,Gasal 2023/2024
401,240006903,MK09,Gasal 2023/2024
402,240002353,MK02,Gasal 2023/2024
403,240006255,MK05,Gasal 2023/2024
404,240001572,MK09,Gasal 2023/2024
405,240000780,MK04,Gasal 2023/2024
406,240003603,MK10,Gasal 2023/2024
407,240001454,MK03,Gasal 2023/2024
408,240003889,MK10,Gasal 2023/2024
409,240004352,MK05,Gasal 2023/2024
410,240000257,MK08,Gasal 2023/2024
411,240003854,MK08,Gasal 2023/2024
412,240007209,MK02,Gasal 2023/2024
413,240001388,MK03,Gasal 2023/2024
414,240006021,MK02,Gasal 2023/2024
415,240000178,MK07,Gasal 2023/2024
416,240002913,MK08,Gasal 2023/2024
417,240001762,MK10,Gasal 2023/2024
418,240006468,MK04,Gasal 2023/2024
419,240004020,MK04,Gasal 2023/2024
420,240002591,MK10,Gasal 2023/2024
421,240004222,MK07,Gasal 2023/2024
422,240005562,MK09,Gasal 2023/2024
423,240005227,MK01,Gasal 2023/2024
424,240003293,MK02,Gasal 2023/2024
425,240004989,MK01,Gasal 2023/2024
426,240006508,MK01,Gasal 2023/2024
427,240006166,MK01,Gasal 2023/2024
428,240004711,MK10,Gasal 2023/2024
429,240002941,MK05,Gasal 2023/2024
430,240005381,MK01,Gasal 2023/2024
431,240004995,MK07,Gasal 2023/2024
432,240000750,MK04,Gasal 2023/2024
433,240005424,MK08,Gasal 2023/2024
434,240002407,MK02,Gasal 2023/2024
435,240004113,MK04,Gasal 2023/2024
436,240000649,MK09,Gasal 2023/2024
437,240006548,MK09,Gasal 2023/2024
438,240006507,MK02,Gasal 2023/2024
439,240000142,MK02,Gasal 2023/2024
440,240000766,MK09,Gasal 2023/2024
441,240005327,MK07,Gasal 2023/2024
442,240006806,MK06,Gasal 2023/2024
443,240003547,MK04,Gasal 2023/2024
444,240002312,MK07,Gasal 2023/2024
445,240002443,MK09,Gasal 2023/2024
446,240004649,MK02,Gasal 2023/2024
447,240007152,MK03,Gasal 2023/2024
448,240006931,MK01,Gasal 2023/2024
449,240003424,MK06,Gasal 2023/2024
450,240004503,MK03,Gasal 2023/2024
451,240007135,MK06,Gasal 2023/2024
452,240001918,MK01,Gasal 2023/2024
453,240003633,MK05,Gasal 2023/2024
454,240003432,MK01,Gasal 2023/2024
455,240002894,MK01,Gasal 2023/2024
456,240003001,MK01,Gasal 2023/2024
457,240003213,MK01,Gasal 2023/2024
458,240006758,MK10,Gasal 2023/2024
459,240004740,MK02,Gasal 2023/2024
460,240003379,MK10,Gasal 2023/2024
461,240001445,MK06,Gasal 2023/2024
462,240006765,MK09,Gasal 2023/2024
463,240000456,MK07,Gasal 2023/2024
464,240004378,MK01,Gasal 2023/2024
465,240002736,MK09,Gasal 2023/2024
466,240002633,MK03,Gasal 2023/2024
467,240003207,MK02,Gasal 2023/2024
468,240003211,MK02,Gasal 2023/2024
469,240004154,MK08,Gasal 2023/2024
470,240002394,MK09,Gasal 2023/2024
471,240004445,MK06,Gasal 2023/2024
472,240001067,MK06,Gasal 2023/2024
473,240003122,MK04,Gasal 2023/2024
474,240000005,MK06,Gasal 2023/2024
475,240004734,MK03,Gasal 2023/2024
476,240006646,MK09,Gasal 2023/2024
477,240006217,MK03,Gasal 2023/2024
478,240004898,MK01,Gasal 2023/2024
479,240000489,MK02,Gasal 2023/2024
480,240006405,MK06,Gasal 2023/2024
481,240004925,MK02,Gasal 2023/2024
482,240001125,MK03,Gasal 2023/2024
483,240003590,MK10,Gasal 2023/2024
484,240001184,MK01,Gasal 2023/2024
485,240002934,MK02,Gasal 2023/2024
486,240005071,MK03,Gasal 2023/2024
487,240001966,MK09,Gasal 2023/2024
488,240003363,MK08,Gasal 2023/2024
489,240006232,MK10,Gasal 2023/2024
490,240007091,MK08,Gasal 2023/2024
491,240003260,MK09,Gasal 2023/2024
492,240005487,MK01,Gasal 2023/2024
493,240001826,MK03,Gasal 2023/2024
494,240004992,MK07,Gasal 2023/2024
495,240004455,MK01,Gasal 2023/2024
496,240004089,MK06,Gasal 2023/2024
497,240002342,MK04,Gasal 2023/2024
498,240002728,MK02,Gasal 2023/2024
499,240005899,MK08,Gasal 2023/2024
500,240004959,MK10,Gasal 2023/2024
501,240005384,MK02,Gasal 2023/2024
502,240001273,MK02,Gasal 2023/2024
503,240000381,MK04,Gasal 2023/2024
504,240001402,MK02,Gasal 2023/2024
505,240005733,MK03,Gasal 2023/2024
506,240000270,MK02,Gasal 2023/2024
507,240002382,MK10,Gasal 2023/2024
508,240002869,MK06,Gasal 2023/2024
509,240001575,MK04,Gasal 2023/2024
510,240003965,MK06,Gasal 2023/2024
511,240004382,MK04,Gasal 2023/2024
512,240000559,MK02,Gasal 2023/2024
513,240006230,MK05,Gasal 2023/2024
514,240005325,MK01,Gasal 2023/2024
515,240002817,MK03,Gasal 2023/2024
516,240003067,MK10,Gasal 2023/2024
517,240000367,MK04,Gasal 2023/2024
518,240004132,MK04,Gasal 2023/2024
519,240001565,MK01,Gasal 2023/2024
520,240001047,MK07,Gasal 2023/2024
521,240002934,MK04,Gasal 2023/2024
522,240003316,MK02,Gasal 2023/2024
523,240002251,MK05,Gasal 2023/2024
524,240003044,MK03,Gasal 2023/2024
525,240001209,MK07,Gasal 2023/2024
526,240003207,MK08,Gasal 2023/2024
527,240006076,MK04,Gasal 2023/2024
528,240000193,MK03,Gasal 2023/2024
529,240000324,MK06,Gasal 2023/2024
530,240002964,MK04,Gasal 2023/2024
531,240003455,MK07,Gasal 2023/2024
532,240003136,MK01,Gasal 2023/2024
533,240001485,MK04,Gasal 2023/2024
534,240005676,MK01,Gasal 2023/2024
535,240000764,MK05,Gasal 2023/2024
536,240004334,MK01,Gasal 2023/2024
537,240001936,MK08,Gasal 2023/2024
538,240004830,MK02,Gasal 2023/2024
539,240004814,MK01,Gasal 2023/2024
540,240001542,MK07,Gasal 2023/2024
541,240004333,MK02,Gasal 2023/2024
542,240004893,MK06,Gasal 2023/2024
543,240005394,MK06,Gasal 2023/2024
544,240003447,MK04,Gasal 2023/2024
545,240001315,MK06,Gasal 2023/2024
546,240003388,MK09,Gasal 2023/2024
547,240006946,MK01,Gasal 2023/2024
548,240001249,MK04,Gasal 2023/2024
549,240002755,MK10,Gasal 2023/2024
550,240004806,MK06,Gasal 2023/2024
551,240003922,MK05,Gasal 2023/2024
552,240006101,MK04,Gasal 2023/2024
553,240005065,MK06,Gasal 2023/2024
554,240004980,MK01,Gasal 2023/2024
555,240002032,MK06,Gasal 2023/2024
556,240003740,MK10,Gasal 2023/2024
557,240005863,MK01,Gasal 2023/2024
558,240001495,MK03,Gasal 2023/2024
559,240004311,MK03,Gasal 2023/2024
560,240006279,MK02,Gasal 2023/2024
561,240000925,MK05,Gasal 2023/2024
562,240000165,MK06,Gasal 2023/2024
563,240001514,MK10,Gasal 2023/2024
564,240006672,MK02,Gasal 2023/2024
565,240003902,MK06,Gasal 2023/2024
566,240001369,MK09,Gasal 2023/2024
567,240001872,MK02,Gasal 2023/2024
568,240001123,MK04,Gasal 2023/2024
569,240004427,MK05,Gasal 2023/2024
570,240006962,MK08,Gasal 2023/2024
571,240002933,MK05,Gasal 2023/2024
572,240004024,MK02,Gasal 2023/2024
573,240002740,MK09,Gasal 2023/2024
574,240001410,MK02,Gasal 2023/2024
575,240003213,MK02,Gasal 2023/2024
576,240000497,MK05,Gasal 2023/2024
577,240006893,MK03,Gasal 2023/2024
578,240002342,MK05,Gasal 2023/2024
579,240002373,MK03,Gasal 2023/2024
580,240003949,MK09,Gasal 2023/2024
581,240002706,MK02,Gasal 2023/2024
582,240005105,MK09,Gasal 2023/2024
583,240001826,MK01,Gasal 2023/2024
584,240001797,MK06,Gasal 2023/2024
585,240001440,MK04,Gasal 2023/2024
586,240002554,MK09,Gasal 2023/2024
587,240003533,MK04,Gasal 2023/2024
588,240001939,MK09,Gasal 2023/2024
589,240003697,MK04,Gasal 2023/2024
590,240000012,MK09,Gasal 2023/2024
591,240005139,MK03,Gasal 2023/2024
592,240000805,MK04,Gasal 2023/2024
593,240000238,MK08,Gasal 2023/2024
594,240003730,MK07,Gasal 2023/2024
595,240002846,MK06,Gasal 2023/2024
596,240003172,MK06,Gasal 2023/2024
597,240001295,MK04,Gasal 2023/2024
598,240002290,MK01,Gasal 2023/2024
599,240003774,MK08,Gasal 2023/2024
600,240001564,MK05,Gasal 2023/2024
601,240002761,MK01,Gasal 2023/2024
602,240006379,MK01,Gasal 2023/2024
603,240005668,MK09,Gasal 2023/2024
604,240002600,MK01,Gasal 2023/2024
605,240006940,MK07,Gasal 2023/2024
606,240006765,MK07,Gasal 2023/2024
607,240006026,MK02,Gasal 2023/2024
608,240000483,MK08,Gasal 2023/2024
609,240005820,MK10,Gasal 2023/2024
610,240002617,MK04,Gasal 2023/2024
611,240003759,MK07,Gasal 2023/2024
612,240001386,MK06,Gasal 2023/2024
613,240004565,MK09,Gasal 2023/2024
614,240001821,MK04,Gasal 2023/2024
615,240005230,MK09,Gasal 2023/2024
616,240000756,MK04,Gasal 2023/2024
617,240003439,MK09,Gasal 2023/2024
618,240000152,MK02,Gasal 2023/2024
619,240003161,MK08,Gasal 2023/2024
620,240003607,MK06,Gasal 2023/2024
621,240003484,MK06,Gasal 2023/2024
622,240002545,MK08,Gasal 2023/2024
623,240000749,MK08,Gasal 2023/2024
624,240006801,MK03,Gasal 2023/2024
625,240006425,MK08,Gasal 2023/2024
626,240000840,MK08,Gasal 2023/2024
627,240000423,MK06,Gasal 2023/2024
628,240001620,MK02,Gasal 2023/2024
629,240002770,MK07,Gasal 2023/2024
630,240003565,MK09,Gasal 2023/2024
631,240002395,MK01,Gasal 2023/2024
632,240002954,MK07,Gasal 2023/2024
633,240000890,MK01,Gasal 2023/2024
634,240004949,MK07,Gasal 2023/2024
635,240001825,MK02,Gasal 2023/2024
636,240004527,MK02,Gasal 2023/2024
637,240003246,MK08,Gasal 2023/2024
638,240002251,MK02,Gasal 2023/2024
639,240006785,MK07,Gasal 2023/2024
640,240006176,MK04,Gasal 2023/2024
641,240001476,MK04,Gasal 2023/2024
642,240001809,MK07,Gasal 2023/2024
643,240001581,MK03,Gasal 2023/2024
644,240003466,MK08,Gasal 2023/2024
645,240001096,MK01,Gasal 2023/2024
646,240000675,MK05,Gasal 2023/2024
647,240001240,MK08,Gasal 2023/2024
648,240002545,MK04,Gasal 2023/2024
649,240001994,MK02,Gasal 2023/2024
650,240003374,MK08,Gasal 2023/2024
651,240000894,MK03,Gasal 2023/2024
652,240001244,MK08,Gasal 2023/2024
653,240003935,MK01,Gasal 2023/2024
654,240001268,MK09,Gasal 2023/2024
655,240002242,MK08,Gasal 2023/2024
656,240000766,MK10,Gasal 2023/2024
657,240000352,MK10,Gasal 2023/2024
658,240002656,MK06,Gasal 2023/2024
659,240007130,MK05,Gasal 2023/2024
660,240005804,MK08,Gasal 2023/2024
661,240002885,MK05,Gasal 2023/2024
662,240000269,MK10,Gasal 2023/2024
663,240003350,MK02,Gasal 2023/2024
664,240002357,MK02,Gasal 2023/2024
665,240001414,MK07,Gasal 2023/2024
666,240002035,MK08,Gasal 2023/2024
667,240004126,MK05,Gasal 2023/2024
668,240005529,MK06,Gasal 2023/2024
669,240006795,MK06,Gasal 2023/2024
670,240000715,MK05,Gasal 2023/2024
671,240006909,MK09,Gasal 2023/2024
672,240003756,MK06,Gasal 2023/2024
673,240001820,MK09,Gasal 2023/2024
674,240004096,MK10,Gasal 2023/2024
675,240006922,MK05,Gasal 2023/2024
676,240005457,MK06,Gasal 2023/2024
677,240003803,MK01,Gasal 2023/2024
678,240002376,MK08,Gasal 2023/2024
679,240001620,MK09,Gasal 2023/2024
680,240003846,MK02,Gasal 2023/2024
681,240004155,MK10,Gasal 2023/2024
682,240007041,MK07,Gasal 2023/2024
683,240001702,MK08,Gasal 2023/2024
684,240000133,MK01,Gasal 2023/2024
685,240002089,MK05,Gasal 2023/2024
686,240002030,MK01,Gasal 2023/2024
687,240000559,MK02,Gasal 2023/2024
688,240004089,MK07,Gasal 2023/2024
689,240004152,MK05,Gasal 2023/2024
690,240001554,MK02,Gasal 2023/2024
691,240006324,MK09,Gasal 2023/2024
692,240003922,MK05,Gasal 2023/2024
693,240002660,MK10,Gasal 2023/2024
694,240000374,MK04,Gasal 2023/2024
695,240003645,MK09,Gasal 2023/2024
696,240004317,MK08,Gasal 2023/2024
697,240005331,MK06,Gasal 2023/2024
698,240005442,MK03,Gasal 2023/2024
699,240004557,MK01,Gasal 2023/2024
700,240004767,MK10,Gasal 2023/2024
701,240002548,MK08,Gasal 2023/2024
702,240003132,MK07,Gasal 2023/2024
703,240001915,MK07,Gasal 2023/2024
704,240001614,MK02,Gasal 2023/2024
705,240004352,MK05,Gasal 2023/2024
706,240003498,MK01,Gasal 2023/2024
707,240001758,MK08,Gasal 2023/2024
708,240003404,MK02,Gasal 2023/2024
709,240003727,MK01,Gasal 2023/2024
710,240006371,MK08,Gasal 2023/2024
711,240006797,MK03,Gasal 2023/2024
712,240000326,MK06,Gasal 2023/2024
713,240002733,MK02,Gasal 2023/2024
714,240002554,MK03,Gasal 2023/2024
715,240001207,MK06,Gasal 2023/2024
716,240000659,MK08,Gasal 2023/2024
717,240001593,MK08,Gasal 2023/2024
718,240000005,MK05,Gasal 2023/2024
719,240006040,MK04,Gasal 2023/2024
720,240003726,MK07,Gasal 2023/2024
721,240000860,MK09,Gasal 2023/2024
722,240003642,MK01,Gasal 2023/2024
723,240003927,MK05,Gasal 2023/2024
724,240000444,MK04,Gasal 2023/2024
725,240001571,MK07,Gasal 2023/2024
726,240003929,MK06,Gasal 2023/2024
727,240002406,MK07,Gasal 2023/2024
728,240004901,MK08,Gasal 2023/2024
729,240001213,MK02,Gasal 2023/2024
730,240002412,MK01,Gasal 2023/2024
731,240004242,MK09,Gasal 2023/2024
732,240001564,MK03,Gasal 2023/2024
733,240004143,MK10,Gasal 2023/2024
734,240002802,MK05,Gasal 2023/2024
735,240005061,MK07,Gasal 2023/2024
736,240002814,MK07,Gasal 2023/2024
737,240004756,MK10,Gasal 2023/2024
738,240007120,MK10,Gasal 2023/2024
739,240000923,MK09,Gasal 2023/2024
740,240002929,MK03,Gasal 2023/2024
741,240007024,MK10,Gasal 2023/2024
742,240002967,MK09,Gasal 2023/2024
743,240000984,MK01,Gasal 2023/2024
744,240003274,MK06,Gasal 2023/2024
745,240001694,MK01,Gasal 2023/2024
746,240007095,MK09,Gasal 2023/2024
747,240001529,MK03,Gasal 2023/2024
748,240005054,MK04,Gasal 2023/2024
749,240001272,MK06,Gasal 2023/2024
750,240006580,MK01,Gasal 2023/2024
751,240004697,MK07,Gasal 2023/2024
752,240001733,MK08,Gasal 2023/2024
753,240003317,MK06,Gasal 2023/2024
754,240000255,MK05,Gasal 2023/2024
755,240005635,MK05,Gasal 2023/2024
756,240001356,MK06,Gasal 2023/2024
757,240006681,MK03,Gasal 2023/2024
758,240000917,MK01,Gasal 2023/2024
759,240005874,MK06,Gasal 2023/2024
760,240006782,MK08,Gasal 2023/2024
761,240003515,MK05,Gasal 2023/2024
762,240002721,MK09,Gasal 2023/2024
763,240000433,MK07,Gasal 2023/2024
764,240006338,MK09,Gasal 2023/2024
765,240001966,MK02,Gasal 2023/2024
766,240005033,MK09,Gasal 2023/2024
767,240002491,MK07,Gasal 2023/2024
768,240004599,MK04,Gasal 2023/2024
769,240005438,MK03,Gasal 2023/2024
770,240000780,MK10,Gasal 2023/2024
771,240005634,MK07,Gasal 2023/2024
772,240001082,MK05,Gasal 2023/2024
773,240004371,MK06,Gasal 2023/2024
774,240000405,MK10,Gasal 2023/2024
775,240006647,MK08,Gasal 2023/2024
776,240006297,MK06,Gasal 2023/2024
777,240000787,MK10,Gasal 2023/2024
778,240005643,MK08,Gasal 2023/2024
779,240003433,MK04,Gasal 2023/2024
780,240004767,MK07,Gasal 2023/2024
781,240000857,MK04,Gasal 2023/2024
782,240002002,MK08,Gasal 2023/2024
783,240001624,MK02,Gasal 2023/2024
784,240000658,MK03,Gasal 2023/2024
785,240004434,MK06,Gasal 2023/2024
786,240001171,MK06,Gasal 2023/2024
787,240001921,MK05,Gasal 2023/2024
788,240002106,MK10,Gasal 2023/2024
789,240006538,MK10,Gasal 2023/2024
790,240001962,MK01,Gasal 2023/2024
791,240002369,MK04,Gasal 2023/2024
792,240004329,MK08,Gasal 2023/2024
793,240003933,MK08,Gasal 2023/2024
794,240000764,MK01,Gasal 2023/2024
795,240003725,MK01,Gasal 2023/2024
796,240000636,MK08,Gasal 2023/2024
797,240005988,MK09,Gasal 2023/2024
798,240002695,MK08,Gasal 2023/2024
799,240005287,MK10,Gasal 2023/2024
800,240003835,MK02,Gasal 2023/2024
801,240007164,MK09,Gasal 2023/2024
802,240002474,MK01,Gasal 2023/2024
803,240006255,MK09,Gasal 2023/2024
804,240001286,MK04,Gasal 2023/2024
805,240000086,MK09,Gasal 2023/2024
806,240002612,MK10,Gasal 2023/2024
807,240003279,MK06,Gasal 2023/2024
808,240000383,MK07,Gasal 2023/2024
809,240000913,MK08,Gasal 2023/2024
810,240007105,MK06,Gasal 2023/2024
811,240001514,MK05,Gasal 2023/2024
812,240005122,MK02,Gasal 2023/2024
813,240004365,MK04,Gasal 2023/2024
814,240004784,MK01,Gasal 2023/2024
815,240001117,MK06,Gasal 2023/2024
816,240001309,MK08,Gasal 2023/2024
817,240000727,MK08,Gasal 2023/2024
818,240003751,MK08,Gasal 2023/2024
819,240001283,MK02,Gasal 2023/2024
820,240005219,MK01,Gasal 2023/2024
821,240003276,MK03,Gasal 2023/2024
822,240002715,MK02,Gasal 2023/2024
823,240000854,MK08,Gasal 2023/2024
824,240004523,MK10,Gasal 2023/2024
825,240002077,MK05,Gasal 2023/2024
826,240002804,MK08,Gasal 2023/2024
827,240002735,MK04,Gasal 2023/2024
828,240005404,MK10,Gasal 2023/2024
829,240004556,MK05,Gasal 2023/2024
830,240006316,MK08,Gasal 2023/2024
831,240006672,MK07,Gasal 2023/2024
832,240001955,MK09,Gasal 2023/2024
833,240005410,MK02,Gasal 2023/2024
834,240003854,MK07,Gasal 2023/2024
835,240001076,MK05,Gasal 2023/2024
836,240000348,MK04,Gasal 2023/2024
837,240003166,MK10,Gasal 2023/2024
838,240001693,MK02,Gasal 2023/2024
839,240002934,MK01,Gasal 2023/2024
840,240005309,MK08,Gasal 2023/2024
841,240006466,MK08,Gasal 2023/2024
842,240003929,MK09,Gasal 2023/2024
843,240003006,MK08,Gasal 2023/2024
844,240004490,MK06,Gasal 2023/2024
845,240005156,MK03,Gasal 2023/2024
846,240002954,MK05,Gasal 2023/2024
847,240000758,MK02,Gasal 2023/2024
848,240003497,MK05,Gasal 2023/2024
849,240002095,MK05,Gasal 2023/2024
850,240006071,MK07,Gasal 2023/2024
851,240005355,MK09,Gasal 2023/2024
852,240001727,MK02,Gasal 2023/2024
853,240004567,MK03,Gasal 2023/2024
854,240002538,MK02,Gasal 2023/2024
855,240006620,MK07,Gasal 2023/2024
856,240005586,MK09,Gasal 2023/2024
857,240001751,MK02,Gasal 2023/2024
858,240004614,MK03,Gasal 2023/2024
859,240003025,MK10,Gasal 2023/2024
860,240001840,MK01,Gasal 2023/2024
861,240000088,MK09,Gasal 2023/2024
862,240000554,MK01,Gasal 2023/2024
863,240003100,MK02,Gasal 2023/2024
864,240002187,MK03,Gasal 2023/2024
865,240001419,MK04,Gasal 2023/2024
866,240001519,MK02,Gasal 2023/2024
867,240002123,MK05,Gasal 2023/2024
868,240006959,MK04,Gasal 2023/2024
869,240002219,MK08,Gasal 2023/2024
870,240003803,MK09,Gasal 2023/2024
871,240001385,MK05,Gasal 2023/2024
872,240004237,MK02,Gasal 2023/2024
873,240003389,MK08,Gasal 2023/2024
874,240004490,MK02,Gasal 2023/2024
875,240003518,MK08,Gasal 2023/2024
876,240001480,MK03,Gasal 2023/2024
877,240003336,MK08,Gasal 2023/2024
878,240006230,MK04,Gasal 2023/2024
879,240002710,MK04,Gasal 2023/2024
880,240006620,MK09,Gasal 2023/2024
881,240003871,MK06,Gasal 2023/2024
882,240004830,MK03,Gasal 2023/2024
883,240006864,MK05,Gasal 2023/2024
884,240005955,MK04,Gasal 2023/2024
885,240001311,MK06,Gasal 2023/2024
886,240005313,MK05,Gasal 2023/2024
887,240004381,MK01,Gasal 2023/2024
888,240004631,MK08,Gasal 2023/2024
889,240003344,MK02,Gasal 2023/2024
890,240003539,MK03,Gasal 2023/2024
891,240002537,MK02,Gasal 2023/2024
892,240000750,MK09,Gasal 2023/2024
893,240001597,MK05,Gasal 2023/2024
894,240006673,MK05,Gasal 2023/2024
895,240005194,MK02,Gasal 2023/2024
896,240003935,MK05,Gasal 2023/2024
897,240002881,MK09,Gasal 2023/2024
898,240005635,MK05,Gasal 2023/2024
899,240003594,MK07,Gasal 2023/2024
900,240002290,MK08,Gasal 2023/2024
901,240005064,MK02,Gasal 2023/2024
902,240004491,MK03,Gasal 2023/2024
903,240000415,MK09,Gasal 2023/2024
904,240002252,MK03,Gasal 2023/2024
905,240002678,MK01,Gasal 2023/2024
906,240002342,MK05,Gasal 2023/2024
907,240001022,MK02,Gasal 2023/2024
908,240002418,MK02,Gasal 2023/2024
909,240005797,MK03,Gasal 2023/2024
910,240000935,MK08,Gasal 2023/2024
911,240001912,MK09,Gasal 2023/2024
912,240004939,MK03,Gasal 2023/2024
913,240002341,MK01,Gasal 2023/2024
914,240006092,MK05,Gasal 2023/2024
915,240004429,MK04,Gasal 2023/2024
916,240005750,MK06,Gasal 2023/2024
917,240003455,MK08,Gasal 2023/2024
918,240000547,MK05,Gasal 2023/2024
919,240004356,MK01,Gasal 2023/2024
920,240001079,MK10,Gasal 2023/2024
921,240004921,MK09,Gasal 2023/2024
922,240007055,MK09,Gasal 2023/2024
923,240002723,MK06,Gasal 2023/2024
924,240004833,MK03,Gasal 2023/2024
925,240004469,MK06,Gasal 2023/2024
926,240004751,MK07,Gasal 2023/2024
927,240001020,MK01,Gasal 2023/2024
928,240002760,MK01,Gasal 2023/2024
929,240007169,MK03,Gasal 2023/2024
930,240005360,MK07,Gasal 2023/2024
931,240002619,MK10,Gasal 2023/2024
932,240004146,MK04,Gasal 2023/2024
933,240004015,MK02,Gasal 2023/2024
934,240002066,MK07,Gasal 2023/2024
935,240000208,MK05,Gasal 2023/2024
936,240000766,MK09,Gasal 2023/2024
937,240003817,MK06,Gasal 2023/2024
938,240005807,MK05,Gasal 2023/2024
939,240001459,MK01,Gasal 2023/2024
940,240004237,MK03,Gasal 2023/2024
941,240003660,MK03,Gasal 2023/2024
942,240001297,MK05,Gasal 2023/2024
943,240001591,MK04,Gasal 2023/2024
944,240006469,MK06,Gasal 2023/2024
945,240001156,MK10,Gasal 2023/2024
946,240002964,MK08,Gasal 2023/2024
947,240001165,MK01,Gasal 2023/2024
948,240001043,MK05,Gasal 2023/2024
949,240004426,MK02,Gasal 2023/2024
950,240003451,MK03,Gasal 2023/2024
951,240004321,MK04,Gasal 2023/2024
952,240001385,MK07,Gasal 2023/2024
953,240004689,MK02,Gasal 2023/2024
954,240004919,MK02,Gasal 2023/2024
955,240006225,MK03,Gasal 2023/2024
956,240005513,MK07,Gasal 2023/2024
957,240004847,MK02,Gasal 2023/2024
958,240002491,MK09,Gasal 2023/2024
959,240000967,MK05,Gasal 2023/2024
960,240003100,MK09,Gasal 2023/2024
961,240006727,MK06,Gasal 2023/2024
962,240001579,MK08,Gasal 2023/2024
963,240003311,MK05,Gasal 2023/2024
964,240002382,MK06,Gasal 2023/2024
965,240001079,MK10,Gasal 2023/2024
966,240000856,MK01,Gasal 2023/2024
967,240001066,MK02,Gasal 2023/2024
968,240001712,MK04,Gasal 2023/2024
969,240005072,MK08,Gasal 2023/2024
970,240000888,MK10,Gasal 2023/2024
971,240004079,MK03,Gasal 2023/2024
972,240006819,MK02,Gasal 2023/2024
973,240004065,MK09,Gasal 2023/2024
974,240000728,MK06,Gasal 2023/2024
975,240002635,MK07,Gasal 2023/2024
976,240004515,MK07,Gasal 2023/2024
977,240007044,MK05,Gasal 2023/2024
978,240002940,MK01,Gasal 2023/2024
979,240003118,MK08,Gasal 2023/2024
980,240002065,MK08,Gasal 2023/2024
981,240003983,MK10,Gasal 2023/2024
982,240006471,MK05,Gasal 2023/2024
983,240004060,MK09,Gasal 2023/2024
984,240002647,MK04,Gasal 2023/2024
985,240005700,MK07,Gasal 2023/2024
986,240004192,MK10,Gasal 2023/2024
987,240001671,MK06,Gasal 2023/2024
988,240002334,MK07,Gasal 2023/2024
989,240003217,MK06,Gasal 2023/2024
990,240006065,MK10,Gasal 2023/2024
991,240001189,MK01,Gasal 2023/2024
992,240003791,MK01,Gasal 2023/2024
993,240000166,MK07,Gasal 2023/2024
994,240005807,MK03,Gasal 2023/2024
995,240003805,MK01,Gasal 2023/2024
996,240000664,MK04,Gasal 2023/2024
997,240006870,MK04,Gasal 2023/2024
998,240001086,MK06,Gasal 2023/2024
999,240002092,MK03,Gasal 2023/2024
1000,240003987,MK06,Gasal 2023/2024
1001,240003490,MK10,Gasal 2023/2024
1002,240002029,MK01,Gasal 2023/2024
1003,240003430,MK10,Gasal 2023/2024
1004,240001996,MK06,Gasal 2023/2024
1005,240001806,MK07,Gasal 2023/2024
1006,240000405,MK10,Gasal 2023/2024
1007,240006547,MK08,Gasal 2023/2024
1008,240004474,MK07,Gasal 2023/2024
1009,240001673,MK06,Gasal 2023/2024
1010,240004763,MK09,Gasal 2023/2024
1011,240005250,MK05,Gasal 2023/2024
1012,240001936,MK01,Gasal 2023/2024
1013,240000126,MK08,Gasal 2023/2024
1014,240004711,MK04,Gasal 2023/2024
1015,240005506,MK10,Gasal 2023/2024
1016,240005283,MK05,Gasal 2023/2024
1017,240002850,MK07,Gasal 2023/2024
1018,240003498,MK01,Gasal 2023/2024
1019,240001032,MK04,Gasal 2023/2024
1020,240002809,MK04,Gasal 2023/2024
1021,240000961,MK07,Gasal 2023/2024
1022,240003629,MK03,Gasal 2023/2024
1023,240001381,MK02,Gasal 2023/2024
1024,240002178,MK07,Gasal 2023/2024
1025,240003187,MK06,Gasal 2023/2024
1026,240003044,MK06,Gasal 2023/2024
1027,240005562,MK05,Gasal 2023/2024
1028,240000743,MK03,Gasal 2023/2024
1029,240001806,MK06,Gasal 2023/2024
1030,240003909,MK07,Gasal 2023/2024
1031,240004700,MK03,Gasal 2023/2024
1032,240003148,MK09,Gasal 2023/2024
1033,240004833,MK03,Gasal 2023/2024
1034,240001309,MK10,Gasal 2023/2024
1035,240000560,MK07,Gasal 2023/2024
1036,240001770,MK09,Gasal 2023/2024
1037,240002435,MK08,Gasal 2023/2024
1038,240007097,MK04,Gasal 2023/2024
1039,240004955,MK02,Gasal 2023/2024
1040,240006114,MK04,Gasal 2023/2024
1041,240003272,MK04,Gasal 2023/2024
1042,240004634,MK01,Gasal 2023/2024
1043,240003470,MK03,Gasal 2023/2024
1044,240002717,MK01,Gasal 2023/2024
1045,240006038,MK02,Gasal 2023/2024
1046,240002002,MK08,Gasal 2023/2024
1047,240004021,MK02,Gasal 2023/2024
1048,240002927,MK09,Gasal 2023/2024
1049,240001442,MK08,Gasal 2023/2024
1050,240001509,MK09,Gasal 2023/2024
1051,240002550,MK06,Gasal 2023/2024
1052,240005745,MK09,Gasal 2023/2024
1053,240003333,MK03,Gasal 2023/2024
1054,240003905,MK05,Gasal 2023/2024
1055,240005041,MK09,Gasal 2023/2024
1056,240004328,MK08,Gasal 2023/2024
1057,240003635,MK01,Gasal 2023/2024
1058,240002875,MK08,Gasal 2023/2024
1059,240003477,MK02,Gasal 2023/2024
1060,240004935,MK10,Gasal 2023/2024
1061,240004961,MK08,Gasal 2023/2024
1062,240002039,MK02,Gasal 2023/2024
1063,240000727,MK05,Gasal 2023/2024
1064,240006297,MK02,Gasal 2023/2024
1065,240000677,MK06,Gasal 2023/2024
1066,240004399,MK09,Gasal 2023/2024
1067,240002245,MK03,Gasal 2023/2024
1068,240005209,MK10,Gasal 2023/2024
1069,240001637,MK04,Gasal 2023/2024
1070,240002541,MK09,Gasal 2023/2024
1071,240001603,MK09,Gasal 2023/2024
1072,240003961,MK03,Gasal 2023/2024
1073,240003403,MK08,Gasal 2023/2024
1074,240006502,MK06,Gasal 2023/2024
1075,240003213,MK03,Gasal 2023/2024
1076,240001247,MK05,Gasal 2023/2024
1077,240002957,MK02,Gasal 2023/2024
1078,240002219,MK08,Gasal 2023/2024
1079,240003448,MK05,Gasal 2023/2024
1080,240003621,MK04,Gasal 2023/2024
1081,240001972,MK09,Gasal 2023/2024
1082,240005896,MK01,Gasal 2023/2024
1083,240002035,MK05,Gasal 2023/2024
1084,240004853,MK04,Gasal 2023/2024
1085,240003113,MK02,Gasal 2023/2024
1086,240004649,MK06,Gasal 2023/2024
1087,240002426,MK06,Gasal 2023/2024
1088,240001896,MK01,Gasal 2023/2024
1089,240004822,MK04,Gasal 2023/2024
1090,240003707,MK01,Gasal 2023/2024
1091,240001593,MK05,Gasal 2023/2024
1092,240002706,MK01,Gasal 2023/2024
1093,240004164,MK01,Gasal 2023/2024
1094,240004744,MK05,Gasal 2023/2024
1095,240006777,MK06,Gasal 2023/2024
1096,240000798,MK09,Gasal 2023/2024
1097,240004193,MK10,Gasal 2023/2024
1098,240005830,MK05,Gasal 2023/2024
1099,240004767,MK04,Gasal 2023/2024
1100,240002862,MK04,Gasal 2023/2024
1101,240000493,MK01,Gasal 2023/2024
1102,240002134,MK01,Gasal 2023/2024
1103,240003935,MK01,Gasal 2023/2024
1104,240004195,MK04,Gasal 2023/2024
1105,240000681,MK08,Gasal 2023/2024
1106,240001860,MK10,Gasal 2023/2024
1107,240006218,MK04,Gasal 2023/2024
1108,240003922,MK05,Gasal 2023/2024
1109,240002628,MK06,Gasal 2023/2024
1110,240004206,MK03,Gasal 2023/2024
1111,240006307,MK09,Gasal 2023/2024
1112,240004091,MK07,Gasal 2023/2024
1113,240002998,MK07,Gasal 2023/2024
1114,240003539,MK03,Gasal 2023/2024
1115,240006184,MK03,Gasal 2023/2024
1116,240002672,MK08,Gasal 2023/2024
1117,240004328,MK07,Gasal 2023/2024
1118,240002556,MK08,Gasal 2023/2024
1119,240002901,MK05,Gasal 2023/2024
1120,240005507,MK04,Gasal 2023/2024
1121,240003220,MK06,Gasal 2023/2024
1122,240003065,MK06,Gasal 2023/2024
1123,240000060,MK08,Gasal 2023/2024
1124,240005644,MK10,Gasal 2023/2024
1125,240004771,MK02,Gasal 2023/2024
1126,240004519,MK07,Gasal 2023/2024
1127,240003480,MK02,Gasal 2023/2024
1128,240000847,MK04,Gasal 2023/2024
1129,240006067,MK02,Gasal 2023/2024
1130,240002569,MK04,Gasal 2023/2024
1131,240001815,MK02,Gasal 2023/2024
1132,240006542,MK04,Gasal 2023/2024
1133,240000724,MK06,Gasal 2023/2024
1134,240000332,MK02,Gasal 2023/2024
1135,240006421,MK07,Gasal 2023/2024
1136,240004649,MK10,Gasal 2023/2024
1137,240001177,MK01,Gasal 2023/2024
1138,240004563,MK07,Gasal 2023/2024
1139,240004549,MK05,Gasal 2023/2024
1140,240006527,MK05,Gasal 2023/2024
1141,240006150,MK09,Gasal 2023/2024
1142,240004799,MK03,Gasal 2023/2024
1143,240000181,MK05,Gasal 2023/2024
1144,240006409,MK02,Gasal 2023/2024
1145,240002323,MK01,Gasal 2023/2024
1146,240001156,MK10,Gasal 2023/2024
1147,240000549,MK01,Gasal 2023/2024
1148,240005532,MK01,Gasal 2023/2024
1149,240002288,MK05,Gasal 2023/2024
1150,240000226,MK06,Gasal 2023/2024
1151,240004282,MK03,Gasal 2023/2024
1152,240006441,MK05,Gasal 2023/2024
1153,240004871,MK03,Gasal 2023/2024
1154,240002563,MK03,Gasal 2023/2024
1155,240003845,MK01,Gasal 2023/2024
1156,240002783,MK04,Gasal 2023/2024
1157,240005954,MK01,Gasal 2023/2024
1158,240000783,MK04,Gasal 2023/2024
1159,240001771,MK06,Gasal 2023/2024
1160,240000295,MK06,Gasal 2023/2024
1161,240001047,MK01,Gasal 2023/2024
1162,240003068,MK03,Gasal 2023/2024
1163,240002802,MK01,Gasal 2023/2024
1164,240001410,MK06,Gasal 2023/2024
1165,240000112,MK08,Gasal 2023/2024
1166,240003674,MK10,Gasal 2023/2024
1167,240003932,MK05,Gasal 2023/2024
1168,240004870,MK02,Gasal 2023/2024
1169,240006340,MK05,Gasal 2023/2024
1170,240004624,MK01,Gasal 2023/2024
1171,240003821,MK04,Gasal 2023/2024
1172,240001419,MK06,Gasal 2023/2024
1173,240002656,MK05,Gasal 2023/2024
1174,240000931,MK02,Gasal 2023/2024
1175,240005816,MK06,Gasal 2023/2024
1176,240005112,MK01,Gasal 2023/2024
1177,240004521,MK02,Gasal 2023/2024
1178,240002321,MK01,Gasal 2023/2024
1179,240000715,MK06,Gasal 2023/2024
1180,240002121,MK01,Gasal 2023/2024
1181,240005569,MK07,Gasal 2023/2024
1182,240004351,MK02,Gasal 2023/2024
1183,240004368,MK02,Gasal 2023/2024
1184,240004016,MK01,Gasal 2023/2024
1185,240001569,MK10,Gasal 2023/2024
1186,240000966,MK07,Gasal 2023/2024
1187,240003686,MK04,Gasal 2023/2024
1188,240001060,MK01,Gasal 2023/2024
1189,240003414,MK05,Gasal 2023/2024
1190,240002414,MK02,Gasal 2023/2024
1191,240004911,MK03,Gasal 2023/2024
1192,240002285,MK06,Gasal 2023/2024
1193,240000248,MK03,Gasal 2023/2024
1194,240000637,MK09,Gasal 2023/2024
1195,240001847,MK04,Gasal 2023/2024
1196,240003073,MK03,Gasal 2023/2024
1197,240002075,MK07,Gasal 2023/2024
1198,240007140,MK04,Gasal 2023/2024
1199,240005275,MK01,Gasal 2023/2024
1200,240002941,MK09,Gasal 2023/2024
1201,240000458,MK09,Gasal 2023/2024
1202,240002392,MK04,Gasal 2023/2024
1203,240002586,MK03,Gasal 2023/2024
1204,240002122,MK06,Gasal 2023/2024
1205,240003936,MK09,Gasal 2023/2024
1206,240002554,MK05,Gasal 2023/2024
1207,240006803,MK04,Gasal 2023/2024
1208,240000572,MK07,Gasal 2023/2024
1209,240001948,MK10,Gasal 2023/2024
1210,240003755,MK02,Gasal 2023/2024
1211,240003840,MK02,Gasal 2023/2024
1212,240000558,MK10,Gasal 2023/2024
1213,240000368,MK10,Gasal 2023/2024
1214,240003484,MK02,Gasal 2023/2024
1215,240005845,MK04,Gasal 2023/2024
1216,240003673,MK01,Gasal 2023/2024
1217,240002047,MK09,Gasal 2023/2024
1218,240005447,MK05,Gasal 2023/2024
1219,240001587,MK03,Gasal 2023/2024
1220,240000790,MK03,Gasal 2023/2024
1221,240002095,MK02,Gasal 2023/2024
1222,240002489,MK02,Gasal 2023/2024
1223,240000631,MK10,Gasal 2023/2024
1224,240005589,MK04,Gasal 2023/2024
1225,240005784,MK03,Gasal 2023/2024
1226,240001148,MK10,Gasal 2023/2024
1227,240007049,MK09,Gasal 2023/2024
1228,240006784,MK09,Gasal 2023/2024
1229,240003439,MK01,Gasal 2023/2024
1230,240003132,MK10,Gasal 2023/2024
1231,240006591,MK08,Gasal 2023/2024
1232,240002929,MK05,Gasal 2023/2024
1233,240000941,MK05,Gasal 2023/2024
1234,240002583,MK05,Gasal 2023/2024
1235,240000225,MK04,Gasal 2023/2024
1236,240007110,MK01,Gasal 2023/2024
1237,240006663,MK07,Gasal 2023/2024
1238,240003466,MK06,Gasal 2023/2024
1239,240005344,MK01,Gasal 2023/2024
1240,240006758,MK10,Gasal 2023/2024
1241,240001160,MK07,Gasal 2023/2024
1242,240001714,MK06,Gasal 2023/2024
1243,240001859,MK07,Gasal 2023/2024
1244,240004697,MK08,Gasal 2023/2024
1245,240007050,MK04,Gasal 2023/2024
1246,240006827,MK04,Gasal 2023/2024
1247,240002695,MK05,Gasal 2023/2024
1248,240004019,MK06,Gasal 2023/2024
1249,240003025,MK02,Gasal 2023/2024
1250,240002461,MK09,Gasal 2023/2024
1251,240001070,MK02,Gasal 2023/2024
1252,240004664,MK10,Gasal 2023/2024
1253,240002331,MK10,Gasal 2023/2024
1254,240004871,MK10,Gasal 2023/2024
1255,240002272,MK02,Gasal 2023/2024
1256,240002542,MK01,Gasal 2023/2024
1257,240001723,MK02,Gasal 2023/2024
1258,240000232,MK05,Gasal 2023/2024
1259,240000160,MK03,Gasal 2023/2024
1260,240000226,MK04,Gasal 2023/2024
1261,240006174,MK01,Gasal 2023/2024
1262,240003956,MK06,Gasal 2023/2024
1263,240001472,MK01,Gasal 2023/2024
1264,240003462,MK06,Gasal 2023/2024
1265,240002892,MK01,Gasal 2023/2024
1266,240004120,MK07,Gasal 2023/2024
1267,240004073,MK01,Gasal 2023/2024
1268,240004960,MK01,Gasal 2023/2024
1269,240002516,MK07,Gasal 2023/2024
1270,240005057,MK05,Gasal 2023/2024
1271,240002568,MK04,Gasal 2023/2024
1272,240001643,MK02,Gasal 2023/2024
1273,240004296,MK09,Gasal 2023/2024
1274,240002172,MK08,Gasal 2023/2024
1275,240005131,MK01,Gasal 2023/2024
1276,240005693,MK02,Gasal 2023/2024
1277,240003829,MK08,Gasal 2023/2024
1278,240002759,MK07,Gasal 2023/2024
1279,240001435,MK07,Gasal 2023/2024
1280,240004784,MK10,Gasal 2023/2024
1281,240005133,MK08,Gasal 2023/2024
1282,240007099,MK10,Gasal 2023/2024
1283,240004394,MK06,Gasal 2023/2024
1284,240002600,MK04,Gasal 2023/2024
1285,240000855,MK08,Gasal 2023/2024
1286,240005016,MK05,Gasal 2023/2024
1287,240000793,MK01,Gasal 2023/2024
1288,240001090,MK06,Gasal 2023/2024
1289,240000096,MK09,Gasal 2023/2024
1290,240005999,MK10,Gasal 2023/2024
1291,240003390,MK07,Gasal 2023/2024
1292,240003730,MK02,Gasal 2023/2024
1293,240006304,MK03,Gasal 2023/2024
1294,240004025,MK08,Gasal 2023/2024
1295,240005784,MK07,Gasal 2023/2024
1296,240000156,MK08,Gasal 2023/2024
1297,240003376,MK05,Gasal 2023/2024
1298,240003713,MK08,Gasal 2023/2024
1299,240002267,MK06,Gasal 2023/2024
1300,240006035,MK08,Gasal 2023/2024
1301,240005680,MK05,Gasal 2023/2024
1302,240006997,MK05,Gasal 2023/2024
1303,240002066,MK02,Gasal 2023/2024
1304,240004143,MK02,Gasal 2023/2024
1305,240004613,MK05,Gasal 2023/2024
1306,240000326,MK02,Gasal 2023/2024
1307,240002105,MK10,Gasal 2023/2024
1308,240001390,MK07,Gasal 2023/2024
1309,240003272,MK09,Gasal 2023/2024
1310,240000639,MK04,Gasal 2023/2024
1311,240001331,MK01,Gasal 2023/2024
1312,240000322,MK08,Gasal 2023/2024
1313,240004368,MK04,Gasal 2023/2024
1314,240000808,MK09,Gasal 2023/2024
1315,240002932,MK04,Gasal 2023/2024
1316,240001995,MK05,Gasal 2023/2024
1317,240003977,MK06,Gasal 2023/2024
1318,240006708,MK05,Gasal 2023/2024
1319,240000089,MK09,Gasal 2023/2024
1320,240000708,MK03,Gasal 2023/2024
1321,240001385,MK02,Gasal 2023/2024
1322,240006919,MK04,Gasal 2023/2024
1323,240002804,MK01,Gasal 2023/2024
1324,240001425,MK03,Gasal 2023/2024
1325,240006550,MK09,Gasal 2023/2024
1326,240003643,MK09,Gasal 2023/2024
1327,240003250,MK07,Gasal 2023/2024
1328,240002132,MK05,Gasal 2023/2024
1329,240002619,MK05,Gasal 2023/2024
1330,240005357,MK05,Gasal 2023/2024
1331,240004163,MK03,Gasal 2023/2024
1332,240006479,MK08,Gasal 2023/2024
1333,240001776,MK06,Gasal 2023/2024
1334,240004893,MK04,Gasal 2023/2024
1335,240003767,MK03,Gasal 2023/2024
1336,240004968,MK08,Gasal 2023/2024
1337,240002967,MK07,Gasal 2023/2024
1338,240005554,MK06,Gasal 2023/2024
1339,240003765,MK06,Gasal 2023/2024
1340,240000216,MK07,Gasal 2023/2024
1341,240000365,MK05,Gasal 2023/2024
1342,240003786,MK06,Gasal 2023/2024
1343,240006573,MK06,Gasal 2023/2024
1344,240002643,MK10,Gasal 2023/2024
1345,240005301,MK01,Gasal 2023/2024
1346,240003062,MK07,Gasal 2023/2024
1347,240004822,MK05,Gasal 2023/2024
1348,240001629,MK08,Gasal 2023/2024
1349,240004421,MK05,Gasal 2023/2024
1350,240003091,MK02,Gasal 2023/2024
1351,240000868,MK10,Gasal 2023/2024
1352,240004469,MK04,Gasal 2023/2024
1353,240004525,MK08,Gasal 2023/2024
1354,240003204,MK01,Gasal 2023/2024
1355,240001109,MK01,Gasal 2023/2024
1356,240007150,MK07,Gasal 2023/2024
1357,240003466,MK03,Gasal 2023/2024
1358,240003865,MK07,Gasal 2023/2024
1359,240001830,MK10,Gasal 2023/2024
1360,240000108,MK08,Gasal 2023/2024
1361,240004027,MK03,Gasal 2023/2024
1362,240004214,MK05,Gasal 2023/2024
1363,240000403,MK09,Gasal 2023/2024
1364,240002283,MK08,Gasal 2023/2024
1365,240003256,MK04,Gasal 2023/2024
1366,240003057,MK09,Gasal 2023/2024
1367,240003044,MK07,Gasal 2023/2024
1368,240002802,MK03,Gasal 2023/2024
1369,240002289,MK05,Gasal 2023/2024
1370,240002601,MK05,Gasal 2023/2024
1371,240003074,MK08,Gasal 2023/2024
1372,240001608,MK01,Gasal 2023/2024
1373,240005373,MK01,Gasal 2023/2024
1374,240002456,MK04,Gasal 2023/2024
1375,240003760,MK01,Gasal 2023/2024
1376,240006631,MK05,Gasal 2023/2024
1377,240001495,MK08,Gasal 2023/2024
1378,240003701,MK02,Gasal 2023/2024
1379,240002600,MK02,Gasal 2023/2024
1380,240001757,MK02,Gasal 2023/2024
1381,240001815,MK03,Gasal 2023/2024
1382,240002259,MK06,Gasal 2023/2024
1383,240003868,MK10,Gasal 2023/2024
1384,240002598,MK08,Gasal 2023/2024
1385,240000163,MK06,Gasal 2023/2024
1386,240003958,MK01,Gasal 2023/2024
1387,240000786,MK06,Gasal 2023/2024
1388,240000648,MK03,Gasal 2023/2024
1389,240000522,MK04,Gasal 2023/2024
1390,240003072,MK08,Gasal 2023/2024
1391,240005258,MK07,Gasal 2023/2024
1392,240001042,MK08,Gasal 2023/2024
1393,240003287,MK08,Gasal 2023/2024
1394,240003885,MK01,Gasal 2023/2024
1395,240003393,MK08,Gasal 2023/2024
1396,240002277,MK06,Gasal 2023/2024
1397,240005906,MK05,Gasal 2023/2024
1398,240001088,MK09,Gasal 2023/2024
1399,240001563,MK01,Gasal 2023/2024
1400,240005290,MK09,Gasal 2023/2024
1401,240001773,MK08,Gasal 2023/2024
1402,240003904,MK08,Gasal 2023/2024
1403,240004176,MK05,Gasal 2023/2024
1404,240001826,MK01,Gasal 2023/2024
1405,240000205,MK08,Gasal 2023/2024
1406,240001136,MK10,Gasal 2023/2024
1407,240001971,MK09,Gasal 2023/2024
1408,240003839,MK07,Gasal 2023/2024
1409,240000931,MK10,Gasal 2023/2024
1410,240001767,MK10,Gasal 2023/2024
1411,240002957,MK05,Gasal 2023/2024
1412,240001884,MK05,Gasal 2023/2024
1413,240000572,MK09,Gasal 2023/2024
1414,240000483,MK09,Gasal 2023/2024
1415,240004778,MK02,Gasal 2023/2024
1416,240000831,MK09,Gasal 2023/2024
1417,240006917,MK07,Gasal 2023/2024
1418,240001542,MK10,Gasal 2023/2024
1419,240005566,MK10,Gasal 2023/2024
1420,240004297,MK04,Gasal 2023/2024
1421,240001923,MK02,Gasal 2023/2024
1422,240004682,MK01,Gasal 2023/2024
1423,240000728,MK09,Gasal 2023/2024
1424,240003379,MK09,Gasal 2023/2024
1425,240003717,MK10,Gasal 2023/2024
1426,240004725,MK02,Gasal 2023/2024
1427,240002957,MK10,Gasal 2023/2024
1428,240002485,MK05,Gasal 2023/2024
1429,240002990,MK05,Gasal 2023/2024
1430,240000235,MK08,Gasal 2023/2024
1431,240000085,MK09,Gasal 2023/2024
1432,240000597,MK06,Gasal 2023/2024
1433,240002384,MK03,Gasal 2023/2024
1434,240003875,MK04,Gasal 2023/2024
1435,240001585,MK03,Gasal 2023/2024
1436,240006487,MK09,Gasal 2023/2024
1437,240002785,MK03,Gasal 2023/2024
1438,240001564,MK02,Gasal 2023/2024
1439,240004519,MK10,Gasal 2023/2024
1440,240002088,MK02,Gasal 2023/2024
1441,240001806,MK03,Gasal 2023/2024
1442,240000444,MK07,Gasal 2023/2024
1443,240000780,MK07,Gasal 2023/2024
1444,240001568,MK08,Gasal 2023/2024
1445,240006079,MK01,Gasal 2023/2024
1446,240003369,MK06,Gasal 2023/2024
1447,240004389,MK08,Gasal 2023/2024
1448,240002705,MK07,Gasal 2023/2024
1449,240006823,MK10,Gasal 2023/2024
1450,240000990,MK10,Gasal 2023/2024
1451,240000108,MK01,Gasal 2023/2024
1452,240004426,MK01,Gasal 2023/2024
1453,240005553,MK04,Gasal 2023/2024
1454,240003155,MK10,Gasal 2023/2024
1455,240000681,MK07,Gasal 2023/2024
1456,240002521,MK02,Gasal 2023/2024
1457,240001123,MK01,Gasal 2023/2024
1458,240004747,MK06,Gasal 2023/2024
1459,240000909,MK04,Gasal 2023/2024
1460,240000216,MK02,Gasal 2023/2024
1461,240003565,MK05,Gasal 2023/2024
1462,240002154,MK05,Gasal 2023/2024
1463,240004304,MK06,Gasal 2023/2024
1464,240001253,MK08,Gasal 2023/2024
1465,240000280,MK03,Gasal 2023/2024
1466,240001203,MK09,Gasal 2023/2024
1467,240000495,MK07,Gasal 2023/2024
1468,240002524,MK03,Gasal 2023/2024
1469,240003740,MK06,Gasal 2023/2024
1470,240006860,MK10,Gasal 2023/2024
1471,240003922,MK10,Gasal 2023/2024
1472,240000191,MK06,Gasal 2023/2024
1473,240001249,MK05,Gasal 2023/2024
1474,240000824,MK08,Gasal 2023/2024
1475,240004188,MK10,Gasal 2023/2024
1476,240002418,MK01,Gasal 2023/2024
1477,240001315,MK09,Gasal 2023/2024
1478,240001393,MK10,Gasal 2023/2024
1479,240003395,MK06,Gasal 2023/2024
1480,240003489,MK10,Gasal 2023/2024
1481,240000383,MK04,Gasal 2023/2024
1482,240003426,MK07,Gasal 2023/2024
1483,240001444,MK06,Gasal 2023/2024
1484,240006780,MK07,Gasal 2023/2024
1485,240002624,MK06,Gasal 2023/2024
1486,240001767,MK09,Gasal 2023/2024
1487,240002183,MK03,Gasal 2023/2024
1488,240002619,MK01,Gasal 2023/2024
1489,240002182,MK06,Gasal 2023/2024
1490,240006516,MK03,Gasal 2023/2024
1491,240006007,MK08,Gasal 2023/2024
1492,240004888,MK08,Gasal 2023/2024
1493,240000216,MK10,Gasal 2023/2024
1494,240000401,MK01,Gasal 2023/2024
1495,240005657,MK07,Gasal 2023/2024
1496,240003256,MK07,Gasal 2023/2024
1497,240004681,MK01,Gasal 2023/2024
1498,240002376,MK08,Gasal 2023/2024
1499,240003811,MK08,Gasal 2023/2024
1500,240003165,MK07,Gasal 2023/2024
1501,240002978,MK02,Gasal 2023/2024
1502,240005499,MK02,Gasal 2023/2024
1503,240005886,MK10,Gasal 2023/2024
1504,240001563,MK03,Gasal 2023/2024
1505,240002666,MK02,Gasal 2023/2024
1506,240000280,MK10,Gasal 2023/2024
1507,240001101,MK07,Gasal 2023/2024
1508,240004432,MK03,Gasal 2023/2024
1509,240003849,MK02,Gasal 2023/2024
1510,240003317,MK07,Gasal 2023/2024
1511,240001771,MK06,Gasal 2023/2024
1512,240003699,MK09,Gasal 2023/2024
1513,240007096,MK06,Gasal 2023/2024
1514,240005353,MK02,Gasal 2023/2024
1515,240005648,MK03,Gasal 2023/2024
1516,240002667,MK09,Gasal 2023/2024
1517,240002768,MK05,Gasal 2023/2024
1518,240002978,MK01,Gasal 2023/2024
1519,240002430,MK05,Gasal 2023/2024
1520,240002320,MK08,Gasal 2023/2024
1521,240006969,MK07,Gasal 2023/2024
1522,240001896,MK08,Gasal 2023/2024
1523,240001690,MK03,Gasal 2023/2024
1524,240002330,MK01,Gasal 2023/2024
1525,240003464,MK09,Gasal 2023/2024
1526,240001660,MK07,Gasal 2023/2024
1527,240003088,MK04,Gasal 2023/2024
1528,240002610,MK06,Gasal 2023/2024
1529,240001075,MK05,Gasal 2023/2024
1530,240004783,MK08,Gasal 2023/2024
1531,240003941,MK06,Gasal 2023/2024
1532,240001070,MK08,Gasal 2023/2024
1533,240002435,MK01,Gasal 2023/2024
1534,240002734,MK04,Gasal 2023/2024
1535,240004813,MK09,Gasal 2023/2024
1536,240005697,MK08,Gasal 2023/2024
1537,240003871,MK09,Gasal 2023/2024
1538,240001299,MK05,Gasal 2023/2024
1539,240000831,MK07,Gasal 2023/2024
1540,240006676,MK08,Gasal 2023/2024
1541,240004724,MK03,Gasal 2023/2024
1542,240001332,MK04,Gasal 2023/2024
1543,240003387,MK06,Gasal 2023/2024
1544,240000579,MK05,Gasal 2023/2024
1545,240001194,MK08,Gasal 2023/2024
1546,240000793,MK04,Gasal 2023/2024
1547,240001899,MK01,Gasal 2023/2024
1548,240002931,MK05,Gasal 2023/2024
1549,240001637,MK03,Gasal 2023/2024
1550,240000493,MK03,Gasal 2023/2024
1551,240000284,MK02,Gasal 2023/2024
1552,240001878,MK05,Gasal 2023/2024
1553,240006323,MK05,Gasal 2023/2024
1554,240006339,MK08,Gasal 2023/2024
1555,240003556,MK02,Gasal 2023/2024
1556,240002305,MK06,Gasal 2023/2024
1557,240004820,MK04,Gasal 2023/2024
1558,240000628,MK02,Gasal 2023/2024
1559,240001594,MK10,Gasal 2023/2024
1560,240000708,MK05,Gasal 2023/2024
1561,240007161,MK01,Gasal 2023/2024
1562,240000280,MK06,Gasal 2023/2024
1563,240002453,MK01,Gasal 2023/2024
1564,240004015,MK01,Gasal 2023/2024
1565,240002324,MK08,Gasal 2023/2024
1566,240003859,MK02,Gasal 2023/2024
1567,240006761,MK02,Gasal 2023/2024
1568,240002789,MK09,Gasal 2023/2024
1569,240004302,MK01,Gasal 2023/2024
1570,240001338,MK09,Gasal 2023/2024
1571,240003551,MK01,Gasal 2023/2024
1572,240001591,MK04,Gasal 2023/2024
1573,240003700,MK08,Gasal 2023/2024
1574,240006956,MK10,Gasal 2023/2024
1575,240000418,MK01,Gasal 2023/2024
1576,240004799,MK03,Gasal 2023/2024
1577,240006366,MK02,Gasal 2023/2024
1578,240001940,MK03,Gasal 2023/2024
1579,240004058,MK09,Gasal 2023/2024
1580,240000456,MK08,Gasal 2023/2024
1581,240006703,MK01,Gasal 2023/2024
1582,240001277,MK04,Gasal 2023/2024
1583,240005331,MK02,Gasal 2023/2024
1584,240005533,MK06,Gasal 2023/2024
1585,240001123,MK09,Gasal 2023/2024
1586,240004016,MK07,Gasal 2023/2024
1587,240003840,MK08,Gasal 2023/2024
1588,240002463,MK07,Gasal 2023/2024
1589,240004452,MK02,Gasal 2023/2024
1590,240001263,MK01,Gasal 2023/2024
1591,240006460,MK02,Gasal 2023/2024
1592,240000208,MK07,Gasal 2023/2024
1593,240006126,MK05,Gasal 2023/2024
1594,240002449,MK09,Gasal 2023/2024
1595,240000133,MK01,Gasal 2023/2024
1596,240004766,MK05,Gasal 2023/2024
1597,240003799,MK07,Gasal 2023/2024
1598,240001725,MK08,Gasal 2023/2024
1599,240005338,MK06,Gasal 2023/2024
1600,240000221,MK01,Gasal 2023/2024
1601,240001611,MK03,Gasal 2023/2024
1602,240000734,MK08,Gasal 2023/2024
1603,240004065,MK01,Gasal 2023/2024
1604,240000790,MK10,Gasal 2023/2024
1605,240003817,MK09,Gasal 2023/2024
1606,240000930,MK09,Gasal 2023/2024
1607,240005219,MK02,Gasal 2023/2024
1608,240002477,MK02,Gasal 2023/2024
1609,240004714,MK08,Gasal 2023/2024
1610,240003215,MK08,Gasal 2023/2024
1611,240003979,MK08,Gasal 2023/2024
1612,240005284,MK01,Gasal 2023/2024
1613,240001542,MK03,Gasal 2023/2024
1614,240000673,MK08,Gasal 2023/2024
1615,240003589,MK06,Gasal 2023/2024
1616,240004779,MK09,Gasal 2023/2024
1617,240003590,MK02,Gasal 2023/2024
1618,240000913,MK09,Gasal 2023/2024
1619,240004814,MK08,Gasal 2023/2024
1620,240002166,MK06,Gasal 2023/2024
1621,240006179,MK01,Gasal 2023/2024
1622,240004885,MK10,Gasal 2023/2024
1623,240007245,MK01,Gasal 2023/2024
1624,240003953,MK10,Gasal 2023/2024
1625,240005912,MK04,Gasal 2023/2024
1626,240002574,MK05,Gasal 2023/2024
1627,240005283,MK04,Gasal 2023/2024
1628,240000698,MK09,Gasal 2023/2024
1629,240003490,MK02,Gasal 2023/2024
1630,240004909,MK06,Gasal 2023/2024
1631,240000455,MK06,Gasal 2023/2024
1632,240003532,MK01,Gasal 2023/2024
1633,240004449,MK04,Gasal 2023/2024
1634,240004477,MK03,Gasal 2023/2024
1635,240000655,MK10,Gasal 2023/2024
1636,240004005,MK10,Gasal 2023/2024
1637,240004368,MK01,Gasal 2023/2024
1638,240003905,MK07,Gasal 2023/2024
1639,240005608,MK10,Gasal 2023/2024
1640,240001529,MK07,Gasal 2023/2024
1641,240004997,MK10,Gasal 2023/2024
1642,240003844,MK07,Gasal 2023/2024
1643,240001926,MK03,Gasal 2023/2024
1644,240006168,MK09,Gasal 2023/2024
1645,240001213,MK07,Gasal 2023/2024
1646,240000002,MK09,Gasal 2023/2024
1647,240006015,MK05,Gasal 2023/2024
1648,240001894,MK04,Gasal 2023/2024
1649,240004515,MK06,Gasal 2023/2024
1650,240003726,MK10,Gasal 2023/2024
1651,240005902,MK01,Gasal 2023/2024
1652,240000288,MK05,Gasal 2023/2024
1653,240001249,MK07,Gasal 2023/2024
1654,240001205,MK03,Gasal 2023/2024
1655,240002474,MK07,Gasal 2023/2024
1656,240001873,MK07,Gasal 2023/2024
1657,240001464,MK08,Gasal 2023/2024
1658,240002967,MK03,Gasal 2023/2024
1659,240003490,MK03,Gasal 2023/2024
1660,240000805,MK10,Gasal 2023/2024
1661,240001555,MK10,Gasal 2023/2024
1662,240003337,MK08,Gasal 2023/2024
1663,240007115,MK06,Gasal 2023/2024
1664,240005508,MK03,Gasal 2023/2024
1665,240005407,MK07,Gasal 2023/2024
1666,240003791,MK01,Gasal 2023/2024
1667,240005207,MK03,Gasal 2023/2024
1668,240000174,MK04,Gasal 2023/2024
1669,240004334,MK01,Gasal 2023/2024
1670,240002304,MK09,Gasal 2023/2024
1671,240003655,MK01,Gasal 2023/2024
1672,240001289,MK02,Gasal 2023/2024
1673,240003842,MK09,Gasal 2023/2024
1674,240005882,MK06,Gasal 2023/2024
1675,240002850,MK07,Gasal 2023/2024
1676,240000976,MK09,Gasal 2023/2024
1677,240006314,MK08,Gasal 2023/2024
1678,240003707,MK10,Gasal 2023/2024
1679,240002470,MK07,Gasal 2023/2024
1680,240002762,MK01,Gasal 2023/2024
1681,240002366,MK09,Gasal 2023/2024
1682,240001454,MK08,Gasal 2023/2024
1683,240000485,MK03,Gasal 2023/2024
1684,240001629,MK07,Gasal 2023/2024
1685,240001568,MK07,Gasal 2023/2024
1686,240001266,MK04,Gasal 2023/2024
1687,240003293,MK04,Gasal 2023/2024
1688,240003362,MK10,Gasal 2023/2024
1689,240000411,MK06,Gasal 2023/2024
1690,240006208,MK03,Gasal 2023/2024
1691,240004498,MK05,Gasal 2023/2024
1692,240004989,MK04,Gasal 2023/2024
1693,240001564,MK03,Gasal 2023/2024
1694,240004334,MK05,Gasal 2023/2024
1695,240000553,MK08,Gasal 2023/2024
1696,240006167,MK01,Gasal 2023/2024
1697,240002855,MK08,Gasal 2023/2024
1698,240001849,MK06,Gasal 2023/2024
1699,240003577,MK05,Gasal 2023/2024
1700,240006301,MK06,Gasal 2023/2024
1701,240000395,MK08,Gasal 2023/2024
1702,240002965,MK05,Gasal 2023/2024
1703,240001510,MK08,Gasal 2023/2024
1704,240005370,MK04,Gasal 2023/2024
1705,240004845,MK02,Gasal 2023/2024
1706,240000070,MK03,Gasal 2023/2024
1707,240004330,MK06,Gasal 2023/2024
1708,240005488,MK07,Gasal 2023/2024
1709,240004511,MK04,Gasal 2023/2024
1710,240003376,MK01,Gasal 2023/2024
1711,240006548,MK09,Gasal 2023/2024
1712,240000062,MK10,Gasal 2023/2024
1713,240006287,MK01,Gasal 2023/2024
1714,240000276,MK08,Gasal 2023/2024
1715,240000612,MK06,Gasal 2023/2024
1716,240004214,MK06,Gasal 2023/2024
1717,240004642,MK06,Gasal 2023/2024
1718,240000624,MK04,Gasal 2023/2024
1719,240003602,MK07,Gasal 2023/2024
1720,240002193,MK08,Gasal 2023/2024
1721,240004091,MK10,Gasal 2023/2024
1722,240003645,MK01,Gasal 2023/2024
1723,240004521,MK07,Gasal 2023/2024
1724,240004744,MK01,Gasal 2023/2024
1725,240001927,MK06,Gasal 2023/2024
1726,240000273,MK05,Gasal 2023/2024
1727,240005506,MK04,Gasal 2023/2024
1728,240004079,MK04,Gasal 2023/2024
1729,240002586,MK06,Gasal 2023/2024
1730,240006787,MK10,Gasal 2023/2024
1731,240001393,MK03,Gasal 2023/2024
1732,240002316,MK09,Gasal 2023/2024
1733,240005133,MK06,Gasal 2023/2024
1734,240004418,MK03,Gasal 2023/2024
1735,240007092,MK02,Gasal 2023/2024
1736,240000863,MK01,Gasal 2023/2024
1737,240005648,MK05,Gasal 2023/2024
1738,240007105,MK03,Gasal 2023/2024
1739,240001856,MK04,Gasal 2023/2024
1740,240006706,MK04,Gasal 2023/2024
1741,240006813,MK06,Gasal 2023/2024
1742,240003181,MK10,Gasal 2023/2024
1743,240002122,MK05,Gasal 2023/2024
1744,240004527,MK06,Gasal 2023/2024
1745,240001078,MK08,Gasal 2023/2024
1746,240002869,MK08,Gasal 2023/2024
1747,240002333,MK06,Gasal 2023/2024
1748,240002334,MK06,Gasal 2023/2024
1749,240003782,MK03,Gasal 2023/2024
1750,240003655,MK10,Gasal 2023/2024
1751,240000096,MK09,Gasal 2023/2024
1752,240000761,MK10,Gasal 2023/2024
1753,240001864,MK02,Gasal 2023/2024
1754,240003220,MK01,Gasal 2023/2024
1755,240000460,MK08,Gasal 2023/2024
1756,240003681,MK09,Gasal 2023/2024
1757,240002105,MK04,Gasal 2023/2024
1758,240004159,MK03,Gasal 2023/2024
1759,240005507,MK02,Gasal 2023/2024
1760,240002986,MK05,Gasal 2023/2024
1761,240002905,MK07,Gasal 2023/2024
1762,240001433,MK02,Gasal 2023/2024
1763,240004276,MK02,Gasal 2023/2024
1764,240006075,MK02,Gasal 2023/2024
1765,240000644,MK02,Gasal 2023/2024
1766,240004820,MK05,Gasal 2023/2024
1767,240005194,MK02,Gasal 2023/2024
1768,240002923,MK04,Gasal 2023/2024
1769,240000807,MK07,Gasal 2023/2024
1770,240003533,MK06,Gasal 2023/2024
1771,240002000,MK05,Gasal 2023/2024
1772,240005267,MK09,Gasal 2023/2024
1773,240004437,MK10,Gasal 2023/2024
1774,240001606,MK10,Gasal 2023/2024
1775,240001080,MK05,Gasal 2023/2024
1776,240002374,MK02,Gasal 2023/2024
1777,240004685,MK03,Gasal 2023/2024
1778,240000140,MK03,Gasal 2023/2024
1779,240003145,MK03,Gasal 2023/2024
1780,240004634,MK02,Gasal 2023/2024
1781,240000365,MK06,Gasal 2023/2024
1782,240001555,MK02,Gasal 2023/2024
1783,240001555,MK03,Gasal 2023/2024
1784,240004949,MK07,Gasal 2023/2024
1785,240004381,MK04,Gasal 2023/2024
1786,240001476,MK01,Gasal 2023/2024
1787,240005889,MK09,Gasal 2023/2024
1788,240001128,MK10,Gasal 2023/2024
1789,240005804,MK08,Gasal 2023/2024
1790,240002652,MK08,Gasal 2023/2024
1791,240000460,MK09,Gasal 2023/2024
1792,240000598,MK10,Gasal 2023/2024
1793,240004519,MK10,Gasal 2023/2024
1794,240001606,MK10,Gasal 2023/2024
1795,240005684,MK06,Gasal 2023/2024
1796,240000290,MK10,Gasal 2023/2024
1797,240006697,MK02,Gasal 2023/2024
1798,240007040,MK07,Gasal 2023/2024
1799,240004279,MK10,Gasal 2023/2024
1800,240004346,MK08,Gasal 2023/2024
1801,240003016,MK05,Gasal 2023/2024
1802,240006472,MK04,Gasal 2023/2024
1803,240005057,MK02,Gasal 2023/2024
1804,240001231,MK09,Gasal 2023/2024
1805,240005097,MK05,Gasal 2023/2024
1806,240000766,MK02,Gasal 2023/2024
1807,240004421,MK06,Gasal 2023/2024
1808,240001493,MK08,Gasal 2023/2024
1809,240002219,MK04,Gasal 2023/2024
1810,240002344,MK09,Gasal 2023/2024
1811,240003999,MK07,Gasal 2023/2024
1812,240003305,MK01,Gasal 2023/2024
1813,240005667,MK03,Gasal 2023/2024
1814,240000073,MK01,Gasal 2023/2024
1815,240000795,MK09,Gasal 2023/2024
1816,240002060,MK04,Gasal 2023/2024
1817,240003510,MK08,Gasal 2023/2024
1818,240004180,MK06,Gasal 2023/2024
1819,240000336,MK03,Gasal 2023/2024
1820,240003239,MK04,Gasal 2023/2024
1821,240002623,MK06,Gasal 2023/2024
1822,240005869,MK09,Gasal 2023/2024
1823,240001042,MK09,Gasal 2023/2024
1824,240002710,MK10,Gasal 2023/2024
1825,240001897,MK04,Gasal 2023/2024
1826,240006998,MK06,Gasal 2023/2024
1827,240004445,MK06,Gasal 2023/2024
1828,240005538,MK04,Gasal 2023/2024
1829,240003393,MK07,Gasal 2023/2024
1830,240001497,MK10,Gasal 2023/2024
1831,240001462,MK03,Gasal 2023/2024
1832,240004752,MK03,Gasal 2023/2024
1833,240003999,MK03,Gasal 2023/2024
1834,240004648,MK03,Gasal 2023/2024
1835,240004502,MK04,Gasal 2023/2024
1836,240001249,MK10,Gasal 2023/2024
1837,240003453,MK07,Gasal 2023/2024
1838,240005833,MK06,Gasal 2023/2024
1839,240004000,MK09,Gasal 2023/2024
1840,240006292,MK03,Gasal 2023/2024
1841,240000146,MK02,Gasal 2023/2024
1842,240001671,MK01,Gasal 2023/2024
1843,240000037,MK04,Gasal 2023/2024
1844,240001927,MK10,Gasal 2023/2024
1845,240005270,MK05,Gasal 2023/2024
1846,240004887,MK07,Gasal 2023/2024
1847,240004599,MK03,Gasal 2023/2024
1848,240005683,MK05,Gasal 2023/2024
1849,240000608,MK06,Gasal 2023/2024
1850,240002540,MK01,Gasal 2023/2024
1851,240004434,MK06,Gasal 2023/2024
1852,240004228,MK03,Gasal 2023/2024
1853,240002953,MK04,Gasal 2023/2024
1854,240007133,MK09,Gasal 2023/2024
1855,240006121,MK07,Gasal 2023/2024
1856,240006389,MK07,Gasal 2023/2024
1857,240006047,MK09,Gasal 2023/2024
1858,240002923,MK04,Gasal 2023/2024
1859,240003920,MK05,Gasal 2023/2024
1860,240000593,MK04,Gasal 2023/2024
1861,240004781,MK05,Gasal 2023/2024
1862,240007148,MK03,Gasal 2023/2024
1863,240004672,MK08,Gasal 2023/2024
1864,240001566,MK10,Gasal 2023/2024
1865,240003755,MK01,Gasal 2023/2024
1866,240001985,MK09,Gasal 2023/2024
1867,240001822,MK10,Gasal 2023/2024
1868,240000482,MK09,Gasal 2023/2024
1869,240007077,MK02,Gasal 2023/2024
1870,240002185,MK03,Gasal 2023/2024
1871,240002112,MK04,Gasal 2023/2024
1872,240004653,MK03,Gasal 2023/2024
1873,240006192,MK07,Gasal 2023/2024
1874,240003353,MK05,Gasal 2023/2024
1875,240007133,MK06,Gasal 2023/2024
1876,240004505,MK03,Gasal 2023/2024
1877,240003718,MK01,Gasal 2023/2024
1878,240006745,MK08,Gasal 2023/2024
1879,240001752,MK10,Gasal 2023/2024
1880,240001657,MK05,Gasal 2023/2024
1881,240004744,MK10,Gasal 2023/2024
1882,240000401,MK08,Gasal 2023/2024
1883,240003363,MK07,Gasal 2023/2024
1884,240002702,MK01,Gasal 2023/2024
1885,240002495,MK04,Gasal 2023/2024
1886,240000591,MK02,Gasal 2023/2024
1887,240002324,MK02,Gasal 2023/2024
1888,240002323,MK08,Gasal 2023/2024
1889,240007068,MK04,Gasal 2023/2024
1890,240006697,MK02,Gasal 2023/2024
1891,240002740,MK01,Gasal 2023/2024
1892,240002007,MK08,Gasal 2023/2024
1893,240003081,MK10,Gasal 2023/2024
1894,240001316,MK03,Gasal 2023/2024
1895,240004119,MK10,Gasal 2023/2024
1896,240005067,MK09,Gasal 2023/2024
1897,240005454,MK08,Gasal 2023/2024
1898,240000614,MK03,Gasal 2023/2024
1899,240004664,MK06,Gasal 2023/2024
1900,240003461,MK03,Gasal 2023/2024
1901,240000210,MK01,Gasal 2023/2024
1902,240000101,MK04,Gasal 2023/2024
1903,240003278,MK09,Gasal 2023/2024
1904,240001159,MK04,Gasal 2023/2024
1905,240003393,MK02,Gasal 2023/2024
1906,240004057,MK09,Gasal 2023/2024
1907,240001721,MK08,Gasal 2023/2024
1908,240000715,MK10,Gasal 2023/2024
1909,240000075,MK01,Gasal 2023/2024
1910,240004299,MK06,Gasal 2023/2024
1911,240003858,MK09,Gasal 2023/2024
1912,240006855,MK01,Gasal 2023/2024
1913,240000859,MK05,Gasal 2023/2024
1914,240002695,MK08,Gasal 2023/2024
1915,240006446,MK01,Gasal 2023/2024
1916,240000016,MK01,Gasal 2023/2024
1917,240004975,MK03,Gasal 2023/2024
1918,240005229,MK04,Gasal 2023/2024
1919,240002106,MK03,Gasal 2023/2024
1920,240004287,MK08,Gasal 2023/2024
1921,240002965,MK08,Gasal 2023/2024
1922,240001888,MK03,Gasal 2023/2024
1923,240001606,MK07,Gasal 2023/2024
1924,240000524,MK07,Gasal 2023/2024
1925,240005495,MK07,Gasal 2023/2024
1926,240006756,MK03,Gasal 2023/2024
1927,240003551,MK08,Gasal 2023/2024
1928,240004474,MK10,Gasal 2023/2024
1929,240003611,MK04,Gasal 2023/2024
1930,240003282,MK07,Gasal 2023/2024
1931,240003651,MK01,Gasal 2023/2024
1932,240002117,MK05,Gasal 2023/2024
1933,240003813,MK09,Gasal 2023/2024
1934,240000236,MK02,Gasal 2023/2024
1935,240002298,MK08,Gasal 2023/2024
1936,240003573,MK01,Gasal 2023/2024
1937,240000648,MK10,Gasal 2023/2024
1938,240003869,MK07,Gasal 2023/2024
1939,240003827,MK09,Gasal 2023/2024
1940,240001918,MK08,Gasal 2023/2024
1941,240001033,MK01,Gasal 2023/2024
1942,240003312,MK01,Gasal 2023/2024
1943,240000909,MK04,Gasal 2023/2024
1944,240002534,MK01,Gasal 2023/2024
1945,240001444,MK06,Gasal 2023/2024
1946,240004292,MK01,Gasal 2023/2024
1947,240006996,MK04,Gasal 2023/2024
1948,240003286,MK02,Gasal 2023/2024
1949,240002041,MK05,Gasal 2023/2024
1950,240000803,MK09,Gasal 2023/2024
1951,240005618,MK09,Gasal 2023/2024
1952,240001096,MK07,Gasal 2023/2024
1953,240002125,MK05,Gasal 2023/2024
1954,240004830,MK08,Gasal 2023/2024
1955,240003897,MK02,Gasal 2023/2024
1956,240004223,MK06,Gasal 2023/2024
1957,240003396,MK06,Gasal 2023/2024
1958,240001232,MK10,Gasal 2023/2024
1959,240000176,MK02,Gasal 2023/2024
1960,240000058,MK02,Gasal 2023/2024
1961,240006386,MK04,Gasal 2023/2024
1962,240004806,MK01,Gasal 2023/2024
1963,240001188,MK09,Gasal 2023/2024
1964,240003163,MK08,Gasal 2023/2024
1965,240001232,MK02,Gasal 2023/2024
1966,240006970,MK09,Gasal 2023/2024
1967,240000190,MK05,Gasal 2023/2024
1968,240004410,MK03,Gasal 2023/2024
1969,240004333,MK09,Gasal 2023/2024
1970,240002434,MK03,Gasal 2023/2024
1971,240007239,MK10,Gasal 2023/2024
1972,240004852,MK10,Gasal 2023/2024
1973,240003204,MK04,Gasal 2023/2024
1974,240005626,MK04,Gasal 2023/2024
1975,240003855,MK05,Gasal 2023/2024
1976,240000856,MK05,Gasal 2023/2024
1977,240003197,MK06,Gasal 2023/2024
1978,240006619,MK03,Gasal 2023/2024
1979,240004587,MK04,Gasal 2023/2024
1980,240003534,MK09,Gasal 2023/2024
1981,240006729,MK05,Gasal 2023/2024
1982,240000724,MK08,Gasal 2023/2024
1983,240000967,MK02,Gasal 2023/2024
1984,240004885,MK01,Gasal 2023/2024
1985,240007133,MK06,Gasal 2023/2024
1986,240002145,MK04,Gasal 2023/2024
1987,240001124,MK04,Gasal 2023/2024
1988,240002885,MK07,Gasal 2023/2024
1989,240004838,MK04,Gasal 2023/2024
1990,240000326,MK05,Gasal 2023/2024
1991,240001341,MK10,Gasal 2023/2024
1992,240001812,MK07,Gasal 2023/2024
1993,240002963,MK01,Gasal 2023/2024
1994,240006933,MK10,Gasal 2023/2024
1995,240000175,MK10,Gasal 2023/2024
1996,240003973,MK06,Gasal 2023/2024
1997,240004121,MK06,Gasal 2023/2024
1998,240000809,MK10,Gasal 2023/2024
1999,240000708,MK07,Gasal 2023/2024
2000,240004711,MK03,Gasal 2023/2024
2001,240003174,MK04,Gasal 2023/2024
2002,240000591,MK05,Gasal 2023/2024
2003,240003577,MK09,Gasal 2023/2024
2004,240002913,MK07,Gasal 2023/2024
2005,240000575,MK06,Gasal 2023/2024
2006,240003870,MK07,Gasal 2023/2024
2007,240002391,MK09,Gasal 2023/2024
2008,240001676,MK01,Gasal 2023/2024
2009,240000157,MK09,Gasal 2023/2024
2010,240002647,MK10,Gasal 2023/2024
2011,240005424,MK06,Gasal 2023/2024
2012,240003038,MK06,Gasal 2023/2024
2013,240004846,MK06,Gasal 2023/2024
2014,240001232,MK10,Gasal 2023/2024
2015,240006552,MK01,Gasal 2023/2024
2016,240003510,MK04,Gasal 2023/2024
2017,240001637,MK06,Gasal 2023/2024
2018,240002321,MK09,Gasal 2023/2024
2019,240005483,MK07,Gasal 2023/2024
2020,240001220,MK10,Gasal 2023/2024
2021,240005012,MK09,Gasal 2023/2024
2022,240000575,MK07,Gasal 2023/2024
2023,240007000,MK10,Gasal 2023/2024
2024,240003607,MK02,Gasal 2023/2024
2025,240002692,MK04,Gasal 2023/2024
2026,240003282,MK07,Gasal 2023/2024
2027,240000347,MK02,Gasal 2023/2024
2028,240001838,MK09,Gasal 2023/2024
2029,240001222,MK06,Gasal 2023/2024
2030,240003711,MK08,Gasal 2023/2024
2031,240001005,MK04,Gasal 2023/2024
2032,240002406,MK02,Gasal 2023/2024
2033,240003813,MK06,Gasal 2023/2024
2034,240003455,MK09,Gasal 2023/2024
2035,240003510,MK03,Gasal 2023/2024
2036,240002308,MK01,Gasal 2023/2024
2037,240004247,MK02,Gasal 2023/2024
2038,240000831,MK05,Gasal 2023/2024
2039,240000455,MK08,Gasal 2023/2024
2040,240002953,MK03,Gasal 2023/2024
2041,240004527,MK05,Gasal 2023/2024
2042,240002039,MK04,Gasal 2023/2024
2043,240000489,MK02,Gasal 2023/2024
2044,240006661,MK09,Gasal 2023/2024
2045,240002093,MK08,Gasal 2023/2024
2046,240001809,MK09,Gasal 2023/2024
2047,240005815,MK06,Gasal 2023/2024
2048,240004005,MK10,Gasal 2023/2024
2049,240000593,MK06,Gasal 2023/2024
2050,240001089,MK01,Gasal 2023/2024
2051,240002837,MK03,Gasal 2023/2024
2052,240000909,MK05,Gasal 2023/2024
2053,240004560,MK05,Gasal 2023/2024
2054,240004440,MK01,Gasal 2023/2024
2055,240000084,MK05,Gasal 2023/2024
2056,240002220,MK04,Gasal 2023/2024
2057,240005693,MK02,Gasal 2023/2024
2058,240002264,MK09,Gasal 2023/2024
2059,240003765,MK08,Gasal 2023/2024
2060,240001125,MK02,Gasal 2023/2024
2061,240004631,MK01,Gasal 2023/2024
2062,240001360,MK01,Gasal 2023/2024
2063,240003686,MK01,Gasal 2023/2024
2064,240000313,MK02,Gasal 2023/2024
2065,240003350,MK04,Gasal 2023/2024
2066,240002729,MK02,Gasal 2023/2024
2067,240001588,MK04,Gasal 2023/2024
2068,240006854,MK04,Gasal 2023/2024
2069,240004236,MK10,Gasal 2023/2024
2070,240000766,MK08,Gasal 2023/2024
2071,240001509,MK01,Gasal 2023/2024
2072,240002308,MK03,Gasal 2023/2024
2073,240004627,MK09,Gasal 2023/2024
2074,240004345,MK06,Gasal 2023/2024
2075,240007106,MK10,Gasal 2023/2024
2076,240004297,MK01,Gasal 2023/2024
2077,240006207,MK10,Gasal 2023/2024
2078,240002433,MK01,Gasal 2023/2024
2079,240000885,MK05,Gasal 2023/2024
2080,240002965,MK10,Gasal 2023/2024
2081,240005939,MK07,Gasal 2023/2024
2082,240003286,MK09,Gasal 2023/2024
2083,240000212,MK01,Gasal 2023/2024
2084,240000072,MK10,Gasal 2023/2024
2085,240006088,MK03,Gasal 2023/2024
2086,240003361,MK04,Gasal 2023/2024
2087,240001721,MK04,Gasal 2023/2024
2088,240003161,MK04,Gasal 2023/2024
2089,240001156,MK05,Gasal 2023/2024
2090,240000367,MK05,Gasal 2023/2024
2091,240005199,MK09,Gasal 2023/2024
2092,240003610,MK06,Gasal 2023/2024
2093,240002312,MK05,Gasal 2023/2024
2094,240004348,MK04,Gasal 2023/2024
2095,240002847,MK07,Gasal 2023/2024
2096,240000367,MK05,Gasal 2023/2024
2097,240003638,MK07,Gasal 2023/2024
2098,240006203,MK08,Gasal 2023/2024
2099,240002929,MK10,Gasal 2023/2024
2100,240005114,MK02,Gasal 2023/2024
2101,240000983,MK10,Gasal 2023/2024
2102,240003936,MK02,Gasal 2023/2024
2103,240004346,MK06,Gasal 2023/2024
2104,240005568,MK04,Gasal 2023/2024
2105,240003314,MK02,Gasal 2023/2024
2106,240001782,MK06,Gasal 2023/2024
2107,240004091,MK03,Gasal 2023/2024
2108,240005924,MK03,Gasal 2023/2024
2109,240002808,MK01,Gasal 2023/2024
2110,240005151,MK10,Gasal 2023/2024
2111,240000299,MK10,Gasal 2023/2024
2112,240003818,MK05,Gasal 2023/2024
2113,240004394,MK05,Gasal 2023/2024
2114,240004510,MK08,Gasal 2023/2024
2115,240001603,MK06,Gasal 2023/2024
2116,240005844,MK04,Gasal 2023/2024
2117,240002887,MK03,Gasal 2023/2024
2118,240003956,MK06,Gasal 2023/2024
2119,240000203,MK02,Gasal 2023/2024
2120,240000787,MK02,Gasal 2023/2024
2121,240003940,MK04,Gasal 2023/2024
2122,240000166,MK04,Gasal 2023/2024
2123,240003871,MK10,Gasal 2023/2024
2124,240003772,MK09,Gasal 2023/2024
2125,240006549,MK01,Gasal 2023/2024
2126,240006605,MK04,Gasal 2023/2024
2127,240006212,MK06,Gasal 2023/2024
2128,240000753,MK06,Gasal 2023/2024
2129,240001887,MK07,Gasal 2023/2024
2130,240003197,MK03,Gasal 2023/2024
2131,240004685,MK06,Gasal 2023/2024
2132,240001105,MK07,Gasal 2023/2024
2133,240005589,MK02,Gasal 2023/2024
2134,240000064,MK05,Gasal 2023/2024
2135,240003095,MK10,Gasal 2023/2024
2136,240004146,MK04,Gasal 2023/2024
2137,240002105,MK07,Gasal 2023/2024
2138,240004933,MK02,Gasal 2023/2024
2139,240002732,MK07,Gasal 2023/2024
2140,240005382,MK05,Gasal 2023/2024
2141,240001480,MK01,Gasal 2023/2024
2142,240000567,MK07,Gasal 2023/2024
2143,240001100,MK09,Gasal 2023/2024
2144,240001556,MK10,Gasal 2023/2024
2145,240006819,MK03,Gasal 2023/2024
2146,240002412,MK08,Gasal 2023/2024
2147,240001504,MK10,Gasal 2023/2024
2148,240001041,MK02,Gasal 2023/2024
2149,240004331,MK04,Gasal 2023/2024
2150,240000640,MK08,Gasal 2023/2024
2151,240005592,MK07,Gasal 2023/2024
2152,240007215,MK01,Gasal 2023/2024
2153,240007000,MK09,Gasal 2023/2024
2154,240000730,MK04,Gasal 2023/2024
2155,240001041,MK01,Gasal 2023/2024
2156,240005926,MK01,Gasal 2023/2024
2157,240006524,MK03,Gasal 2023/2024
2158,240003246,MK01,Gasal 2023/2024
2159,240002385,MK07,Gasal 2023/2024
2160,240001572,MK07,Gasal 2023/2024
2161,240000794,MK08,Gasal 2023/2024
2162,240003961,MK07,Gasal 2023/2024
2163,240005201,MK05,Gasal 2023/2024
2164,240005011,MK05,Gasal 2023/2024
2165,240001576,MK06,Gasal 2023/2024
2166,240005131,MK02,Gasal 2023/2024
2167,240001925,MK08,Gasal 2023/2024
2168,240000232,MK10,Gasal 2023/2024
2169,240002008,MK05,Gasal 2023/2024
2170,240000126,MK04,Gasal 2023/2024
2171,240003410,MK04,Gasal 2023/2024
2172,240005220,MK08,Gasal 2023/2024
2173,240005889,MK08,Gasal 2023/2024
2174,240004867,MK05,Gasal 2023/2024
2175,240005004,MK05,Gasal 2023/2024
2176,240002008,MK02,Gasal 2023/2024
2177,240002075,MK10,Gasal 2023/2024
2178,240000428,MK08,Gasal 2023/2024
2179,240004058,MK09,Gasal 2023/2024
2180,240001804,MK06,Gasal 2023/2024
2181,240003808,MK04,Gasal 2023/2024
2182,240006411,MK05,Gasal 2023/2024
2183,240003200,MK02,Gasal 2023/2024
2184,240001830,MK09,Gasal 2023/2024
2185,240000162,MK07,Gasal 2023/2024
2186,240005121,MK08,Gasal 2023/2024
2187,240002695,MK01,Gasal 2023/2024
2188,240004683,MK05,Gasal 2023/2024
2189,240005748,MK02,Gasal 2023/2024
2190,240004988,MK06,Gasal 2023/2024
2191,240000811,MK06,Gasal 2023/2024
2192,240003746,MK05,Gasal 2023/2024
2193,240001721,MK06,Gasal 2023/2024
2194,240004676,MK04,Gasal 2023/2024
2195,240004925,MK03,Gasal 2023/2024
2196,240001381,MK01,Gasal 2023/2024
2197,240001509,MK06,Gasal 2023/2024
2198,240003960,MK02,Gasal 2023/2024
2199,240002808,MK01,Gasal 2023/2024
2200,240002098,MK03,Gasal 2023/2024
2201,240002267,MK02,Gasal 2023/2024
2202,240002839,MK10,Gasal 2023/2024
2203,240003698,MK05,Gasal 2023/2024
2204,240006143,MK05,Gasal 2023/2024
2205,240001283,MK01,Gasal 2023/2024
2206,240000162,MK06,Gasal 2023/2024
2207,240007092,MK10,Gasal 2023/2024
2208,240004562,MK06,Gasal 2023/2024
2209,240006235,MK01,Gasal 2023/2024
2210,240002154,MK02,Gasal 2023/2024
2211,240004921,MK10,Gasal 2023/2024
2212,240004689,MK03,Gasal 2023/2024
2213,240004681,MK03,Gasal 2023/2024
2214,240006291,MK05,Gasal 2023/2024
2215,240003843,MK05,Gasal 2023/2024
2216,240003790,MK07,Gasal 2023/2024
2217,240001360,MK06,Gasal 2023/2024
2218,240000740,MK04,Gasal 2023/2024
2219,240001458,MK05,Gasal 2023/2024
2220,240002960,MK09,Gasal 2023/2024
2221,240000895,MK04,Gasal 2023/2024
2222,240000735,MK03,Gasal 2023/2024
2223,240006343,MK10,Gasal 2023/2024
2224,240004569,MK01,Gasal 2023/2024
2225,240000697,MK08,Gasal 2023/2024
2226,240001864,MK06,Gasal 2023/2024
2227,240004325,MK09,Gasal 2023/2024
2228,240003506,MK10,Gasal 2023/2024
2229,240002401,MK08,Gasal 2023/2024
2230,240001032,MK09,Gasal 2023/2024
2231,240000588,MK10,Gasal 2023/2024
2232,240004643,MK02,Gasal 2023/2024
2233,240006257,MK03,Gasal 2023/2024
2234,240005413,MK04,Gasal 2023/2024
2235,240003373,MK01,Gasal 2023/2024
2236,240003129,MK06,Gasal 2023/2024
2237,240000035,MK03,Gasal 2023/2024
2238,240006385,MK01,Gasal 2023/2024
2239,240000624,MK05,Gasal 2023/2024
2240,240003907,MK03,Gasal 2023/2024
2241,240002832,MK08,Gasal 2023/2024
2242,240000695,MK02,Gasal 2023/2024
2243,240006118,MK05,Gasal 2023/2024
2244,240004078,MK06,Gasal 2023/2024
2245,240001839,MK07,Gasal 2023/2024
2246,240005454,MK03,Gasal 2023/2024
2247,240003334,MK01,Gasal 2023/2024
2248,240002752,MK07,Gasal 2023/2024
2249,240001184,MK08,Gasal 2023/2024
2250,240002172,MK04,Gasal 2023/2024
2251,240003655,MK03,Gasal 2023/2024
2252,240005030,MK05,Gasal 2023/2024
2253,240001994,MK04,Gasal 2023/2024
2254,240006271,MK03,Gasal 2023/2024
2255,240003635,MK10,Gasal 2023/2024
2256,240002305,MK09,Gasal 2023/2024
2257,240005519,MK06,Gasal 2023/2024
2258,240000942,MK05,Gasal 2023/2024
2259,240004321,MK06,Gasal 2023/2024
2260,240001921,MK01,Gasal 2023/2024
2261,240003498,MK04,Gasal 2023/2024
2262,240004135,MK09,Gasal 2023/2024
2263,240001680,MK02,Gasal 2023/2024
2264,240000214,MK05,Gasal 2023/2024
2265,240003749,MK01,Gasal 2023/2024
2266,240003561,MK03,Gasal 2023/2024
2267,240001533,MK08,Gasal 2023/2024
2268,240001547,MK02,Gasal 2023/2024
2269,240003041,MK08,Gasal 2023/2024
2270,240001198,MK08,Gasal 2023/2024
2271,240000427,MK09,Gasal 2023/2024
2272,240003973,MK02,Gasal 2023/2024
2273,240002992,MK09,Gasal 2023/2024
2274,240000967,MK02,Gasal 2023/2024
2275,240001569,MK05,Gasal 2023/2024
2276,240000754,MK10,Gasal 2023/2024
2277,240006322,MK01,Gasal 2023/2024
2278,240005354,MK10,Gasal 2023/2024
2279,240006151,MK03,Gasal 2023/2024
2280,240005181,MK10,Gasal 2023/2024
2281,240000756,MK08,Gasal 2023/2024
2282,240000815,MK05,Gasal 2023/2024
2283,240000788,MK03,Gasal 2023/2024
2284,240001393,MK06,Gasal 2023/2024
2285,240003226,MK03,Gasal 2023/2024
2286,240001972,MK10,Gasal 2023/2024
2287,240003275,MK05,Gasal 2023/2024
2288,240001984,MK06,Gasal 2023/2024
2289,240001589,MK08,Gasal 2023/2024
2290,240002704,MK10,Gasal 2023/2024
2291,240003620,MK05,Gasal 2023/2024
2292,240003907,MK07,Gasal 2023/2024
2293,240004031,MK07,Gasal 2023/2024
2294,240007240,MK10,Gasal 2023/2024
2295,240002569,MK01,Gasal 2023/2024
2296,240001406,MK02,Gasal 2023/2024
2297,240002491,MK06,Gasal 2023/2024
2298,240007245,MK05,Gasal 2023/2024
2299,240006842,MK05,Gasal 2023/2024
2300,240001068,MK09,Gasal 2023/2024
2301,240002923,MK05,Gasal 2023/2024
2302,240004314,MK08,Gasal 2023/2024
2303,240001755,MK05,Gasal 2023/2024
2304,240004385,MK01,Gasal 2023/2024
2305,240004215,MK09,Gasal 2023/2024
2306,240000766,MK01,Gasal 2023/2024
2307,240004946,MK06,Gasal 2023/2024
2308,240006114,MK09,Gasal 2023/2024
2309,240002267,MK10,Gasal 2023/2024
2310,240000299,MK09,Gasal 2023/2024
2311,240001433,MK03,Gasal 2023/2024
2312,240004151,MK10,Gasal 2023/2024
2313,240000412,MK01,Gasal 2023/2024
2314,240002183,MK03,Gasal 2023/2024
2315,240005174,MK10,Gasal 2023/2024
2316,240003767,MK02,Gasal 2023/2024
2317,240006181,MK05,Gasal 2023/2024
2318,240001891,MK08,Gasal 2023/2024
2319,240005058,MK07,Gasal 2023/2024
2320,240002252,MK09,Gasal 2023/2024
2321,240004859,MK06,Gasal 2023/2024
2322,240005578,MK02,Gasal 2023/2024
2323,240004163,MK07,Gasal 2023/2024
2324,240002660,MK06,Gasal 2023/2024
2325,240003674,MK01,Gasal 2023/2024
2326,240003459,MK08,Gasal 2023/2024
2327,240003643,MK01,Gasal 2023/2024
2328,240004509,MK01,Gasal 2023/2024
2329,240003724,MK06,Gasal 2023/2024
2330,240002747,MK06,Gasal 2023/2024
2331,240005551,MK02,Gasal 2023/2024
2332,240005737,MK02,Gasal 2023/2024
2333,240000210,MK05,Gasal 2023/2024
2334,240005681,MK01,Gasal 2023/2024
2335,240004427,MK04,Gasal 2023/2024
2336,240003855,MK02,Gasal 2023/2024
2337,240002098,MK05,Gasal 2023/2024
2338,240003293,MK10,Gasal 2023/2024
2339,240003684,MK03,Gasal 2023/2024
2340,240006185,MK09,Gasal 2023/2024
2341,240004233,MK10,Gasal 2023/2024
2342,240003805,MK01,Gasal 2023/2024
2343,240000616,MK07,Gasal 2023/2024
2344,240006671,MK01,Gasal 2023/2024
2345,240003861,MK10,Gasal 2023/2024
2346,240003615,MK01,Gasal 2023/2024
2347,240004391,MK05,Gasal 2023/2024
2348,240006542,MK08,Gasal 2023/2024
2349,240002359,MK09,Gasal 2023/2024
2350,240000108,MK04,Gasal 2023/2024
2351,240004833,MK06,Gasal 2023/2024
2352,240006937,MK10,Gasal 2023/2024
2353,240006550,MK04,Gasal 2023/2024
2354,240003601,MK03,Gasal 2023/2024
2355,240004520,MK10,Gasal 2023/2024
2356,240004595,MK06,Gasal 2023/2024
2357,240005369,MK05,Gasal 2023/2024
2358,240000488,MK10,Gasal 2023/2024
2359,240000073,MK08,Gasal 2023/2024
2360,240001046,MK03,Gasal 2023/2024
2361,240001776,MK04,Gasal 2023/2024
2362,240001444,MK07,Gasal 2023/2024
2363,240000920,MK04,Gasal 2023/2024
2364,240003093,MK08,Gasal 2023/2024
2365,240001398,MK04,Gasal 2023/2024
2366,240006069,MK07,Gasal 2023/2024
2367,240003094,MK07,Gasal 2023/2024
2368,240001533,MK03,Gasal 2023/2024
2369,240004718,MK09,Gasal 2023/2024
2370,240002183,MK01,Gasal 2023/2024
2371,240000715,MK03,Gasal 2023/2024
2372,240002085,MK03,Gasal 2023/2024
2373,240001765,MK08,Gasal 2023/2024
2374,240000387,MK05,Gasal 2023/2024
2375,240000138,MK06,Gasal 2023/2024
2376,240001082,MK10,Gasal 2023/2024
2377,240006518,MK07,Gasal 2023/2024
2378,240001860,MK02,Gasal 2023/2024
2379,240003181,MK06,Gasal 2023/2024
2380,240002330,MK04,Gasal 2023/2024
2381,240006777,MK05,Gasal 2023/2024
2382,240002738,MK03,Gasal 2023/2024
2383,240003204,MK06,Gasal 2023/2024
2384,240000133,MK02,Gasal 2023/2024
2385,240007078,MK01,Gasal 2023/2024
2386,240001960,MK05,Gasal 2023/2024
2387,240000532,MK07,Gasal 2023/2024
2388,240005804,MK06,Gasal 2023/2024
2389,240000621,MK05,Gasal 2023/2024
2390,240002567,MK10,Gasal 2023/2024
2391,240004678,MK05,Gasal 2023/2024
2392,240001896,MK05,Gasal 2023/2024
2393,240002359,MK03,Gasal 2023/2024
2394,240001481,MK10,Gasal 2023/2024
2395,240001419,MK03,Gasal 2023/2024
2396,240002346,MK01,Gasal 2023/2024
2397,240006207,MK07,Gasal 2023/2024
2398,240006151,MK05,Gasal 2023/2024
2399,240005868,MK01,Gasal 2023/2024
2400,240004613,MK08,Gasal 2023/2024
2401,240003392,MK09,Gasal 2023/2024
2402,240002050,MK02,Gasal 2023/2024
2403,240000145,MK05,Gasal 2023/2024
2404,240001864,MK04,Gasal 2023/2024
2405,240001752,MK02,Gasal 2023/2024
2406,240003447,MK03,Gasal 2023/2024
2407,240001725,MK08,Gasal 2023/2024
2408,240006091,MK01,Gasal 2023/2024
2409,240003226,MK06,Gasal 2023/2024
2410,240004267,MK10,Gasal 2023/2024
2411,240003668,MK06,Gasal 2023/2024
2412,240004994,MK07,Gasal 2023/2024
2413,240006910,MK04,Gasal 2023/2024
2414,240005678,MK02,Gasal 2023/2024
2415,240006388,MK01,Gasal 2023/2024
2416,240004205,MK03,Gasal 2023/2024
2417,240001963,MK04,Gasal 2023/2024
2418,240004057,MK07,Gasal 2023/2024
2419,240000352,MK01,Gasal 2023/2024
2420,240003509,MK07,Gasal 2023/2024
2421,240003170,MK07,Gasal 2023/2024
2422,240004434,MK04,Gasal 2023/2024
2423,240006837,MK04,Gasal 2023/2024
2424,240002911,MK05,Gasal 2023/2024
2425,240004634,MK02,Gasal 2023/2024
2426,240002066,MK05,Gasal 2023/2024
2427,240004413,MK02,Gasal 2023/2024
2428,240003576,MK07,Gasal 2023/2024
2429,240002160,MK02,Gasal 2023/2024
2430,240006883,MK04,Gasal 2023/2024
2431,240000731,MK08,Gasal 2023/2024
2432,240002060,MK04,Gasal 2023/2024
2433,240004247,MK09,Gasal 2023/2024
2434,240002794,MK04,Gasal 2023/2024
2435,240002937,MK01,Gasal 2023/2024
2436,240004669,MK10,Gasal 2023/2024
2437,240007088,MK01,Gasal 2023/2024
2438,240003463,MK03,Gasal 2023/2024
2439,240003643,MK09,Gasal 2023/2024
2440,240002587,MK02,Gasal 2023/2024
2441,240000115,MK01,Gasal 2023/2024
2442,240004665,MK01,Gasal 2023/2024
2443,240002191,MK06,Gasal 2023/2024
2444,240007206,MK09,Gasal 2023/2024
2445,240000593,MK10,Gasal 2023/2024
2446,240004311,MK06,Gasal 2023/2024
2447,240006036,MK03,Gasal 2023/2024
2448,240001463,MK06,Gasal 2023/2024
2449,240000985,MK01,Gasal 2023/2024
2450,240001914,MK07,Gasal 2023/2024
2451,240001314,MK03,Gasal 2023/2024
2452,240004079,MK01,Gasal 2023/2024
2453,240003467,MK02,Gasal 2023/2024
2454,240004815,MK08,Gasal 2023/2024
2455,240003908,MK03,Gasal 2023/2024
2456,240006419,MK08,Gasal 2023/2024
2457,240000040,MK01,Gasal 2023/2024
2458,240004421,MK07,Gasal 2023/2024
2459,240004891,MK03,Gasal 2023/2024
2460,240007038,MK07,Gasal 2023/2024
2461,240003610,MK03,Gasal 2023/2024
2462,240005061,MK07,Gasal 2023/2024
2463,240003416,MK07,Gasal 2023/2024
2464,240003144,MK09,Gasal 2023/2024
2465,240005829,MK07,Gasal 2023/2024
2466,240001511,MK08,Gasal 2023/2024
2467,240006835,MK08,Gasal 2023/2024
2468,240004625,MK05,Gasal 2023/2024
2469,240000400,MK07,Gasal 2023/2024
2470,240004557,MK05,Gasal 2023/2024
2471,240003027,MK09,Gasal 2023/2024
2472,240006596,MK02,Gasal 2023/2024
2473,240000172,MK08,Gasal 2023/2024
2474,240001406,MK10,Gasal 2023/2024
2475,240002794,MK10,Gasal 2023/2024
2476,240000969,MK05,Gasal 2023/2024
2477,240002173,MK08,Gasal 2023/2024
2478,240001458,MK08,Gasal 2023/2024
2479,240001961,MK04,Gasal 2023/2024
2480,240001662,MK07,Gasal 2023/2024
2481,240000158,MK10,Gasal 2023/2024
2482,240004091,MK05,Gasal 2023/2024
2483,240003216,MK02,Gasal 2023/2024
2484,240002522,MK10,Gasal 2023/2024
2485,240003929,MK05,Gasal 2023/2024
2486,240002590,MK08,Gasal 2023/2024
2487,240002111,MK04,Gasal 2023/2024
2488,240005863,MK02,Gasal 2023/2024
2489,240002106,MK07,Gasal 2023/2024
2490,240001259,MK02,Gasal 2023/2024
2491,240006653,MK10,Gasal 2023/2024
2492,240003707,MK01,Gasal 2023/2024
2493,240002346,MK10,Gasal 2023/2024
2494,240001486,MK02,Gasal 2023/2024
2495,240004565,MK09,Gasal 2023/2024
2496,240004817,MK10,Gasal 2023/2024
2497,240006368,MK10,Gasal 2023/2024
2498,240003137,MK08,Gasal 2023/2024
2499,240002063,MK06,Gasal 2023/2024
2500,240001017,MK08,Gasal 2023/2024
2501,240001052,MK01,Gasal 2023/2024
2502,240006651,MK04,Gasal 2023/2024
2503,240004452,MK06,Gasal 2023/2024
2504,240005868,MK08,Gasal 2023/2024
2505,240004348,MK02,Gasal 2023/2024
2506,240003097,MK06,Gasal 2023/2024
2507,240005998,MK01,Gasal 2023/2024
2508,240004631,MK03,Gasal 2023/2024
2509,240005831,MK10,Gasal 2023/2024
2510,240003715,MK04,Gasal 2023/2024
2511,240006260,MK07,Gasal 2023/2024
2512,240004849,MK07,Gasal 2023/2024
2513,240005423,MK09,Gasal 2023/2024
2514,240000845,MK04,Gasal 2023/2024
2515,240004896,MK03,Gasal 2023/2024
2516,240004351,MK03,Gasal 2023/2024
2517,240005672,MK07,Gasal 2023/2024
2518,240003854,MK06,Gasal 2023/2024
2519,240002927,MK06,Gasal 2023/2024
2520,240001484,MK06,Gasal 2023/2024
2521,240000216,MK04,Gasal 2023/2024
2522,240006245,MK02,Gasal 2023/2024
2523,240001409,MK03,Gasal 2023/2024
2524,240006692,MK04,Gasal 2023/2024
2525,240000493,MK09,Gasal 2023/2024
2526,240005884,MK02,Gasal 2023/2024
2527,240001713,MK02,Gasal 2023/2024
2528,240004630,MK09,Gasal 2023/2024
2529,240003531,MK03,Gasal 2023/2024
2530,240001246,MK10,Gasal 2023/2024
2531,240000510,MK04,Gasal 2023/2024
2532,240004731,MK03,Gasal 2023/2024
2533,240004981,MK10,Gasal 2023/2024
2534,240002733,MK08,Gasal 2023/2024
2535,240005016,MK06,Gasal 2023/2024
2536,240006717,MK07,Gasal 2023/2024
2537,240001266,MK08,Gasal 2023/2024
2538,240001673,MK03,Gasal 2023/2024
2539,240000232,MK03,Gasal 2023/2024
2540,240006349,MK10,Gasal 2023/2024
2541,240004078,MK01,Gasal 2023/2024
2542,240000158,MK07,Gasal 2023/2024
2543,240000126,MK07,Gasal 2023/2024
2544,240002052,MK01,Gasal 2023/2024
2545,240003162,MK04,Gasal 2023/2024
2546,240002662,MK07,Gasal 2023/2024
2547,240004146,MK01,Gasal 2023/2024
2548,240004888,MK04,Gasal 2023/2024
2549,240007149,MK09,Gasal 2023/2024
2550,240006086,MK10,Gasal 2023/2024
2551,240001369,MK01,Gasal 2023/2024
2552,240000263,MK07,Gasal 2023/2024
2553,240001956,MK08,Gasal 2023/2024
2554,240001959,MK10,Gasal 2023/2024
2555,240003662,MK01,Gasal 2023/2024
2556,240001083,MK02,Gasal 2023/2024
2557,240003426,MK10,Gasal 2023/2024
2558,240003799,MK09,Gasal 2023/2024
2559,240001913,MK06,Gasal 2023/2024
2560,240000140,MK01,Gasal 2023/2024
2561,240000392,MK09,Gasal 2023/2024
2562,240003480,MK10,Gasal 2023/2024
2563,240004446,MK05,Gasal 2023/2024
2564,240004445,MK08,Gasal 2023/2024
2565,240006786,MK07,Gasal 2023/2024
2566,240000423,MK06,Gasal 2023/2024
2567,240006658,MK07,Gasal 2023/2024
2568,240003655,MK09,Gasal 2023/2024
2569,240006124,MK09,Gasal 2023/2024
2570,240000072,MK10,Gasal 2023/2024
2571,240005497,MK02,Gasal 2023/2024
2572,240004682,MK02,Gasal 2023/2024
2573,240002346,MK05,Gasal 2023/2024
2574,240000094,MK07,Gasal 2023/2024
2575,240000181,MK04,Gasal 2023/2024
2576,240000889,MK08,Gasal 2023/2024
2577,240001408,MK07,Gasal 2023/2024
2578,240001859,MK08,Gasal 2023/2024
2579,240000878,MK09,Gasal 2023/2024
2580,240003155,MK10,Gasal 2023/2024
2581,240000277,MK03,Gasal 2023/2024
2582,240006753,MK09,Gasal 2023/2024
2583,240002599,MK02,Gasal 2023/2024
2584,240006656,MK02,Gasal 2023/2024
2585,240004634,MK08,Gasal 2023/2024
2586,240001352,MK05,Gasal 2023/2024
2587,240005881,MK09,Gasal 2023/2024
2588,240001681,MK06,Gasal 2023/2024
2589,240004236,MK06,Gasal 2023/2024
2590,240001511,MK04,Gasal 2023/2024
2591,240003935,MK03,Gasal 2023/2024
2592,240005545,MK03,Gasal 2023/2024
2593,240002182,MK07,Gasal 2023/2024
2594,240002793,MK07,Gasal 2023/2024
2595,240005517,MK06,Gasal 2023/2024
2596,240000520,MK02,Gasal 2023/2024
2597,240001472,MK10,Gasal 2023/2024
2598,240000698,MK07,Gasal 2023/2024
2599,240001121,MK01,Gasal 2023/2024
2600,240000984,MK08,Gasal 2023/2024
2601,240006698,MK09,Gasal 2023/2024
2602,240001892,MK07,Gasal 2023/2024
2603,240003980,MK08,Gasal 2023/2024
2604,240003106,MK04,Gasal 2023/2024
2605,240005342,MK07,Gasal 2023/2024
2606,240006175,MK04,Gasal 2023/2024
2607,240003917,MK08,Gasal 2023/2024
2608,240004130,MK06,Gasal 2023/2024
2609,240006769,MK04,Gasal 2023/2024
2610,240002591,MK09,Gasal 2023/2024
2611,240000677,MK03,Gasal 2023/2024
2612,240003596,MK02,Gasal 2023/2024
2613,240004004,MK07,Gasal 2023/2024
2614,240002547,MK10,Gasal 2023/2024
2615,240003722,MK02,Gasal 2023/2024
2616,240003872,MK07,Gasal 2023/2024
2617,240002929,MK03,Gasal 2023/2024
2618,240001123,MK10,Gasal 2023/2024
2619,240003643,MK08,Gasal 2023/2024
2620,240000326,MK07,Gasal 2023/2024
2621,240003252,MK10,Gasal 2023/2024
2622,240003563,MK10,Gasal 2023/2024
2623,240004780,MK06,Gasal 2023/2024
2624,240003563,MK06,Gasal 2023/2024
2625,240003949,MK03,Gasal 2023/2024
2626,240005354,MK05,Gasal 2023/2024
2627,240004113,MK02,Gasal 2023/2024
2628,240000385,MK03,Gasal 2023/2024
2629,240003389,MK09,Gasal 2023/2024
2630,240006927,MK08,Gasal 2023/2024
2631,240006433,MK05,Gasal 2023/2024
2632,240001523,MK06,Gasal 2023/2024
2633,240004671,MK07,Gasal 2023/2024
2634,240006786,MK09,Gasal 2023/2024
2635,240006517,MK01,Gasal 2023/2024
2636,240000570,MK08,Gasal 2023/2024
2637,240005344,MK01,Gasal 2023/2024
2638,240004391,MK04,Gasal 2023/2024
2639,240001137,MK02,Gasal 2023/2024
2640,240003091,MK03,Gasal 2023/2024
2641,240006379,MK03,Gasal 2023/2024
2642,240003031,MK01,Gasal 2023/2024
2643,240005895,MK05,Gasal 2023/2024
2644,240002659,MK07,Gasal 2023/2024
2645,240001117,MK03,Gasal 2023/2024
2646,240005901,MK01,Gasal 2023/2024
2647,240000075,MK08,Gasal 2023/2024
2648,240004697,MK09,Gasal 2023/2024
2649,240006979,MK10,Gasal 2023/2024
2650,240005059,MK06,Gasal 2023/2024
2651,240006826,MK07,Gasal 2023/2024
2652,240004075,MK07,Gasal 2023/2024
2653,240005050,MK08,Gasal 2023/2024
2654,240005118,MK06,Gasal 2023/2024
2655,240002982,MK03,Gasal 2023/2024
2656,240000923,MK10,Gasal 2023/2024
2657,240000683,MK05,Gasal 2023/2024
2658,240005516,MK04,Gasal 2023/2024
2659,240002584,MK06,Gasal 2023/2024
2660,240004499,MK02,Gasal 2023/2024
2661,240000214,MK06,Gasal 2023/2024
2662,240001860,MK09,Gasal 2023/2024
2663,240004455,MK04,Gasal 2023/2024
2664,240005569,MK03,Gasal 2023/2024
2665,240000503,MK03,Gasal 2023/2024
2666,240003467,MK10,Gasal 2023/2024
2667,240000608,MK09,Gasal 2023/2024
2668,240003390,MK07,Gasal 2023/2024
2669,240001317,MK04,Gasal 2023/2024
2670,240007125,MK06,Gasal 2023/2024
2671,240001676,MK09,Gasal 2023/2024
2672,240003038,MK09,Gasal 2023/2024
2673,240001102,MK05,Gasal 2023/2024
2674,240004806,MK10,Gasal 2023/2024
2675,240002035,MK08,Gasal 2023/2024
2676,240002085,MK03,Gasal 2023/2024
2677,240001919,MK03,Gasal 2023/2024
2678,240003757,MK10,Gasal 2023/2024
2679,240006061,MK06,Gasal 2023/2024
2680,240002814,MK08,Gasal 2023/2024
2681,240003057,MK02,Gasal 2023/2024
2682,240000348,MK08,Gasal 2023/2024
2683,240005694,MK08,Gasal 2023/2024
2684,240000847,MK01,Gasal 2023/2024
2685,240004612,MK10,Gasal 2023/2024
2686,240000037,MK07,Gasal 2023/2024
2687,240002404,MK07,Gasal 2023/2024
2688,240003211,MK07,Gasal 2023/2024
2689,240003082,MK10,Gasal 2023/2024
2690,240004877,MK01,Gasal 2023/2024
2691,240007183,MK04,Gasal 2023/2024
2692,240002269,MK02,Gasal 2023/2024
2693,240000481,MK10,Gasal 2023/2024
2694,240001920,MK01,Gasal 2023/2024
2695,240005097,MK06,Gasal 2023/2024
2696,240005461,MK01,Gasal 2023/2024
2697,240002242,MK09,Gasal 2023/2024
2698,240000311,MK01,Gasal 2023/2024
2699,240004256,MK10,Gasal 2023/2024
2700,240002363,MK03,Gasal 2023/2024
2701,240005543,MK04,Gasal 2023/2024
2702,240002088,MK02,Gasal 2023/2024
2703,240003470,MK04,Gasal 2023/2024
2704,240000756,MK03,Gasal 2023/2024
2705,240003230,MK04,Gasal 2023/2024
2706,240002183,MK06,Gasal 2023/2024
2707,240001556,MK08,Gasal 2023/2024
2708,240000917,MK01,Gasal 2023/2024
2709,240003124,MK10,Gasal 2023/2024
2710,240000893,MK09,Gasal 2023/2024
2711,240004748,MK04,Gasal 2023/2024
2712,240003480,MK05,Gasal 2023/2024
2713,240002465,MK02,Gasal 2023/2024
2714,240000444,MK01,Gasal 2023/2024
2715,240000306,MK04,Gasal 2023/2024
2716,240004590,MK07,Gasal 2023/2024
2717,240003239,MK02,Gasal 2023/2024
2718,240005008,MK08,Gasal 2023/2024
2719,240001271,MK04,Gasal 2023/2024
2720,240003118,MK03,Gasal 2023/2024
2721,240000533,MK08,Gasal 2023/2024
2722,240003417,MK08,Gasal 2023/2024
2723,240000766,MK02,Gasal 2023/2024
2724,240007218,MK01,Gasal 2023/2024
2725,240004997,MK02,Gasal 2023/2024
2726,240006549,MK06,Gasal 2023/2024
2727,240004115,MK10,Gasal 2023/2024
2728,240001779,MK04,Gasal 2023/2024
2729,240002553,MK07,Gasal 2023/2024
2730,240000559,MK05,Gasal 2023/2024
2731,240006107,MK03,Gasal 2023/2024
2732,240003204,MK01,Gasal 2023/2024
2733,240005233,MK05,Gasal 2023/2024
2734,240000037,MK06,Gasal 2023/2024
2735,240005971,MK05,Gasal 2023/2024
2736,240002540,MK04,Gasal 2023/2024
2737,240001786,MK03,Gasal 2023/2024
2738,240003733,MK07,Gasal 2023/2024
2739,240002245,MK05,Gasal 2023/2024
2740,240001409,MK05,Gasal 2023/2024
2741,240001809,MK03,Gasal 2023/2024
2742,240003700,MK10,Gasal 2023/2024
2743,240004560,MK01,Gasal 2023/2024
2744,240007200,MK05,Gasal 2023/2024
2745,240004982,MK07,Gasal 2023/2024
2746,240006003,MK06,Gasal 2023/2024
2747,240003574,MK08,Gasal 2023/2024
2748,240002829,MK04,Gasal 2023/2024
2749,240002560,MK03,Gasal 2023/2024
2750,240000422,MK02,Gasal 2023/2024
2751,240005421,MK03,Gasal 2023/2024
2752,240001671,MK08,Gasal 2023/2024
2753,240004245,MK07,Gasal 2023/2024
2754,240003089,MK02,Gasal 2023/2024
2755,240001804,MK02,Gasal 2023/2024
2756,240001521,MK03,Gasal 2023/2024
2757,240003534,MK10,Gasal 2023/2024
2758,240001889,MK04,Gasal 2023/2024
2759,240004182,MK09,Gasal 2023/2024
2760,240001321,MK06,Gasal 2023/2024
2761,240003597,MK03,Gasal 2023/2024
2762,240004015,MK08,Gasal 2023/2024
2763,240003437,MK10,Gasal 2023/2024
2764,240002951,MK03,Gasal 2023/2024
2765,240000776,MK10,Gasal 2023/2024
2766,240002757,MK10,Gasal 2023/2024
2767,240002585,MK04,Gasal 2023/2024
2768,240001626,MK10,Gasal 2023/2024
2769,240002656,MK05,Gasal 2023/2024
2770,240005475,MK07,Gasal 2023/2024
2771,240006237,MK02,Gasal 2023/2024
2772,240001060,MK06,Gasal 2023/2024
2773,240003332,MK06,Gasal 2023/2024
2774,240005218,MK01,Gasal 2023/2024
2775,240000913,MK07,Gasal 2023/2024
2776,240002934,MK10,Gasal 2023/2024
2777,240002225,MK03,Gasal 2023/2024
2778,240000156,MK09,Gasal 2023/2024
2779,240001067,MK07,Gasal 2023/2024
2780,240005496,MK07,Gasal 2023/2024
2781,240003100,MK02,Gasal 2023/2024
2782,240005713,MK01,Gasal 2023/2024
2783,240002191,MK10,Gasal 2023/2024
2784,240000295,MK03,Gasal 2023/2024
2785,240006238,MK05,Gasal 2023/2024
2786,240006864,MK07,Gasal 2023/2024
2787,240001360,MK06,Gasal 2023/2024
2788,240001160,MK09,Gasal 2023/2024
2789,240001163,MK07,Gasal 2023/2024
2790,240006822,MK07,Gasal 2023/2024
2791,240000856,MK05,Gasal 2023/2024
2792,240002090,MK05,Gasal 2023/2024
2793,240006930,MK02,Gasal 2023/2024
2794,240000650,MK01,Gasal 2023/2024
2795,240002513,MK05,Gasal 2023/2024
2796,240000278,MK09,Gasal 2023/2024
2797,240003247,MK08,Gasal 2023/2024
2798,240005640,MK08,Gasal 2023/2024
2799,240001292,MK05,Gasal 2023/2024
2800,240001883,MK05,Gasal 2023/2024
2801,240006580,MK02,Gasal 2023/2024
2802,240000290,MK07,Gasal 2023/2024
2803,240004259,MK04,Gasal 2023/2024
2804,240000111,MK03,Gasal 2023/2024
2805,240003112,MK01,Gasal 2023/2024
2806,240004681,MK07,Gasal 2023/2024
2807,240000923,MK10,Gasal 2023/2024
2808,240006760,MK05,Gasal 2023/2024
2809,240003064,MK10,Gasal 2023/2024
2810,240003840,MK01,Gasal 2023/2024
2811,240006880,MK06,Gasal 2023/2024
2812,240005372,MK06,Gasal 2023/2024
2813,240001558,MK01,Gasal 2023/2024
2814,240001825,MK01,Gasal 2023/2024
2815,240002004,MK03,Gasal 2023/2024
2816,240007229,MK08,Gasal 2023/2024
2817,240000788,MK10,Gasal 2023/2024
2818,240004195,MK05,Gasal 2023/2024
2819,240004820,MK05,Gasal 2023/2024
2820,240001339,MK02,Gasal 2023/2024
2821,240002933,MK06,Gasal 2023/2024
2822,240006115,MK09,Gasal 2023/2024
2823,240002090,MK06,Gasal 2023/2024
2824,240005361,MK03,Gasal 2023/2024
2825,240005837,MK08,Gasal 2023/2024
2826,240003950,MK08,Gasal 2023/2024
2827,240003374,MK08,Gasal 2023/2024
2828,240005617,MK08,Gasal 2023/2024
2829,240003140,MK05,Gasal 2023/2024
2830,240006530,MK03,Gasal 2023/2024
2831,240003861,MK09,Gasal 2023/2024
2832,240006515,MK06,Gasal 2023/2024
2833,240003821,MK03,Gasal 2023/2024
2834,240002089,MK10,Gasal 2023/2024
2835,240003396,MK07,Gasal 2023/2024
2836,240005918,MK07,Gasal 2023/2024
2837,240000666,MK08,Gasal 2023/2024
2838,240003738,MK03,Gasal 2023/2024
2839,240004895,MK08,Gasal 2023/2024
2840,240006555,MK09,Gasal 2023/2024
2841,240000788,MK02,Gasal 2023/2024
2842,240000896,MK05,Gasal 2023/2024
2843,240003848,MK07,Gasal 2023/2024
2844,240000401,MK10,Gasal 2023/2024
2845,240006102,MK03,Gasal 2023/2024
2846,240006933,MK08,Gasal 2023/2024
2847,240002005,MK10,Gasal 2023/2024
2848,240005179,MK05,Gasal 2023/2024
2849,240002667,MK10,Gasal 2023/2024
2850,240000250,MK06,Gasal 2023/2024
2851,240000559,MK02,Gasal 2023/2024
2852,240006342,MK08,Gasal 2023/2024
2853,240003172,MK01,Gasal 2023/2024
2854,240001430,MK08,Gasal 2023/2024
2855,240006544,MK10,Gasal 2023/2024
2856,240004214,MK07,Gasal 2023/2024
2857,240000628,MK06,Gasal 2023/2024
2858,240003696,MK08,Gasal 2023/2024
2859,240006003,MK02,Gasal 2023/2024
2860,240004082,MK06,Gasal 2023/2024
2861,240001214,MK09,Gasal 2023/2024
2862,240003579,MK02,Gasal 2023/2024
2863,240003451,MK05,Gasal 2023/2024
2864,240002556,MK05,Gasal 2023/2024
2865,240000804,MK05,Gasal 2023/2024
2866,240006650,MK06,Gasal 2023/2024
2867,240003072,MK02,Gasal 2023/2024
2868,240004117,MK03,Gasal 2023/2024
2869,240001446,MK03,Gasal 2023/2024
2870,240001085,MK04,Gasal 2023/2024
2871,240007060,MK08,Gasal 2023/2024
2872,240005725,MK10,Gasal 2023/2024
2873,240006076,MK04,Gasal 2023/2024
2874,240000602,MK03,Gasal 2023/2024
2875,240002630,MK07,Gasal 2023/2024
2876,240002426,MK02,Gasal 2023/2024
2877,240000055,MK01,Gasal 2023/2024
2878,240006989,MK09,Gasal 2023/2024
2879,240001921,MK06,Gasal 2023/2024
2880,240001820,MK09,Gasal 2023/2024
2881,240005171,MK08,Gasal 2023/2024
2882,240003398,MK02,Gasal 2023/2024
2883,240001040,MK05,Gasal 2023/2024
2884,240000650,MK01,Gasal 2023/2024
2885,240001194,MK03,Gasal 2023/2024
2886,240000768,MK06,Gasal 2023/2024
2887,240002663,MK10,Gasal 2023/2024
2888,240006796,MK09,Gasal 2023/2024
2889,240003508,MK08,Gasal 2023/2024
2890,240006757,MK08,Gasal 2023/2024
2891,240001913,MK08,Gasal 2023/2024
2892,240001756,MK07,Gasal 2023/2024
2893,240000381,MK10,Gasal 2023/2024
2894,240006071,MK04,Gasal 2023/2024
2895,240007062,MK10,Gasal 2023/2024
2896,240001766,MK07,Gasal 2023/2024
2897,240006125,MK01,Gasal 2023/2024
2898,240004724,MK08,Gasal 2023/2024
2899,240000506,MK06,Gasal 2023/2024
2900,240004537,MK04,Gasal 2023/2024
2901,240003268,MK02,Gasal 2023/2024
2902,240004242,MK02,Gasal 2023/2024
2903,240005062,MK04,Gasal 2023/2024
2904,240002741,MK03,Gasal 2023/2024
2905,240002377,MK07,Gasal 2023/2024
2906,240002010,MK03,Gasal 2023/2024
2907,240000026,MK08,Gasal 2023/2024
2908,240004734,MK08,Gasal 2023/2024
2909,240002963,MK04,Gasal 2023/2024
2910,240001227,MK03,Gasal 2023/2024
2911,240001318,MK07,Gasal 2023/2024
2912,240004018,MK02,Gasal 2023/2024
2913,240000012,MK01,Gasal 2023/2024
2914,240005166,MK05,Gasal 2023/2024
2915,240004334,MK01,Gasal 2023/2024
2916,240000290,MK01,Gasal 2023/2024
2917,240001604,MK10,Gasal 2023/2024
2918,240002869,MK08,Gasal 2023/2024
2919,240003509,MK03,Gasal 2023/2024
2920,240002122,MK05,Gasal 2023/2024
2921,240005535,MK05,Gasal 2023/2024
2922,240000557,MK08,Gasal 2023/2024
2923,240004485,MK08,Gasal 2023/2024
2924,240001640,MK02,Gasal 2023/2024
2925,240001716,MK05,Gasal 2023/2024
2926,240001845,MK08,Gasal 2023/2024
2927,240001979,MK08,Gasal 2023/2024
2928,240001367,MK08,Gasal 2023/2024
2929,240000208,MK08,Gasal 2023/2024
2930,240003610,MK07,Gasal 2023/2024
2931,240006535,MK09,Gasal 2023/2024
2932,240005883,MK04,Gasal 2023/2024
2933,240006359,MK08,Gasal 2023/2024
2934,240002417,MK01,Gasal 2023/2024
2935,240001238,MK05,Gasal 2023/2024
2936,240000349,MK05,Gasal 2023/2024
2937,240000937,MK04,Gasal 2023/2024
2938,240003064,MK01,Gasal 2023/2024
2939,240000266,MK04,Gasal 2023/2024
2940,240006418,MK06,Gasal 2023/2024
2941,240004260,MK01,Gasal 2023/2024
2942,240001034,MK04,Gasal 2023/2024
2943,240000606,MK03,Gasal 2023/2024
2944,240001402,MK09,Gasal 2023/2024
2945,240002913,MK06,Gasal 2023/2024
2946,240000637,MK05,Gasal 2023/2024
2947,240001148,MK09,Gasal 2023/2024
2948,240002203,MK10,Gasal 2023/2024
2949,240001393,MK04,Gasal 2023/2024
2950,240002438,MK03,Gasal 2023/2024
2951,240004579,MK07,Gasal 2023/2024
2952,240003795,MK04,Gasal 2023/2024
2953,240006357,MK07,Gasal 2023/2024
2954,240004121,MK02,Gasal 2023/2024
2955,240003065,MK10,Gasal 2023/2024
2956,240006769,MK08,Gasal 2023/2024
2957,240005903,MK02,Gasal 2023/2024
2958,240006562,MK10,Gasal 2023/2024
2959,240001706,MK08,Gasal 2023/2024
2960,240005564,MK08,Gasal 2023/2024
2961,240005730,MK01,Gasal 2023/2024
2962,240001563,MK02,Gasal 2023/2024
2963,240000053,MK09,Gasal 2023/2024
2964,240003403,MK03,Gasal 2023/2024
2965,240006562,MK04,Gasal 2023/2024
2966,240005445,MK07,Gasal 2023/2024
2967,240000159,MK10,Gasal 2023/2024
2968,240004412,MK07,Gasal 2023/2024
2969,240003438,MK06,Gasal 2023/2024
2970,240004237,MK02,Gasal 2023/2024
2971,240004891,MK05,Gasal 2023/2024
2972,240002759,MK02,Gasal 2023/2024
2973,240002657,MK03,Gasal 2023/2024
2974,240004590,MK09,Gasal 2023/2024
2975,240000851,MK05,Gasal 2023/2024
2976,240004746,MK08,Gasal 2023/2024
2977,240001748,MK09,Gasal 2023/2024
2978,240003408,MK10,Gasal 2023/2024
2979,240003951,MK05,Gasal 2023/2024
2980,240002593,MK09,Gasal 2023/2024
2981,240004989,MK01,Gasal 2023/2024
2982,240003315,MK10,Gasal 2023/2024
2983,240003560,MK03,Gasal 2023/2024
2984,240000719,MK03,Gasal 2023/2024
2985,240001021,MK08,Gasal 2023/2024
2986,240002631,MK01,Gasal 2023/2024
2987,240007178,MK08,Gasal 2023/2024
2988,240003469,MK06,Gasal 2023/2024
2989,240003733,MK01,Gasal 2023/2024
2990,240004334,MK05,Gasal 2023/2024
2991,240003617,MK02,Gasal 2023/2024
2992,240005491,MK02,Gasal 2023/2024
2993,240002925,MK02,Gasal 2023/2024
2994,240003877,MK05,Gasal 2023/2024
2995,240005678,MK01,Gasal 2023/2024
2996,240001940,MK09,Gasal 2023/2024
2997,240003507,MK09,Gasal 2023/2024
2998,240006068,MK07,Gasal 2023/2024
2999,240000908,MK06,Gasal 2023/2024
3000,240002660,MK06,Gasal 2023/2024
3001,240002373,MK07,Gasal 2023/2024
3002,240003213,MK09,Gasal 2023/2024
3003,240004655,MK02,Gasal 2023/2024
3004,240004015,MK06,Gasal 2023/2024
3005,240002931,MK02,Gasal 2023/2024
3006,240006412,MK01,Gasal 2023/2024
3007,240000909,MK10,Gasal 2023/2024
3008,240002676,MK01,Gasal 2023/2024
3009,240001624,MK06,Gasal 2023/2024
3010,240004807,MK02,Gasal 2023/2024
3011,240001626,MK04,Gasal 2023/2024
3012,240001783,MK05,Gasal 2023/2024
3013,240006983,MK01,Gasal 2023/2024
3014,240001821,MK01,Gasal 2023/2024
3015,240004182,MK03,Gasal 2023/2024
3016,240006248,MK06,Gasal 2023/2024
3017,240002219,MK04,Gasal 2023/2024
3018,240002982,MK05,Gasal 2023/2024
3019,240003525,MK02,Gasal 2023/2024
3020,240003283,MK08,Gasal 2023/2024
3021,240006028,MK03,Gasal 2023/2024
3022,240005957,MK08,Gasal 2023/2024
3023,240000195,MK06,Gasal 2023/2024
3024,240004017,MK09,Gasal 2023/2024
3025,240006569,MK06,Gasal 2023/2024
3026,240003849,MK04,Gasal 2023/2024
3027,240003396,MK01,Gasal 2023/2024
3028,240002931,MK06,Gasal 2023/2024
3029,240000453,MK05,Gasal 2023/2024
3030,240000214,MK05,Gasal 2023/2024
3031,240001563,MK10,Gasal 2023/2024
3032,240002132,MK04,Gasal 2023/2024
3033,240006427,MK01,Gasal 2023/2024
3034,240001061,MK04,Gasal 2023/2024
3035,240004257,MK09,Gasal 2023/2024
3036,240003740,MK05,Gasal 2023/2024
3037,240003966,MK01,Gasal 2023/2024
3038,240005527,MK07,Gasal 2023/2024
3039,240001125,MK01,Gasal 2023/2024
3040,240000460,MK07,Gasal 2023/2024
3041,240001198,MK02,Gasal 2023/2024
3042,240006412,MK10,Gasal 2023/2024
3043,240000015,MK05,Gasal 2023/2024
3044,240005414,MK06,Gasal 2023/2024
3045,240002117,MK10,Gasal 2023/2024
3046,240002363,MK01,Gasal 2023/2024
3047,240000002,MK04,Gasal 2023/2024
3048,240004556,MK03,Gasal 2023/2024
3049,240004429,MK01,Gasal 2023/2024
3050,240006051,MK04,Gasal 2023/2024
3051,240007110,MK06,Gasal 2023/2024
3052,240004195,MK01,Gasal 2023/2024
3053,240002045,MK01,Gasal 2023/2024
3054,240002117,MK02,Gasal 2023/2024
3055,240002923,MK02,Gasal 2023/2024
3056,240002447,MK07,Gasal 2023/2024
3057,240001479,MK09,Gasal 2023/2024
3058,240005611,MK02,Gasal 2023/2024
3059,240001554,MK07,Gasal 2023/2024
3060,240002569,MK04,Gasal 2023/2024
3061,240002705,MK05,Gasal 2023/2024
3062,240004174,MK07,Gasal 2023/2024
3063,240004546,MK02,Gasal 2023/2024
3064,240004511,MK02,Gasal 2023/2024
3065,240000628,MK08,Gasal 2023/2024
3066,240003948,MK02,Gasal 2023/2024
3067,240005719,MK10,Gasal 2023/2024
3068,240005229,MK01,Gasal 2023/2024
3069,240005451,MK09,Gasal 2023/2024
3070,240006671,MK05,Gasal 2023/2024
3071,240006915,MK03,Gasal 2023/2024
3072,240002418,MK10,Gasal 2023/2024
3073,240004085,MK06,Gasal 2023/2024
3074,240000163,MK02,Gasal 2023/2024
3075,240005615,MK07,Gasal 2023/2024
3076,240002884,MK05,Gasal 2023/2024
3077,240002747,MK07,Gasal 2023/2024
3078,240002946,MK06,Gasal 2023/2024
3079,240000165,MK07,Gasal 2023/2024
3080,240001970,MK07,Gasal 2023/2024
3081,240007003,MK02,Gasal 2023/2024
3082,240003334,MK10,Gasal 2023/2024
3083,240004067,MK08,Gasal 2023/2024
3084,240001476,MK09,Gasal 2023/2024
3085,240002617,MK06,Gasal 2023/2024
3086,240003136,MK03,Gasal 2023/2024
3087,240001999,MK06,Gasal 2023/2024
3088,240002465,MK03,Gasal 2023/2024
3089,240002482,MK05,Gasal 2023/2024
3090,240000245,MK04,Gasal 2023/2024
3091,240000383,MK02,Gasal 2023/2024
3092,240006627,MK06,Gasal 2023/2024
3093,240000902,MK06,Gasal 2023/2024
3094,240003798,MK09,Gasal 2023/2024
3095,240006231,MK03,Gasal 2023/2024
3096,240001214,MK03,Gasal 2023/2024
3097,240002348,MK07,Gasal 2023/2024
3098,240004357,MK05,Gasal 2023/2024
3099,240001668,MK07,Gasal 2023/2024
3100,240001258,MK03,Gasal 2023/2024
3101,240000731,MK10,Gasal 2023/2024
3102,240003434,MK03,Gasal 2023/2024
3103,240000931,MK05,Gasal 2023/2024
3104,240001702,MK04,Gasal 2023/2024
3105,240002085,MK02,Gasal 2023/2024
3106,240004783,MK10,Gasal 2023/2024
3107,240005991,MK04,Gasal 2023/2024
3108,240003757,MK07,Gasal 2023/2024
3109,240002623,MK02,Gasal 2023/2024
3110,240004806,MK02,Gasal 2023/2024
3111,240004631,MK07,Gasal 2023/2024
3112,240003649,MK07,Gasal 2023/2024
3113,240000970,MK09,Gasal 2023/2024
3114,240001385,MK07,Gasal 2023/2024
3115,240005240,MK10,Gasal 2023/2024
3116,240004643,MK02,Gasal 2023/2024
3117,240002713,MK08,Gasal 2023/2024
3118,240002793,MK02,Gasal 2023/2024
3119,240003470,MK06,Gasal 2023/2024
3120,240004859,MK09,Gasal 2023/2024
3121,240003779,MK01,Gasal 2023/2024
3122,240000790,MK07,Gasal 2023/2024
3123,240003387,MK04,Gasal 2023/2024
3124,240003521,MK06,Gasal 2023/2024
3125,240003431,MK04,Gasal 2023/2024
3126,240002550,MK02,Gasal 2023/2024
3127,240002251,MK02,Gasal 2023/2024
3128,240000602,MK03,Gasal 2023/2024
3129,240004708,MK03,Gasal 2023/2024
3130,240001726,MK09,Gasal 2023/2024
3131,240001160,MK05,Gasal 2023/2024
3132,240000804,MK08,Gasal 2023/2024
3133,240005488,MK07,Gasal 2023/2024
3134,240006290,MK04,Gasal 2023/2024
3135,240003265,MK01,Gasal 2023/2024
3136,240001812,MK08,Gasal 2023/2024
3137,240007038,MK03,Gasal 2023/2024
3138,240004227,MK05,Gasal 2023/2024
3139,240001697,MK09,Gasal 2023/2024
3140,240000672,MK04,Gasal 2023/2024
3141,240000042,MK07,Gasal 2023/2024
3142,240000336,MK02,Gasal 2023/2024
3143,240005317,MK09,Gasal 2023/2024
3144,240001383,MK08,Gasal 2023/2024
3145,240003411,MK06,Gasal 2023/2024
3146,240003387,MK01,Gasal 2023/2024
3147,240000112,MK01,Gasal 2023/2024
3148,240003382,MK05,Gasal 2023/2024
3149,240002392,MK09,Gasal 2023/2024
3150,240001486,MK10,Gasal 2023/2024
3151,240004934,MK02,Gasal 2023/2024
3152,240003961,MK03,Gasal 2023/2024
3153,240006967,MK06,Gasal 2023/2024
3154,240007075,MK03,Gasal 2023/2024
3155,240000845,MK06,Gasal 2023/2024
3156,240001075,MK02,Gasal 2023/2024
3157,240006803,MK06,Gasal 2023/2024
3158,240004436,MK02,Gasal 2023/2024
3159,240004678,MK03,Gasal 2023/2024
3160,240005057,MK09,Gasal 2023/2024
3161,240006609,MK06,Gasal 2023/2024
3162,240001523,MK08,Gasal 2023/2024
3163,240001666,MK08,Gasal 2023/2024
3164,240000745,MK10,Gasal 2023/2024
3165,240006532,MK08,Gasal 2023/2024
3166,240002808,MK09,Gasal 2023/2024
3167,240000485,MK07,Gasal 2023/2024
3168,240002623,MK08,Gasal 2023/2024
3169,240005034,MK09,Gasal 2023/2024
3170,240000517,MK04,Gasal 2023/2024
3171,240001862,MK10,Gasal 2023/2024
3172,240000575,MK05,Gasal 2023/2024
3173,240003578,MK02,Gasal 2023/2024
3174,240005587,MK09,Gasal 2023/2024
3175,240000807,MK05,Gasal 2023/2024
3176,240002477,MK04,Gasal 2023/2024
3177,240001271,MK04,Gasal 2023/2024
3178,240001177,MK09,Gasal 2023/2024
3179,240005031,MK01,Gasal 2023/2024
3180,240006092,MK06,Gasal 2023/2024
3181,240004593,MK04,Gasal 2023/2024
3182,240004782,MK03,Gasal 2023/2024
3183,240003165,MK08,Gasal 2023/2024
3184,240001916,MK03,Gasal 2023/2024
3185,240000116,MK04,Gasal 2023/2024
3186,240004789,MK07,Gasal 2023/2024
3187,240002178,MK06,Gasal 2023/2024
3188,240003088,MK07,Gasal 2023/2024
3189,240003312,MK02,Gasal 2023/2024
3190,240004796,MK04,Gasal 2023/2024
3191,240001339,MK03,Gasal 2023/2024
3192,240005908,MK07,Gasal 2023/2024
3193,240000071,MK05,Gasal 2023/2024
3194,240003940,MK09,Gasal 2023/2024
3195,240002717,MK06,Gasal 2023/2024
3196,240002075,MK06,Gasal 2023/2024
3197,240006329,MK05,Gasal 2023/2024
3198,240004659,MK05,Gasal 2023/2024
3199,240004265,MK08,Gasal 2023/2024
3200,240007100,MK01,Gasal 2023/2024
3201,240004055,MK05,Gasal 2023/2024
3202,240000175,MK10,Gasal 2023/2024
3203,240001418,MK02,Gasal 2023/2024
3204,240005200,MK06,Gasal 2023/2024
3205,240002844,MK06,Gasal 2023/2024
3206,240000913,MK03,Gasal 2023/2024
3207,240004843,MK07,Gasal 2023/2024
3208,240004714,MK01,Gasal 2023/2024
3209,240003950,MK02,Gasal 2023/2024
3210,240001878,MK10,Gasal 2023/2024
3211,240003757,MK09,Gasal 2023/2024
3212,240004618,MK05,Gasal 2023/2024
3213,240002124,MK09,Gasal 2023/2024
3214,240000367,MK01,Gasal 2023/2024
3215,240001472,MK08,Gasal 2023/2024
3216,240004272,MK07,Gasal 2023/2024
3217,240000175,MK01,Gasal 2023/2024
3218,240004179,MK07,Gasal 2023/2024
3219,240003697,MK03,Gasal 2023/2024
3220,240007092,MK01,Gasal 2023/2024
3221,240003247,MK04,Gasal 2023/2024
3222,240007007,MK09,Gasal 2023/2024
3223,240002369,MK05,Gasal 2023/2024
3224,240000575,MK09,Gasal 2023/2024
3225,240006319,MK07,Gasal 2023/2024
3226,240001053,MK09,Gasal 2023/2024
3227,240006246,MK06,Gasal 2023/2024
3228,240004764,MK03,Gasal 2023/2024
3229,240004846,MK07,Gasal 2023/2024
3230,240000343,MK02,Gasal 2023/2024
3231,240004674,MK03,Gasal 2023/2024
3232,240002182,MK03,Gasal 2023/2024
3233,240000166,MK02,Gasal 2023/2024
3234,240004821,MK01,Gasal 2023/2024
3235,240003727,MK08,Gasal 2023/2024
3236,240005557,MK05,Gasal 2023/2024
3237,240004168,MK03,Gasal 2023/2024
3238,240005190,MK10,Gasal 2023/2024
3239,240004693,MK06,Gasal 2023/2024
3240,240006959,MK10,Gasal 2023/2024
3241,240001921,MK05,Gasal 2023/2024
3242,240004265,MK09,Gasal 2023/2024
3243,240000489,MK03,Gasal 2023/2024
3244,240004293,MK01,Gasal 2023/2024
3245,240006145,MK02,Gasal 2023/2024
3246,240003056,MK05,Gasal 2023/2024
3247,240002623,MK07,Gasal 2023/2024
3248,240006521,MK09,Gasal 2023/2024
3249,240005215,MK04,Gasal 2023/2024
3250,240004859,MK04,Gasal 2023/2024
3251,240005207,MK08,Gasal 2023/2024
3252,240004355,MK05,Gasal 2023/2024
3253,240003035,MK09,Gasal 2023/2024
3254,240005731,MK07,Gasal 2023/2024
3255,240003768,MK04,Gasal 2023/2024
3256,240001363,MK10,Gasal 2023/2024
3257,240002380,MK03,Gasal 2023/2024
3258,240000156,MK07,Gasal 2023/2024
3259,240000025,MK01,Gasal 2023/2024
3260,240001090,MK05,Gasal 2023/2024
3261,240001026,MK10,Gasal 2023/2024
3262,240004616,MK03,Gasal 2023/2024
3263,240001660,MK05,Gasal 2023/2024
3264,240004556,MK04,Gasal 2023/2024
3265,240000940,MK10,Gasal 2023/2024
3266,240000413,MK09,Gasal 2023/2024
3267,240004956,MK08,Gasal 2023/2024
3268,240003950,MK02,Gasal 2023/2024
3269,240005837,MK10,Gasal 2023/2024
3270,240007205,MK08,Gasal 2023/2024
3271,240006112,MK07,Gasal 2023/2024
3272,240003933,MK08,Gasal 2023/2024
3273,240001171,MK03,Gasal 2023/2024
3274,240003966,MK04,Gasal 2023/2024
3275,240003942,MK02,Gasal 2023/2024
3276,240006011,MK06,Gasal 2023/2024
3277,240002011,MK08,Gasal 2023/2024
3278,240000176,MK07,Gasal 2023/2024
3279,240006056,MK07,Gasal 2023/2024
3280,240000210,MK03,Gasal 2023/2024
3281,240003740,MK09,Gasal 2023/2024
3282,240004271,MK06,Gasal 2023/2024
3283,240003061,MK04,Gasal 2023/2024
3284,240004599,MK03,Gasal 2023/2024
3285,240006268,MK10,Gasal 2023/2024
3286,240002173,MK02,Gasal 2023/2024
3287,240001493,MK08,Gasal 2023/2024
3288,240001485,MK01,Gasal 2023/2024
3289,240003476,MK01,Gasal 2023/2024
3290,240003493,MK04,Gasal 2023/2024
3291,240003018,MK04,Gasal 2023/2024
3292,240006597,MK10,Gasal 2023/2024
3293,240005134,MK04,Gasal 2023/2024
3294,240003447,MK03,Gasal 2023/2024
3295,240004399,MK06,Gasal 2023/2024
3296,240001568,MK02,Gasal 2023/2024
3297,240004726,MK09,Gasal 2023/2024
3298,240002414,MK04,Gasal 2023/2024
3299,240004177,MK08,Gasal 2023/2024
3300,240005147,MK08,Gasal 2023/2024
3301,240001375,MK02,Gasal 2023/2024
3302,240004331,MK09,Gasal 2023/2024
3303,240000332,MK03,Gasal 2023/2024
3304,240001606,MK02,Gasal 2023/2024
3305,240006399,MK10,Gasal 2023/2024
3306,240005458,MK05,Gasal 2023/2024
3307,240006986,MK03,Gasal 2023/2024
3308,240006857,MK02,Gasal 2023/2024
3309,240006928,MK07,Gasal 2023/2024
3310,240002839,MK04,Gasal 2023/2024
3311,240002401,MK10,Gasal 2023/2024
3312,240004784,MK05,Gasal 2023/2024
3313,240001136,MK03,Gasal 2023/2024
3314,240001439,MK04,Gasal 2023/2024
3315,240001693,MK04,Gasal 2023/2024
3316,240003858,MK08,Gasal 2023/2024
3317,240006127,MK07,Gasal 2023/2024
3318,240000130,MK01,Gasal 2023/2024
3319,240002976,MK06,Gasal 2023/2024
3320,240001043,MK05,Gasal 2023/2024
3321,240006762,MK07,Gasal 2023/2024
3322,240000575,MK10,Gasal 2023/2024
3323,240006616,MK08,Gasal 2023/2024
3324,240001419,MK10,Gasal 2023/2024
3325,240002673,MK10,Gasal 2023/2024
3326,240002926,MK03,Gasal 2023/2024
3327,240000811,MK09,Gasal 2023/2024
3328,240004163,MK10,Gasal 2023/2024
3329,240002334,MK10,Gasal 2023/2024
3330,240003276,MK02,Gasal 2023/2024
3331,240002593,MK03,Gasal 2023/2024
3332,240000943,MK07,Gasal 2023/2024
3333,240001066,MK02,Gasal 2023/2024
3334,240003636,MK04,Gasal 2023/2024
3335,240004432,MK04,Gasal 2023/2024
3336,240005306,MK06,Gasal 2023/2024
3337,240004007,MK07,Gasal 2023/2024
3338,240001383,MK05,Gasal 2023/2024
3339,240007102,MK09,Gasal 2023/2024
3340,240000809,MK01,Gasal 2023/2024
3341,240005857,MK04,Gasal 2023/2024
3342,240005340,MK04,Gasal 2023/2024
3343,240003987,MK10,Gasal 2023/2024
3344,240004306,MK05,Gasal 2023/2024
3345,240006379,MK03,Gasal 2023/2024
3346,240000203,MK08,Gasal 2023/2024
3347,240006877,MK08,Gasal 2023/2024
3348,240000005,MK03,Gasal 2023/2024
3349,240003497,MK03,Gasal 2023/2024
3350,240002369,MK02,Gasal 2023/2024
3351,240004156,MK06,Gasal 2023/2024
3352,240004499,MK10,Gasal 2023/2024
3353,240006766,MK02,Gasal 2023/2024
3354,240004132,MK01,Gasal 2023/2024
3355,240000057,MK04,Gasal 2023/2024
3356,240004812,MK02,Gasal 2023/2024
3357,240000585,MK05,Gasal 2023/2024
3358,240004352,MK02,Gasal 2023/2024
3359,240000690,MK01,Gasal 2023/2024
3360,240000694,MK06,Gasal 2023/2024
3361,240000690,MK02,Gasal 2023/2024
3362,240002340,MK02,Gasal 2023/2024
3363,240001085,MK09,Gasal 2023/2024
3364,240004005,MK05,Gasal 2023/2024
3365,240005918,MK02,Gasal 2023/2024
3366,240001756,MK05,Gasal 2023/2024
3367,240005560,MK01,Gasal 2023/2024
3368,240003966,MK10,Gasal 2023/2024
3369,240006592,MK06,Gasal 2023/2024
3370,240001602,MK05,Gasal 2023/2024
3371,240006229,MK08,Gasal 2023/2024
3372,240004792,MK06,Gasal 2023/2024
3373,240001459,MK07,Gasal 2023/2024
3374,240002548,MK05,Gasal 2023/2024
3375,240001997,MK09,Gasal 2023/2024
3376,240000959,MK08,Gasal 2023/2024
3377,240001065,MK10,Gasal 2023/2024
3378,240002245,MK04,Gasal 2023/2024
3379,240000008,MK03,Gasal 2023/2024
3380,240004898,MK06,Gasal 2023/2024
3381,240004299,MK04,Gasal 2023/2024
3382,240003226,MK08,Gasal 2023/2024
3383,240000522,MK10,Gasal 2023/2024
3384,240005781,MK04,Gasal 2023/2024
3385,240004065,MK04,Gasal 2023/2024
3386,240004075,MK05,Gasal 2023/2024
3387,240000288,MK10,Gasal 2023/2024
3388,240006266,MK03,Gasal 2023/2024
3389,240004767,MK06,Gasal 2023/2024
3390,240004192,MK04,Gasal 2023/2024
3391,240004818,MK03,Gasal 2023/2024
3392,240004678,MK07,Gasal 2023/2024
3393,240000026,MK07,Gasal 2023/2024
3394,240000753,MK01,Gasal 2023/2024
3395,240004636,MK07,Gasal 2023/2024
3396,240001376,MK04,Gasal 2023/2024
3397,240005603,MK08,Gasal 2023/2024
3398,240004642,MK04,Gasal 2023/2024
3399,240006267,MK09,Gasal 2023/2024
3400,240002392,MK03,Gasal 2023/2024
3401,240002323,MK01,Gasal 2023/2024
3402,240000080,MK05,Gasal 2023/2024
3403,240004851,MK08,Gasal 2023/2024
3404,240003256,MK07,Gasal 2023/2024
3405,240000585,MK08,Gasal 2023/2024
3406,240002547,MK03,Gasal 2023/2024
3407,240006407,MK02,Gasal 2023/2024
3408,240006099,MK08,Gasal 2023/2024
3409,240004789,MK09,Gasal 2023/2024
3410,240005132,MK07,Gasal 2023/2024
3411,240001884,MK09,Gasal 2023/2024
3412,240003311,MK01,Gasal 2023/2024
3413,240001429,MK05,Gasal 2023/2024
3414,240000534,MK05,Gasal 2023/2024
3415,240001346,MK04,Gasal 2023/2024
3416,240001647,MK01,Gasal 2023/2024
3417,240000114,MK09,Gasal 2023/2024
3418,240002599,MK04,Gasal 2023/2024
3419,240001054,MK02,Gasal 2023/2024
3420,240005062,MK08,Gasal 2023/2024
3421,240006417,MK01,Gasal 2023/2024
3422,240004641,MK05,Gasal 2023/2024
3423,240001776,MK07,Gasal 2023/2024
3424,240004373,MK08,Gasal 2023/2024
3425,240001448,MK07,Gasal 2023/2024
3426,240003389,MK08,Gasal 2023/2024
3427,240004311,MK06,Gasal 2023/2024
3428,240002542,MK03,Gasal 2023/2024
3429,240006022,MK05,Gasal 2023/2024
3430,240002623,MK01,Gasal 2023/2024
3431,240000290,MK01,Gasal 2023/2024
3432,240000537,MK04,Gasal 2023/2024
3433,240000807,MK01,Gasal 2023/2024
3434,240000800,MK08,Gasal 2023/2024
3435,240004597,MK07,Gasal 2023/2024
3436,240000261,MK06,Gasal 2023/2024
3437,240000858,MK09,Gasal 2023/2024
3438,240002456,MK05,Gasal 2023/2024
3439,240003829,MK09,Gasal 2023/2024
3440,240001797,MK07,Gasal 2023/2024
3441,240002809,MK03,Gasal 2023/2024
3442,240000080,MK07,Gasal 2023/2024
3443,240004547,MK04,Gasal 2023/2024
3444,240001143,MK02,Gasal 2023/2024
3445,240003131,MK09,Gasal 2023/2024
3446,240003740,MK02,Gasal 2023/2024
3447,240000655,MK10,Gasal 2023/2024
3448,240004718,MK01,Gasal 2023/2024
3449,240002194,MK03,Gasal 2023/2024
3450,240006065,MK10,Gasal 2023/2024
3451,240004811,MK08,Gasal 2023/2024
3452,240000521,MK03,Gasal 2023/2024
3453,240000664,MK04,Gasal 2023/2024
3454,240003144,MK01,Gasal 2023/2024
3455,240001830,MK02,Gasal 2023/2024
3456,240004509,MK06,Gasal 2023/2024
3457,240000721,MK04,Gasal 2023/2024
3458,240003479,MK07,Gasal 2023/2024
3459,240001326,MK08,Gasal 2023/2024
3460,240000284,MK09,Gasal 2023/2024
3461,240004914,MK01,Gasal 2023/2024
3462,240000547,MK07,Gasal 2023/2024
3463,240005171,MK07,Gasal 2023/2024
3464,240006949,MK06,Gasal 2023/2024
3465,240000754,MK06,Gasal 2023/2024
3466,240004065,MK10,Gasal 2023/2024
3467,240004727,MK04,Gasal 2023/2024
3468,240003506,MK06,Gasal 2023/2024
3469,240007202,MK04,Gasal 2023/2024
3470,240006891,MK06,Gasal 2023/2024
3471,240001415,MK06,Gasal 2023/2024
3472,240001046,MK02,Gasal 2023/2024
3473,240006698,MK08,Gasal 2023/2024
3474,240006371,MK09,Gasal 2023/2024
3475,240001020,MK05,Gasal 2023/2024
3476,240002231,MK03,Gasal 2023/2024
3477,240005322,MK04,Gasal 2023/2024
3478,240002776,MK10,Gasal 2023/2024
3479,240000624,MK10,Gasal 2023/2024
3480,240001879,MK07,Gasal 2023/2024
3481,240004163,MK02,Gasal 2023/2024
3482,240005087,MK01,Gasal 2023/2024
3483,240001676,MK06,Gasal 2023/2024
3484,240004630,MK05,Gasal 2023/2024
3485,240000811,MK01,Gasal 2023/2024
3486,240000860,MK08,Gasal 2023/2024
3487,240006137,MK01,Gasal 2023/2024
3488,240002489,MK03,Gasal 2023/2024
3489,240004098,MK03,Gasal 2023/2024
3490,240005366,MK09,Gasal 2023/2024
3491,240002853,MK10,Gasal 2023/2024
3492,240002392,MK04,Gasal 2023/2024
3493,240004901,MK01,Gasal 2023/2024
3494,240004743,MK09,Gasal 2023/2024
3495,240002847,MK08,Gasal 2023/2024
3496,240007238,MK08,Gasal 2023/2024
3497,240001840,MK02,Gasal 2023/2024
3498,240002760,MK05,Gasal 2023/2024
3499,240002852,MK04,Gasal 2023/2024
3500,240001720,MK02,Gasal 2023/2024
3501,240004132,MK03,Gasal 2023/2024
3502,240001066,MK03,Gasal 2023/2024
3503,240000037,MK04,Gasal 2023/2024
3504,240006589,MK08,Gasal 2023/2024
3505,240002583,MK09,Gasal 2023/2024
3506,240004381,MK07,Gasal 2023/2024
3507,240004502,MK03,Gasal 2023/2024
3508,240000563,MK04,Gasal 2023/2024
3509,240004382,MK08,Gasal 2023/2024
3510,240004177,MK08,Gasal 2023/2024
3511,240002267,MK04,Gasal 2023/2024
3512,240001883,MK07,Gasal 2023/2024
3513,240006141,MK05,Gasal 2023/2024
3514,240006803,MK01,Gasal 2023/2024
3515,240002407,MK01,Gasal 2023/2024
3516,240004740,MK08,Gasal 2023/2024
3517,240006355,MK05,Gasal 2023/2024
3518,240002677,MK09,Gasal 2023/2024
3519,240002086,MK10,Gasal 2023/2024
3520,240001053,MK10,Gasal 2023/2024
3521,240001526,MK08,Gasal 2023/2024
3522,240001082,MK02,Gasal 2023/2024
3523,240004391,MK04,Gasal 2023/2024
3524,240001914,MK02,Gasal 2023/2024
3525,240004754,MK04,Gasal 2023/2024
3526,240004120,MK03,Gasal 2023/2024
3527,240003498,MK04,Gasal 2023/2024
3528,240002498,MK04,Gasal 2023/2024
3529,240002528,MK02,Gasal 2023/2024
3530,240001041,MK09,Gasal 2023/2024
3531,240002732,MK10,Gasal 2023/2024
3532,240002289,MK08,Gasal 2023/2024
3533,240000401,MK03,Gasal 2023/2024
3534,240007222,MK06,Gasal 2023/2024
3535,240000783,MK02,Gasal 2023/2024
3536,240007224,MK01,Gasal 2023/2024
3537,240000510,MK07,Gasal 2023/2024
3538,240001188,MK09,Gasal 2023/2024
3539,240004139,MK03,Gasal 2023/2024
3540,240004009,MK10,Gasal 2023/2024
3541,240003230,MK10,Gasal 2023/2024
3542,240003611,MK04,Gasal 2023/2024
3543,240001957,MK06,Gasal 2023/2024
3544,240002043,MK04,Gasal 2023/2024
3545,240001887,MK09,Gasal 2023/2024
3546,240002111,MK01,Gasal 2023/2024
3547,240000793,MK02,Gasal 2023/2024
3548,240006099,MK04,Gasal 2023/2024
3549,240002726,MK09,Gasal 2023/2024
3550,240002340,MK01,Gasal 2023/2024
3551,240004335,MK04,Gasal 2023/2024
3552,240005345,MK09,Gasal 2023/2024
3553,240000691,MK03,Gasal 2023/2024
3554,240000239,MK08,Gasal 2023/2024
3555,240005565,MK05,Gasal 2023/2024
3556,240004807,MK10,Gasal 2023/2024
3557,240004533,MK05,Gasal 2023/2024
3558,240000413,MK01,Gasal 2023/2024
3559,240001538,MK08,Gasal 2023/2024
3560,240004208,MK08,Gasal 2023/2024
3561,240006473,MK01,Gasal 2023/2024
3562,240005485,MK04,Gasal 2023/2024
3563,240006241,MK10,Gasal 2023/2024
3564,240006048,MK03,Gasal 2023/2024
3565,240004197,MK03,Gasal 2023/2024
3566,240003817,MK08,Gasal 2023/2024
3567,240004214,MK01,Gasal 2023/2024
3568,240004477,MK07,Gasal 2023/2024
3569,240001990,MK05,Gasal 2023/2024
3570,240002208,MK06,Gasal 2023/2024
3571,240000501,MK01,Gasal 2023/2024
3572,240004042,MK08,Gasal 2023/2024
3573,240000040,MK06,Gasal 2023/2024
3574,240002142,MK03,Gasal 2023/2024
3575,240006457,MK03,Gasal 2023/2024
3576,240000996,MK05,Gasal 2023/2024
3577,240004100,MK01,Gasal 2023/2024
3578,240003927,MK05,Gasal 2023/2024
3579,240001510,MK07,Gasal 2023/2024
3580,240003090,MK07,Gasal 2023/2024
3581,240001381,MK05,Gasal 2023/2024
3582,240001086,MK07,Gasal 2023/2024
3583,240003006,MK10,Gasal 2023/2024
3584,240005886,MK03,Gasal 2023/2024
3585,240005756,MK03,Gasal 2023/2024
3586,240001562,MK04,Gasal 2023/2024
3587,240003886,MK09,Gasal 2023/2024
3588,240003687,MK05,Gasal 2023/2024
3589,240005666,MK09,Gasal 2023/2024
3590,240001227,MK03,Gasal 2023/2024
3591,240000124,MK01,Gasal 2023/2024
3592,240001783,MK02,Gasal 2023/2024
3593,240002760,MK09,Gasal 2023/2024
3594,240003493,MK08,Gasal 2023/2024
3595,240001762,MK08,Gasal 2023/2024
3596,240004652,MK10,Gasal 2023/2024
3597,240006148,MK06,Gasal 2023/2024
3598,240002419,MK07,Gasal 2023/2024
3599,240000888,MK01,Gasal 2023/2024
3600,240000114,MK04,Gasal 2023/2024
3601,240004314,MK09,Gasal 2023/2024
3602,240004170,MK04,Gasal 2023/2024
3603,240001914,MK07,Gasal 2023/2024
3604,240000705,MK02,Gasal 2023/2024
3605,240003929,MK03,Gasal 2023/2024
3606,240003983,MK04,Gasal 2023/2024
3607,240003791,MK01,Gasal 2023/2024
3608,240002389,MK03,Gasal 2023/2024
3609,240001356,MK02,Gasal 2023/2024
3610,240003661,MK03,Gasal 2023/2024
3611,240000941,MK06,Gasal 2023/2024
3612,240004395,MK04,Gasal 2023/2024
3613,240004245,MK01,Gasal 2023/2024
3614,240004139,MK06,Gasal 2023/2024
3615,240004579,MK02,Gasal 2023/2024
3616,240002728,MK07,Gasal 2023/2024
3617,240002110,MK04,Gasal 2023/2024
3618,240003681,MK06,Gasal 2023/2024
3619,240001351,MK05,Gasal 2023/2024
3620,240003840,MK04,Gasal 2023/2024
3621,240007090,MK04,Gasal 2023/2024
3622,240000057,MK06,Gasal 2023/2024
3623,240001383,MK08,Gasal 2023/2024
3624,240002060,MK03,Gasal 2023/2024
3625,240003783,MK06,Gasal 2023/2024
3626,240002115,MK04,Gasal 2023/2024
3627,240002662,MK07,Gasal 2023/2024
3628,240000567,MK07,Gasal 2023/2024
3629,240002195,MK02,Gasal 2023/2024
3630,240000613,MK07,Gasal 2023/2024
3631,240003492,MK10,Gasal 2023/2024
3632,240000559,MK10,Gasal 2023/2024
3633,240000552,MK01,Gasal 2023/2024
3634,240002697,MK09,Gasal 2023/2024
3635,240005163,MK05,Gasal 2023/2024
3636,240000164,MK10,Gasal 2023/2024
3637,240002588,MK08,Gasal 2023/2024
3638,240004777,MK03,Gasal 2023/2024
3639,240002320,MK07,Gasal 2023/2024
3640,240000839,MK05,Gasal 2023/2024
3641,240003112,MK03,Gasal 2023/2024
3642,240003617,MK10,Gasal 2023/2024
3643,240002450,MK09,Gasal 2023/2024
3644,240004788,MK07,Gasal 2023/2024
3645,240001317,MK07,Gasal 2023/2024
3646,240000233,MK09,Gasal 2023/2024
3647,240003701,MK10,Gasal 2023/2024
3648,240006275,MK02,Gasal 2023/2024
3649,240004029,MK02,Gasal 2023/2024
3650,240001174,MK01,Gasal 2023/2024
3651,240003645,MK03,Gasal 2023/2024
3652,240002804,MK02,Gasal 2023/2024
3653,240003862,MK08,Gasal 2023/2024
3654,240002444,MK02,Gasal 2023/2024
3655,240004155,MK01,Gasal 2023/2024
3656,240000133,MK03,Gasal 2023/2024
3657,240005747,MK05,Gasal 2023/2024
3658,240006098,MK07,Gasal 2023/2024
3659,240000085,MK06,Gasal 2023/2024
3660,240002039,MK06,Gasal 2023/2024
3661,240000885,MK04,Gasal 2023/2024
3662,240002827,MK10,Gasal 2023/2024
3663,240002618,MK09,Gasal 2023/2024
3664,240000624,MK01,Gasal 2023/2024
3665,240002446,MK01,Gasal 2023/2024
3666,240002118,MK01,Gasal 2023/2024
3667,240004616,MK07,Gasal 2023/2024
3668,240005779,MK03,Gasal 2023/2024
3669,240003217,MK07,Gasal 2023/2024
3670,240005983,MK07,Gasal 2023/2024
3671,240001420,MK10,Gasal 2023/2024
3672,240005507,MK06,Gasal 2023/2024
3673,240000114,MK03,Gasal 2023/2024
3674,240007030,MK09,Gasal 2023/2024
3675,240004777,MK05,Gasal 2023/2024
3676,240006716,MK06,Gasal 2023/2024
3677,240002576,MK04,Gasal 2023/2024
3678,240001984,MK10,Gasal 2023/2024
3679,240002204,MK09,Gasal 2023/2024
3680,240004794,MK08,Gasal 2023/2024
3681,240005937,MK01,Gasal 2023/2024
3682,240006863,MK10,Gasal 2023/2024
3683,240003116,MK10,Gasal 2023/2024
3684,240004995,MK01,Gasal 2023/2024
3685,240001897,MK07,Gasal 2023/2024
3686,240002251,MK10,Gasal 2023/2024
3687,240002885,MK09,Gasal 2023/2024
3688,240001034,MK07,Gasal 2023/2024
3689,240005362,MK09,Gasal 2023/2024
3690,240006800,MK03,Gasal 2023/2024
3691,240006313,MK03,Gasal 2023/2024
3692,240001292,MK08,Gasal 2023/2024
3693,240003321,MK07,Gasal 2023/2024
3694,240004543,MK05,Gasal 2023/2024
3695,240000248,MK06,Gasal 2023/2024
3696,240005073,MK08,Gasal 2023/2024
3697,240001938,MK03,Gasal 2023/2024
3698,240001157,MK01,Gasal 2023/2024
3699,240000502,MK01,Gasal 2023/2024
3700,240005325,MK06,Gasal 2023/2024
3701,240002370,MK08,Gasal 2023/2024
3702,240002422,MK01,Gasal 2023/2024
3703,240004813,MK01,Gasal 2023/2024
3704,240003938,MK01,Gasal 2023/2024
3705,240003466,MK07,Gasal 2023/2024
3706,240002774,MK09,Gasal 2023/2024
3707,240001303,MK10,Gasal 2023/2024
3708,240004250,MK10,Gasal 2023/2024
3709,240002631,MK08,Gasal 2023/2024
3710,240002141,MK05,Gasal 2023/2024
3711,240001817,MK05,Gasal 2023/2024
3712,240001891,MK10,Gasal 2023/2024
3713,240000677,MK05,Gasal 2023/2024
3714,240007090,MK02,Gasal 2023/2024
3715,240000948,MK05,Gasal 2023/2024
3716,240001718,MK08,Gasal 2023/2024
3717,240002663,MK02,Gasal 2023/2024
3718,240001322,MK05,Gasal 2023/2024
3719,240004149,MK09,Gasal 2023/2024
3720,240006078,MK02,Gasal 2023/2024
3721,240000070,MK10,Gasal 2023/2024
3722,240002025,MK02,Gasal 2023/2024
3723,240000603,MK02,Gasal 2023/2024
3724,240004567,MK03,Gasal 2023/2024
3725,240006682,MK03,Gasal 2023/2024
3726,240003062,MK06,Gasal 2023/2024
3727,240000324,MK01,Gasal 2023/2024
3728,240002801,MK07,Gasal 2023/2024
3729,240005737,MK08,Gasal 2023/2024
3730,240001123,MK06,Gasal 2023/2024
3731,240001555,MK02,Gasal 2023/2024
3732,240006529,MK10,Gasal 2023/2024
3733,240002211,MK02,Gasal 2023/2024
3734,240000927,MK10,Gasal 2023/2024
3735,240000560,MK08,Gasal 2023/2024
3736,240006361,MK03,Gasal 2023/2024
3737,240001727,MK03,Gasal 2023/2024
3738,240005152,MK06,Gasal 2023/2024
3739,240005623,MK07,Gasal 2023/2024
3740,240006295,MK05,Gasal 2023/2024
3741,240002038,MK05,Gasal 2023/2024
3742,240001832,MK09,Gasal 2023/2024
3743,240006544,MK03,Gasal 2023/2024
3744,240001840,MK03,Gasal 2023/2024
3745,240000885,MK01,Gasal 2023/2024
3746,240005640,MK03,Gasal 2023/2024
3747,240001938,MK06,Gasal 2023/2024
3748,240000834,MK05,Gasal 2023/2024
3749,240001727,MK04,Gasal 2023/2024
3750,240001355,MK09,Gasal 2023/2024
3751,240001879,MK06,Gasal 2023/2024
3752,240004120,MK04,Gasal 2023/2024
3753,240004520,MK08,Gasal 2023/2024
3754,240002965,MK01,Gasal 2023/2024
3755,240001929,MK04,Gasal 2023/2024
3756,240004418,MK04,Gasal 2023/2024
3757,240002302,MK04,Gasal 2023/2024
3758,240001419,MK04,Gasal 2023/2024
3759,240004189,MK10,Gasal 2023/2024
3760,240006422,MK06,Gasal 2023/2024
3761,240002967,MK10,Gasal 2023/2024
3762,240004982,MK03,Gasal 2023/2024
3763,240001551,MK03,Gasal 2023/2024
3764,240003327,MK01,Gasal 2023/2024
3765,240001045,MK01,Gasal 2023/2024
3766,240006190,MK05,Gasal 2023/2024
3767,240003785,MK08,Gasal 2023/2024
3768,240001121,MK03,Gasal 2023/2024
3769,240002672,MK09,Gasal 2023/2024
3770,240001182,MK07,Gasal 2023/2024
3771,240003902,MK06,Gasal 2023/2024
3772,240006393,MK05,Gasal 2023/2024
3773,240001996,MK04,Gasal 2023/2024
3774,240000558,MK08,Gasal 2023/2024
3775,240004184,MK08,Gasal 2023/2024
3776,240003392,MK03,Gasal 2023/2024
3777,240003116,MK01,Gasal 2023/2024
3778,240003414,MK10,Gasal 2023/2024
3779,240004373,MK05,Gasal 2023/2024
3780,240004085,MK08,Gasal 2023/2024
3781,240004869,MK02,Gasal 2023/2024
3782,240006570,MK07,Gasal 2023/2024
3783,240001825,MK01,Gasal 2023/2024
3784,240006272,MK04,Gasal 2023/2024
3785,240004094,MK06,Gasal 2023/2024
3786,240004752,MK08,Gasal 2023/2024
3787,240002054,MK06,Gasal 2023/2024
3788,240006845,MK10,Gasal 2023/2024
3789,240003209,MK01,Gasal 2023/2024
3790,240004452,MK02,Gasal 2023/2024
3791,240006028,MK02,Gasal 2023/2024
3792,240002401,MK01,Gasal 2023/2024
3793,240000462,MK08,Gasal 2023/2024
3794,240005837,MK05,Gasal 2023/2024
3795,240001184,MK03,Gasal 2023/2024
3796,240002650,MK04,Gasal 2023/2024
3797,240005365,MK01,Gasal 2023/2024
3798,240005698,MK09,Gasal 2023/2024
3799,240003106,MK10,Gasal 2023/2024
3800,240001507,MK01,Gasal 2023/2024
3801,240003349,MK10,Gasal 2023/2024
3802,240006814,MK03,Gasal 2023/2024
3803,240003596,MK03,Gasal 2023/2024
3804,240000172,MK10,Gasal 2023/2024
3805,240000018,MK08,Gasal 2023/2024
3806,240001633,MK03,Gasal 2023/2024
3807,240001165,MK06,Gasal 2023/2024
3808,240003211,MK07,Gasal 2023/2024
3809,240003853,MK06,Gasal 2023/2024
3810,240005682,MK01,Gasal 2023/2024
3811,240002382,MK01,Gasal 2023/2024
3812,240000483,MK04,Gasal 2023/2024
3813,240005392,MK09,Gasal 2023/2024
3814,240006323,MK01,Gasal 2023/2024
3815,240006999,MK10,Gasal 2023/2024
3816,240004709,MK06,Gasal 2023/2024
3817,240006248,MK10,Gasal 2023/2024
3818,240005038,MK07,Gasal 2023/2024
3819,240000851,MK03,Gasal 2023/2024
3820,240002788,MK09,Gasal 2023/2024
3821,240004837,MK10,Gasal 2023/2024
3822,240000346,MK07,Gasal 2023/2024
3823,240000963,MK10,Gasal 2023/2024
3824,240003941,MK10,Gasal 2023/2024
3825,240002050,MK06,Gasal 2023/2024
3826,240003249,MK01,Gasal 2023/2024
3827,240002609,MK10,Gasal 2023/2024
3828,240005882,MK07,Gasal 2023/2024
3829,240001683,MK07,Gasal 2023/2024
3830,240000175,MK02,Gasal 2023/2024
3831,240001471,MK04,Gasal 2023/2024
3832,240003525,MK08,Gasal 2023/2024
3833,240003740,MK03,Gasal 2023/2024
3834,240000306,MK07,Gasal 2023/2024
3835,240000803,MK07,Gasal 2023/2024
3836,240003806,MK02,Gasal 2023/2024
3837,240003403,MK09,Gasal 2023/2024
3838,240006255,MK06,Gasal 2023/2024
3839,240002225,MK10,Gasal 2023/2024
3840,240005354,MK02,Gasal 2023/2024
3841,240002345,MK08,Gasal 2023/2024
3842,240004783,MK03,Gasal 2023/2024
3843,240002204,MK10,Gasal 2023/2024
3844,240000350,MK01,Gasal 2023/2024
3845,240001266,MK08,Gasal 2023/2024
3846,240003074,MK09,Gasal 2023/2024
3847,240003240,MK05,Gasal 2023/2024
3848,240005577,MK07,Gasal 2023/2024
3849,240004555,MK09,Gasal 2023/2024
3850,240002039,MK06,Gasal 2023/2024
3851,240000811,MK04,Gasal 2023/2024
3852,240002182,MK10,Gasal 2023/2024
3853,240002740,MK01,Gasal 2023/2024
3854,240004972,MK06,Gasal 2023/2024
3855,240006962,MK10,Gasal 2023/2024
3856,240006622,MK02,Gasal 2023/2024
3857,240000894,MK08,Gasal 2023/2024
3858,240000261,MK03,Gasal 2023/2024
3859,240001839,MK03,Gasal 2023/2024
3860,240002519,MK10,Gasal 2023/2024
3861,240002554,MK06,Gasal 2023/2024
3862,240002354,MK09,Gasal 2023/2024
3863,240006565,MK07,Gasal 2023/2024
3864,240004823,MK03,Gasal 2023/2024
3865,240003774,MK09,Gasal 2023/2024
3866,240002006,MK10,Gasal 2023/2024
3867,240004639,MK01,Gasal 2023/2024
3868,240003249,MK06,Gasal 2023/2024
3869,240000506,MK04,Gasal 2023/2024
3870,240002333,MK03,Gasal 2023/2024
3871,240001620,MK05,Gasal 2023/2024
3872,240002789,MK06,Gasal 2023/2024
3873,240003018,MK01,Gasal 2023/2024
3874,240006577,MK02,Gasal 2023/2024
3875,240001121,MK06,Gasal 2023/2024
3876,240002986,MK04,Gasal 2023/2024
3877,240002728,MK06,Gasal 2023/2024
3878,240003724,MK03,Gasal 2023/2024
3879,240001709,MK06,Gasal 2023/2024
3880,240000108,MK05,Gasal 2023/2024
3881,240001591,MK04,Gasal 2023/2024
3882,240003940,MK02,Gasal 2023/2024
3883,240001721,MK09,Gasal 2023/2024
3884,240007194,MK05,Gasal 2023/2024
3885,240004292,MK10,Gasal 2023/2024
3886,240000928,MK08,Gasal 2023/2024
3887,240006145,MK06,Gasal 2023/2024
3888,240005139,MK09,Gasal 2023/2024
3889,240000255,MK06,Gasal 2023/2024
3890,240007171,MK01,Gasal 2023/2024
3891,240000983,MK05,Gasal 2023/2024
3892,240002911,MK01,Gasal 2023/2024
3893,240002202,MK10,Gasal 2023/2024
3894,240003508,MK07,Gasal 2023/2024
3895,240004146,MK06,Gasal 2023/2024
3896,240000997,MK01,Gasal 2023/2024
3897,240002710,MK06,Gasal 2023/2024
3898,240003573,MK07,Gasal 2023/2024
3899,240005633,MK05,Gasal 2023/2024
3900,240004816,MK04,Gasal 2023/2024
3901,240007090,MK05,Gasal 2023/2024
3902,240002887,MK05,Gasal 2023/2024
3903,240001825,MK04,Gasal 2023/2024
3904,240004073,MK07,Gasal 2023/2024
3905,240000585,MK02,Gasal 2023/2024
3906,240004100,MK03,Gasal 2023/2024
3907,240003556,MK10,Gasal 2023/2024
3908,240006931,MK05,Gasal 2023/2024
3909,240001046,MK04,Gasal 2023/2024
3910,240003724,MK03,Gasal 2023/2024
3911,240003948,MK05,Gasal 2023/2024
3912,240000058,MK04,Gasal 2023/2024
3913,240002765,MK10,Gasal 2023/2024
3914,240006236,MK01,Gasal 2023/2024
3915,240001503,MK08,Gasal 2023/2024
3916,240004789,MK02,Gasal 2023/2024
3917,240004851,MK06,Gasal 2023/2024
3918,240003089,MK10,Gasal 2023/2024
3919,240000708,MK02,Gasal 2023/2024
3920,240002408,MK01,Gasal 2023/2024
3921,240000879,MK04,Gasal 2023/2024
3922,240004197,MK05,Gasal 2023/2024
3923,240002587,MK07,Gasal 2023/2024
3924,240001464,MK06,Gasal 2023/2024
3925,240000071,MK02,Gasal 2023/2024
3926,240005555,MK04,Gasal 2023/2024
3927,240002618,MK10,Gasal 2023/2024
3928,240000353,MK09,Gasal 2023/2024
3929,240003590,MK05,Gasal 2023/2024
3930,240001530,MK08,Gasal 2023/2024
3931,240005288,MK05,Gasal 2023/2024
3932,240006716,MK03,Gasal 2023/2024
3933,240005655,MK04,Gasal 2023/2024
3934,240000214,MK06,Gasal 2023/2024
3935,240007197,MK09,Gasal 2023/2024
3936,240005602,MK01,Gasal 2023/2024
3937,240001213,MK05,Gasal 2023/2024
3938,240000092,MK09,Gasal 2023/2024
3939,240001356,MK05,Gasal 2023/2024
3940,240005712,MK10,Gasal 2023/2024
3941,240001277,MK10,Gasal 2023/2024
3942,240004818,MK02,Gasal 2023/2024
3943,240002534,MK10,Gasal 2023/2024
3944,240003377,MK02,Gasal 2023/2024
3945,240003635,MK02,Gasal 2023/2024
3946,240003621,MK08,Gasal 2023/2024
3947,240000532,MK10,Gasal 2023/2024
3948,240003610,MK07,Gasal 2023/2024
3949,240001521,MK02,Gasal 2023/2024
3950,240005328,MK03,Gasal 2023/2024
3951,240001929,MK10,Gasal 2023/2024
3952,240001863,MK05,Gasal 2023/2024
3953,240004806,MK01,Gasal 2023/2024
3954,240004510,MK05,Gasal 2023/2024
3955,240002662,MK02,Gasal 2023/2024
3956,240002940,MK04,Gasal 2023/2024
3957,240004952,MK07,Gasal 2023/2024
3958,240006703,MK10,Gasal 2023/2024
3959,240004605,MK05,Gasal 2023/2024
3960,240003024,MK05,Gasal 2023/2024
3961,240002982,MK07,Gasal 2023/2024
3962,240002418,MK06,Gasal 2023/2024
3963,240005328,MK04,Gasal 2023/2024
3964,240001995,MK02,Gasal 2023/2024
3965,240003428,MK09,Gasal 2023/2024
3966,240003113,MK09,Gasal 2023/2024
3967,240006157,MK02,Gasal 2023/2024
3968,240001751,MK05,Gasal 2023/2024
3969,240004811,MK08,Gasal 2023/2024
3970,240001034,MK10,Gasal 2023/2024
3971,240003170,MK01,Gasal 2023/2024
3972,240001770,MK06,Gasal 2023/2024
3973,240001938,MK10,Gasal 2023/2024
3974,240006705,MK02,Gasal 2023/2024
3975,240002850,MK04,Gasal 2023/2024
3976,240001481,MK09,Gasal 2023/2024
3977,240002967,MK07,Gasal 2023/2024
3978,240002297,MK09,Gasal 2023/2024
3979,240000913,MK04,Gasal 2023/2024
3980,240006573,MK02,Gasal 2023/2024
3981,240004751,MK08,Gasal 2023/2024
3982,240001472,MK04,Gasal 2023/2024
3983,240002722,MK09,Gasal 2023/2024
3984,240003727,MK06,Gasal 2023/2024
3985,240003615,MK07,Gasal 2023/2024
3986,240005408,MK02,Gasal 2023/2024
3987,240004164,MK02,Gasal 2023/2024
3988,240004015,MK02,Gasal 2023/2024
3989,240000964,MK01,Gasal 2023/2024
3990,240000357,MK02,Gasal 2023/2024
3991,240000160,MK10,Gasal 2023/2024
3992,240003751,MK05,Gasal 2023/2024
3993,240003386,MK04,Gasal 2023/2024
3994,240003255,MK01,Gasal 2023/2024
3995,240001065,MK05,Gasal 2023/2024
3996,240004292,MK01,Gasal 2023/2024
3997,240000756,MK08,Gasal 2023/2024
3998,240003384,MK04,Gasal 2023/2024
3999,240000739,MK03,Gasal 2023/2024
4000,240005541,MK06,Gasal 2023/2024
4001,240003508,MK07,Gasal 2023/2024
4002,240003532,MK07,Gasal 2023/2024
4003,240000625,MK10,Gasal 2023/2024
4004,240001714,MK01,Gasal 2023/2024
4005,240002369,MK06,Gasal 2023/2024
4006,240001231,MK07,Gasal 2023/2024
4007,240000130,MK02,Gasal 2023/2024
4008,240004159,MK08,Gasal 2023/2024
4009,240003909,MK02,Gasal 2023/2024
4010,240000311,MK07,Gasal 2023/2024
4011,240004172,MK08,Gasal 2023/2024
4012,240002847,MK08,Gasal 2023/2024
4013,240006217,MK07,Gasal 2023/2024
4014,240000811,MK07,Gasal 2023/2024
4015,240000676,MK04,Gasal 2023/2024
4016,240004837,MK02,Gasal 2023/2024
4017,240000808,MK05,Gasal 2023/2024
4018,240004352,MK06,Gasal 2023/2024
4019,240002178,MK06,Gasal 2023/2024
4020,240004165,MK09,Gasal 2023/2024
4021,240003556,MK05,Gasal 2023/2024
4022,240005946,MK06,Gasal 2023/2024
4023,240005204,MK09,Gasal 2023/2024
4024,240001921,MK07,Gasal 2023/2024
4025,240004100,MK08,Gasal 2023/2024
4026,240005998,MK10,Gasal 2023/2024
4027,240000552,MK03,Gasal 2023/2024
4028,240000336,MK08,Gasal 2023/2024
4029,240002202,MK04,Gasal 2023/2024
4030,240001462,MK07,Gasal 2023/2024
4031,240006190,MK09,Gasal 2023/2024
4032,240006444,MK02,Gasal 2023/2024
4033,240000162,MK06,Gasal 2023/2024
4034,240004006,MK09,Gasal 2023/2024
4035,240001772,MK03,Gasal 2023/2024
4036,240005006,MK06,Gasal 2023/2024
4037,240000284,MK10,Gasal 2023/2024
4038,240003308,MK05,Gasal 2023/2024
4039,240002302,MK09,Gasal 2023/2024
4040,240005238,MK02,Gasal 2023/2024
4041,240005132,MK04,Gasal 2023/2024
4042,240005292,MK07,Gasal 2023/2024
4043,240000888,MK03,Gasal 2023/2024
4044,240000073,MK04,Gasal 2023/2024
4045,240001022,MK02,Gasal 2023/2024
4046,240001327,MK01,Gasal 2023/2024
4047,240006381,MK05,Gasal 2023/2024
4048,240003197,MK07,Gasal 2023/2024
4049,240000045,MK01,Gasal 2023/2024
4050,240000255,MK03,Gasal 2023/2024
4051,240004585,MK07,Gasal 2023/2024
4052,240005265,MK02,Gasal 2023/2024
4053,240000011,MK10,Gasal 2023/2024
4054,240003975,MK10,Gasal 2023/2024
4055,240006106,MK04,Gasal 2023/2024
4056,240005039,MK09,Gasal 2023/2024
4057,240001164,MK06,Gasal 2023/2024
4058,240007165,MK03,Gasal 2023/2024
4059,240001751,MK04,Gasal 2023/2024
4060,240000485,MK05,Gasal 2023/2024
4061,240004155,MK04,Gasal 2023/2024
4062,240003470,MK02,Gasal 2023/2024
4063,240003217,MK04,Gasal 2023/2024
4064,240000976,MK03,Gasal 2023/2024
4065,240004732,MK01,Gasal 2023/2024
4066,240001551,MK06,Gasal 2023/2024
4067,240006878,MK06,Gasal 2023/2024
4068,240005937,MK01,Gasal 2023/2024
4069,240003936,MK04,Gasal 2023/2024
4070,240005279,MK05,Gasal 2023/2024
4071,240002740,MK02,Gasal 2023/2024
4072,240003018,MK04,Gasal 2023/2024
4073,240001297,MK06,Gasal 2023/2024
4074,240002283,MK03,Gasal 2023/2024
4075,240004585,MK07,Gasal 2023/2024
4076,240002798,MK02,Gasal 2023/2024
4077,240004181,MK07,Gasal 2023/2024
4078,240005548,MK02,Gasal 2023/2024
4079,240004764,MK07,Gasal 2023/2024
4080,240007119,MK02,Gasal 2023/2024
4081,240001476,MK09,Gasal 2023/2024
4082,240006975,MK02,Gasal 2023/2024
4083,240003223,MK07,Gasal 2023/2024
4084,240003230,MK01,Gasal 2023/2024
4085,240003589,MK05,Gasal 2023/2024
4086,240002692,MK08,Gasal 2023/2024
4087,240000238,MK07,Gasal 2023/2024
4088,240004562,MK03,Gasal 2023/2024
4089,240004180,MK06,Gasal 2023/2024
4090,240000150,MK04,Gasal 2023/2024
4091,240000612,MK08,Gasal 2023/2024
4092,240005645,MK03,Gasal 2023/2024
4093,240004792,MK04,Gasal 2023/2024
4094,240003682,MK03,Gasal 2023/2024
4095,240001709,MK02,Gasal 2023/2024
4096,240003512,MK06,Gasal 2023/2024
4097,240000931,MK04,Gasal 2023/2024
4098,240006482,MK06,Gasal 2023/2024
4099,240003581,MK07,Gasal 2023/2024
4100,240003382,MK08,Gasal 2023/2024
4101,240003738,MK03,Gasal 2023/2024
4102,240003870,MK02,Gasal 2023/2024
4103,240002256,MK08,Gasal 2023/2024
4104,240000483,MK03,Gasal 2023/2024
4105,240005835,MK09,Gasal 2023/2024
4106,240002860,MK06,Gasal 2023/2024
4107,240005929,MK01,Gasal 2023/2024
4108,240002534,MK06,Gasal 2023/2024
4109,240003471,MK01,Gasal 2023/2024
4110,240004861,MK09,Gasal 2023/2024
4111,240004293,MK03,Gasal 2023/2024
4112,240005454,MK04,Gasal 2023/2024
4113,240002527,MK05,Gasal 2023/2024
4114,240004463,MK06,Gasal 2023/2024
4115,240002547,MK05,Gasal 2023/2024
4116,240001754,MK08,Gasal 2023/2024
4117,240005719,MK05,Gasal 2023/2024
4118,240002249,MK09,Gasal 2023/2024
4119,240000276,MK10,Gasal 2023/2024
4120,240001777,MK08,Gasal 2023/2024
4121,240001283,MK03,Gasal 2023/2024
4122,240005321,MK03,Gasal 2023/2024
4123,240004946,MK07,Gasal 2023/2024
4124,240004992,MK04,Gasal 2023/2024
4125,240002314,MK10,Gasal 2023/2024
4126,240001528,MK10,Gasal 2023/2024
4127,240005615,MK01,Gasal 2023/2024
4128,240002389,MK10,Gasal 2023/2024
4129,240004599,MK07,Gasal 2023/2024
4130,240005953,MK02,Gasal 2023/2024
4131,240003484,MK04,Gasal 2023/2024
4132,240004848,MK05,Gasal 2023/2024
4133,240001602,MK01,Gasal 2023/2024
4134,240001972,MK01,Gasal 2023/2024
4135,240001888,MK04,Gasal 2023/2024
4136,240003392,MK02,Gasal 2023/2024
4137,240000511,MK02,Gasal 2023/2024
4138,240004949,MK03,Gasal 2023/2024
4139,240003039,MK09,Gasal 2023/2024
4140,240004078,MK01,Gasal 2023/2024
4141,240006000,MK04,Gasal 2023/2024
4142,240002437,MK06,Gasal 2023/2024
4143,240003953,MK03,Gasal 2023/2024
4144,240005451,MK02,Gasal 2023/2024
4145,240001873,MK10,Gasal 2023/2024
4146,240001679,MK04,Gasal 2023/2024
4147,240001748,MK10,Gasal 2023/2024
4148,240001458,MK07,Gasal 2023/2024
4149,240003140,MK08,Gasal 2023/2024
4150,240004032,MK10,Gasal 2023/2024
4151,240002125,MK05,Gasal 2023/2024
4152,240001476,MK06,Gasal 2023/2024
4153,240002495,MK06,Gasal 2023/2024
4154,240005809,MK10,Gasal 2023/2024
4155,240003751,MK07,Gasal 2023/2024
4156,240004822,MK04,Gasal 2023/2024
4157,240004839,MK04,Gasal 2023/2024
4158,240000282,MK05,Gasal 2023/2024
4159,240007095,MK02,Gasal 2023/2024
4160,240000236,MK06,Gasal 2023/2024
4161,240000350,MK05,Gasal 2023/2024
4162,240001393,MK03,Gasal 2023/2024
4163,240002084,MK01,Gasal 2023/2024
4164,240003040,MK01,Gasal 2023/2024
4165,240003681,MK07,Gasal 2023/2024
4166,240001723,MK10,Gasal 2023/2024
4167,240002385,MK10,Gasal 2023/2024
4168,240002201,MK04,Gasal 2023/2024
4169,240004644,MK03,Gasal 2023/2024
4170,240002319,MK06,Gasal 2023/2024
4171,240001538,MK03,Gasal 2023/2024
4172,240001383,MK02,Gasal 2023/2024
4173,240005538,MK02,Gasal 2023/2024
4174,240003636,MK06,Gasal 2023/2024
4175,240004897,MK03,Gasal 2023/2024
4176,240000506,MK02,Gasal 2023/2024
4177,240004807,MK01,Gasal 2023/2024
4178,240005794,MK09,Gasal 2023/2024
4179,240004004,MK06,Gasal 2023/2024
4180,240000902,MK05,Gasal 2023/2024
4181,240004802,MK09,Gasal 2023/2024
4182,240002564,MK10,Gasal 2023/2024
4183,240002992,MK07,Gasal 2023/2024
4184,240002925,MK03,Gasal 2023/2024
4185,240000613,MK04,Gasal 2023/2024
4186,240007001,MK07,Gasal 2023/2024
4187,240003832,MK05,Gasal 2023/2024
4188,240000002,MK03,Gasal 2023/2024
4189,240002463,MK09,Gasal 2023/2024
4190,240002600,MK03,Gasal 2023/2024
4191,240000640,MK06,Gasal 2023/2024
4192,240006618,MK06,Gasal 2023/2024
4193,240001998,MK02,Gasal 2023/2024
4194,240005733,MK09,Gasal 2023/2024
4195,240000800,MK01,Gasal 2023/2024
4196,240001773,MK08,Gasal 2023/2024
4197,240005325,MK09,Gasal 2023/2024
4198,240004632,MK10,Gasal 2023/2024
4199,240001643,MK07,Gasal 2023/2024
4200,240000733,MK01,Gasal 2023/2024
4201,240001218,MK03,Gasal 2023/2024
4202,240004121,MK09,Gasal 2023/2024
4203,240001464,MK07,Gasal 2023/2024
4204,240006736,MK08,Gasal 2023/2024
4205,240002250,MK10,Gasal 2023/2024
4206,240001048,MK08,Gasal 2023/2024
4207,240002960,MK10,Gasal 2023/2024
4208,240003306,MK01,Gasal 2023/2024
4209,240004052,MK07,Gasal 2023/2024
4210,240006572,MK09,Gasal 2023/2024
4211,240005120,MK05,Gasal 2023/2024
4212,240001331,MK06,Gasal 2023/2024
4213,240000625,MK08,Gasal 2023/2024
4214,240006098,MK06,Gasal 2023/2024
4215,240003774,MK04,Gasal 2023/2024
4216,240001657,MK05,Gasal 2023/2024
4217,240003314,MK02,Gasal 2023/2024
4218,240004717,MK09,Gasal 2023/2024
4219,240004013,MK02,Gasal 2023/2024
4220,240003228,MK02,Gasal 2023/2024
4221,240005593,MK01,Gasal 2023/2024
4222,240006202,MK02,Gasal 2023/2024
4223,240000055,MK07,Gasal 2023/2024
4224,240002923,MK07,Gasal 2023/2024
4225,240004689,MK04,Gasal 2023/2024
4226,240003639,MK04,Gasal 2023/2024
4227,240003006,MK08,Gasal 2023/2024
4228,240000338,MK05,Gasal 2023/2024
4229,240004533,MK03,Gasal 2023/2024
4230,240001999,MK09,Gasal 2023/2024
4231,240004449,MK04,Gasal 2023/2024
4232,240002864,MK08,Gasal 2023/2024
4233,240001322,MK07,Gasal 2023/2024
4234,240003790,MK09,Gasal 2023/2024
4235,240003632,MK08,Gasal 2023/2024
4236,240001733,MK06,Gasal 2023/2024
4237,240005349,MK02,Gasal 2023/2024
4238,240002903,MK09,Gasal 2023/2024
4239,240006548,MK01,Gasal 2023/2024
4240,240007115,MK06,Gasal 2023/2024
4241,240003771,MK10,Gasal 2023/2024
4242,240000362,MK02,Gasal 2023/2024
4243,240000650,MK02,Gasal 2023/2024
4244,240007210,MK05,Gasal 2023/2024
4245,240005945,MK07,Gasal 2023/2024
4246,240000068,MK10,Gasal 2023/2024
4247,240004154,MK02,Gasal 2023/2024
4248,240002105,MK05,Gasal 2023/2024
4249,240000552,MK05,Gasal 2023/2024
4250,240005323,MK09,Gasal 2023/2024
4251,240006692,MK04,Gasal 2023/2024
4252,240003464,MK04,Gasal 2023/2024
4253,240007019,MK09,Gasal 2023/2024
4254,240000070,MK03,Gasal 2023/2024
4255,240004143,MK07,Gasal 2023/2024
4256,240004965,MK01,Gasal 2023/2024
4257,240001126,MK01,Gasal 2023/2024
4258,240003464,MK05,Gasal 2023/2024
4259,240003393,MK06,Gasal 2023/2024
4260,240004044,MK01,Gasal 2023/2024
4261,240002650,MK10,Gasal 2023/2024
4262,240000696,MK08,Gasal 2023/2024
4263,240002614,MK09,Gasal 2023/2024
4264,240005523,MK08,Gasal 2023/2024
4265,240000313,MK08,Gasal 2023/2024
4266,240004983,MK06,Gasal 2023/2024
4267,240007239,MK03,Gasal 2023/2024
4268,240003821,MK05,Gasal 2023/2024
4269,240000881,MK07,Gasal 2023/2024
4270,240001479,MK06,Gasal 2023/2024
4271,240002891,MK07,Gasal 2023/2024
4272,240001579,MK03,Gasal 2023/2024
4273,240006881,MK01,Gasal 2023/2024
4274,240002084,MK09,Gasal 2023/2024
4275,240001881,MK01,Gasal 2023/2024
4276,240002538,MK08,Gasal 2023/2024
4277,240006416,MK01,Gasal 2023/2024
4278,240001535,MK02,Gasal 2023/2024
4279,240002697,MK01,Gasal 2023/2024
4280,240006820,MK01,Gasal 2023/2024
4281,240003452,MK03,Gasal 2023/2024
4282,240004355,MK09,Gasal 2023/2024
4283,240001523,MK03,Gasal 2023/2024
4284,240000389,MK05,Gasal 2023/2024
4285,240002925,MK09,Gasal 2023/2024
4286,240003938,MK02,Gasal 2023/2024
4287,240000018,MK01,Gasal 2023/2024
4288,240001673,MK06,Gasal 2023/2024
4289,240001254,MK06,Gasal 2023/2024
4290,240005254,MK04,Gasal 2023/2024
4291,240000831,MK02,Gasal 2023/2024
4292,240001020,MK07,Gasal 2023/2024
4293,240002404,MK08,Gasal 2023/2024
4294,240006731,MK04,Gasal 2023/2024
4295,240002210,MK09,Gasal 2023/2024
4296,240003364,MK07,Gasal 2023/2024
4297,240003398,MK03,Gasal 2023/2024
4298,240000761,MK09,Gasal 2023/2024
4299,240006121,MK09,Gasal 2023/2024
4300,240003732,MK08,Gasal 2023/2024
4301,240004154,MK02,Gasal 2023/2024
4302,240000808,MK10,Gasal 2023/2024
4303,240005652,MK01,Gasal 2023/2024
4304,240004260,MK02,Gasal 2023/2024
4305,240003722,MK08,Gasal 2023/2024
4306,240007174,MK02,Gasal 2023/2024
4307,240002514,MK05,Gasal 2023/2024
4308,240000342,MK02,Gasal 2023/2024
4309,240001603,MK04,Gasal 2023/2024
4310,240005144,MK02,Gasal 2023/2024
4311,240003780,MK04,Gasal 2023/2024
4312,240004132,MK07,Gasal 2023/2024
4313,240002610,MK03,Gasal 2023/2024
4314,240001815,MK03,Gasal 2023/2024
4315,240001184,MK07,Gasal 2023/2024
4316,240003615,MK07,Gasal 2023/2024
4317,240000350,MK05,Gasal 2023/2024
4318,240003872,MK03,Gasal 2023/2024
4319,240001360,MK07,Gasal 2023/2024
4320,240001286,MK01,Gasal 2023/2024
4321,240003513,MK10,Gasal 2023/2024
4322,240000805,MK10,Gasal 2023/2024
4323,240001290,MK01,Gasal 2023/2024
4324,240002204,MK06,Gasal 2023/2024
4325,240007064,MK05,Gasal 2023/2024
4326,240003751,MK10,Gasal 2023/2024
4327,240001507,MK01,Gasal 2023/2024
4328,240001080,MK03,Gasal 2023/2024
4329,240005092,MK09,Gasal 2023/2024
4330,240000947,MK03,Gasal 2023/2024
4331,240000745,MK03,Gasal 2023/2024
4332,240000299,MK09,Gasal 2023/2024
4333,240000190,MK02,Gasal 2023/2024
4334,240007190,MK04,Gasal 2023/2024
4335,240004956,MK06,Gasal 2023/2024
4336,240006779,MK08,Gasal 2023/2024
4337,240004498,MK05,Gasal 2023/2024
4338,240003104,MK03,Gasal 2023/2024
4339,240001118,MK07,Gasal 2023/2024
4340,240006097,MK08,Gasal 2023/2024
4341,240002925,MK07,Gasal 2023/2024
4342,240000589,MK02,Gasal 2023/2024
4343,240001621,MK02,Gasal 2023/2024
4344,240005034,MK07,Gasal 2023/2024
4345,240001712,MK06,Gasal 2023/2024
4346,240001481,MK06,Gasal 2023/2024
4347,240002630,MK05,Gasal 2023/2024
4348,240003791,MK05,Gasal 2023/2024
4349,240002172,MK10,Gasal 2023/2024
4350,240003687,MK02,Gasal 2023/2024
4351,240002030,MK03,Gasal 2023/2024
4352,240001426,MK09,Gasal 2023/2024
4353,240002533,MK09,Gasal 2023/2024
4354,240003419,MK07,Gasal 2023/2024
4355,240000245,MK03,Gasal 2023/2024
4356,240001832,MK02,Gasal 2023/2024
4357,240001297,MK05,Gasal 2023/2024
4358,240007066,MK08,Gasal 2023/2024
4359,240006595,MK09,Gasal 2023/2024
4360,240005887,MK01,Gasal 2023/2024
4361,240003327,MK07,Gasal 2023/2024
4362,240001999,MK01,Gasal 2023/2024
4363,240002852,MK04,Gasal 2023/2024
4364,240002202,MK10,Gasal 2023/2024
4365,240005745,MK07,Gasal 2023/2024
4366,240005250,MK10,Gasal 2023/2024
4367,240006639,MK04,Gasal 2023/2024
4368,240003089,MK02,Gasal 2023/2024
4369,240000697,MK08,Gasal 2023/2024
4370,240003817,MK02,Gasal 2023/2024
4371,240001668,MK10,Gasal 2023/2024
4372,240003844,MK04,Gasal 2023/2024
4373,240003466,MK10,Gasal 2023/2024
4374,240007018,MK02,Gasal 2023/2024
4375,240001744,MK01,Gasal 2023/2024
4376,240001418,MK09,Gasal 2023/2024
4377,240001971,MK05,Gasal 2023/2024
4378,240005018,MK02,Gasal 2023/2024
4379,240002515,MK05,Gasal 2023/2024
4380,240001047,MK08,Gasal 2023/2024
4381,240004853,MK04,Gasal 2023/2024
4382,240006971,MK08,Gasal 2023/2024
4383,240005092,MK10,Gasal 2023/2024
4384,240005366,MK02,Gasal 2023/2024
4385,240000041,MK01,Gasal 2023/2024
4386,240004407,MK09,Gasal 2023/2024
4387,240006320,MK07,Gasal 2023/2024
4388,240002692,MK09,Gasal 2023/2024
4389,240006576,MK02,Gasal 2023/2024
4390,240000422,MK10,Gasal 2023/2024
4391,240004744,MK06,Gasal 2023/2024
4392,240002723,MK03,Gasal 2023/2024
4393,240002635,MK08,Gasal 2023/2024
4394,240000930,MK06,Gasal 2023/2024
4395,240000901,MK05,Gasal 2023/2024
4396,240001066,MK10,Gasal 2023/2024
4397,240004139,MK07,Gasal 2023/2024
4398,240007194,MK06,Gasal 2023/2024
4399,240000912,MK06,Gasal 2023/2024
4400,240001530,MK05,Gasal 2023/2024
4401,240002533,MK10,Gasal 2023/2024
4402,240005563,MK02,Gasal 2023/2024
4403,240000012,MK04,Gasal 2023/2024
4404,240001203,MK08,Gasal 2023/2024
4405,240005994,MK02,Gasal 2023/2024
4406,240007059,MK08,Gasal 2023/2024
4407,240000722,MK05,Gasal 2023/2024
4408,240001124,MK02,Gasal 2023/2024
4409,240002668,MK09,Gasal 2023/2024
4410,240000395,MK10,Gasal 2023/2024
4411,240000356,MK01,Gasal 2023/2024
4412,240003130,MK04,Gasal 2023/2024
4413,240000675,MK04,Gasal 2023/2024
4414,240005547,MK03,Gasal 2023/2024
4415,240006275,MK04,Gasal 2023/2024
4416,240004023,MK10,Gasal 2023/2024
4417,240003041,MK07,Gasal 2023/2024
4418,240001463,MK10,Gasal 2023/2024
4419,240002585,MK07,Gasal 2023/2024
4420,240001128,MK10,Gasal 2023/2024
4421,240005027,MK09,Gasal 2023/2024
4422,240001533,MK02,Gasal 2023/2024
4423,240002584,MK04,Gasal 2023/2024
4424,240000972,MK06,Gasal 2023/2024
4425,240005340,MK04,Gasal 2023/2024
4426,240002895,MK07,Gasal 2023/2024
4427,240003537,MK01,Gasal 2023/2024
4428,240002667,MK01,Gasal 2023/2024
4429,240004128,MK05,Gasal 2023/2024
4430,240002330,MK01,Gasal 2023/2024
4431,240002331,MK04,Gasal 2023/2024
4432,240000834,MK10,Gasal 2023/2024
4433,240004445,MK06,Gasal 2023/2024
4434,240002510,MK04,Gasal 2023/2024
4435,240004415,MK02,Gasal 2023/2024
4436,240003461,MK06,Gasal 2023/2024
4437,240004117,MK01,Gasal 2023/2024
4438,240000660,MK04,Gasal 2023/2024
4439,240004029,MK09,Gasal 2023/2024
4440,240005660,MK03,Gasal 2023/2024
4441,240006642,MK10,Gasal 2023/2024
4442,240005148,MK03,Gasal 2023/2024
4443,240004758,MK10,Gasal 2023/2024
4444,240001191,MK03,Gasal 2023/2024
4445,240001091,MK09,Gasal 2023/2024
4446,240001079,MK07,Gasal 2023/2024
4447,240000368,MK08,Gasal 2023/2024
4448,240002757,MK08,Gasal 2023/2024
4449,240000037,MK04,Gasal 2023/2024
4450,240003256,MK09,Gasal 2023/2024
4451,240004132,MK01,Gasal 2023/2024
4452,240000913,MK01,Gasal 2023/2024
4453,240001190,MK02,Gasal 2023/2024
4454,240000696,MK09,Gasal 2023/2024
4455,240003707,MK02,Gasal 2023/2024
4456,240003052,MK05,Gasal 2023/2024
4457,240000363,MK08,Gasal 2023/2024
4458,240003252,MK03,Gasal 2023/2024
4459,240004206,MK08,Gasal 2023/2024
4460,240004152,MK06,Gasal 2023/2024
4461,240001344,MK05,Gasal 2023/2024
4462,240003140,MK09,Gasal 2023/2024
4463,240006116,MK02,Gasal 2023/2024
4464,240001897,MK06,Gasal 2023/2024
4465,240002193,MK09,Gasal 2023/2024
4466,240006849,MK02,Gasal 2023/2024
4467,240002054,MK07,Gasal 2023/2024
4468,240000152,MK07,Gasal 2023/2024
4469,240002901,MK03,Gasal 2023/2024
4470,240003353,MK04,Gasal 2023/2024
4471,240006360,MK02,Gasal 2023/2024
4472,240004197,MK04,Gasal 2023/2024
4473,240006700,MK04,Gasal 2023/2024
4474,240000969,MK06,Gasal 2023/2024
4475,240004426,MK02,Gasal 2023/2024
4476,240002827,MK02,Gasal 2023/2024
4477,240003966,MK03,Gasal 2023/2024
4478,240003047,MK08,Gasal 2023/2024
4479,240000696,MK03,Gasal 2023/2024
4480,240006273,MK01,Gasal 2023/2024
4481,240004815,MK01,Gasal 2023/2024
4482,240002128,MK04,Gasal 2023/2024
4483,240006390,MK01,Gasal 2023/2024
4484,240000963,MK09,Gasal 2023/2024
4485,240004511,MK10,Gasal 2023/2024
4486,240004794,MK01,Gasal 2023/2024
4487,240003182,MK07,Gasal 2023/2024
4488,240000767,MK09,Gasal 2023/2024
4489,240000444,MK04,Gasal 2023/2024
4490,240004437,MK04,Gasal 2023/2024
4491,240000719,MK07,Gasal 2023/2024
4492,240001877,MK02,Gasal 2023/2024
4493,240004064,MK05,Gasal 2023/2024
4494,240000053,MK02,Gasal 2023/2024
4495,240000636,MK03,Gasal 2023/2024
4496,240005796,MK07,Gasal 2023/2024
4497,240002533,MK09,Gasal 2023/2024
4498,240000802,MK10,Gasal 2023/2024
4499,240004663,MK05,Gasal 2023/2024
4500,240001916,MK01,Gasal 2023/2024
4501,240004015,MK09,Gasal 2023/2024
4502,240005347,MK05,Gasal 2023/2024
4503,240003283,MK10,Gasal 2023/2024
4504,240004678,MK07,Gasal 2023/2024
4505,240004686,MK03,Gasal 2023/2024
4506,240000511,MK02,Gasal 2023/2024
4507,240000136,MK05,Gasal 2023/2024
4508,240004089,MK03,Gasal 2023/2024
4509,240002115,MK09,Gasal 2023/2024
4510,240002734,MK02,Gasal 2023/2024
4511,240002362,MK03,Gasal 2023/2024
4512,240005662,MK07,Gasal 2023/2024
4513,240005686,MK06,Gasal 2023/2024
4514,240006089,MK09,Gasal 2023/2024
4515,240001459,MK04,Gasal 2023/2024
4516,240006863,MK03,Gasal 2023/2024
4517,240001414,MK08,Gasal 2023/2024
4518,240002220,MK09,Gasal 2023/2024
4519,240004453,MK04,Gasal 2023/2024
4520,240006572,MK10,Gasal 2023/2024
4521,240006219,MK06,Gasal 2023/2024
4522,240006861,MK05,Gasal 2023/2024
4523,240006512,MK07,Gasal 2023/2024
4524,240000996,MK07,Gasal 2023/2024
4525,240000200,MK05,Gasal 2023/2024
4526,240002726,MK05,Gasal 2023/2024
4527,240004221,MK03,Gasal 2023/2024
4528,240003433,MK02,Gasal 2023/2024
4529,240004429,MK06,Gasal 2023/2024
4530,240007093,MK02,Gasal 2023/2024
4531,240001191,MK01,Gasal 2023/2024
4532,240004529,MK05,Gasal 2023/2024
4533,240004036,MK02,Gasal 2023/2024
4534,240006742,MK08,Gasal 2023/2024
4535,240005126,MK06,Gasal 2023/2024
4536,240004881,MK03,Gasal 2023/2024
4537,240005107,MK05,Gasal 2023/2024
4538,240002353,MK01,Gasal 2023/2024
4539,240003956,MK04,Gasal 2023/2024
4540,240000518,MK01,Gasal 2023/2024
4541,240001621,MK08,Gasal 2023/2024
4542,240002801,MK07,Gasal 2023/2024
4543,240006787,MK05,Gasal 2023/2024
4544,240004983,MK01,Gasal 2023/2024
4545,240005144,MK02,Gasal 2023/2024
4546,240005547,MK06,Gasal 2023/2024
4547,240003861,MK04,Gasal 2023/2024
4548,240002193,MK05,Gasal 2023/2024
4549,240003183,MK04,Gasal 2023/2024
4550,240005439,MK01,Gasal 2023/2024
4551,240001671,MK04,Gasal 2023/2024
4552,240006243,MK07,Gasal 2023/2024
4553,240000165,MK05,Gasal 2023/2024
4554,240004972,MK07,Gasal 2023/2024
4555,240002889,MK01,Gasal 2023/2024
4556,240000896,MK03,Gasal 2023/2024
4557,240005883,MK04,Gasal 2023/2024
4558,240003711,MK05,Gasal 2023/2024
4559,240001859,MK05,Gasal 2023/2024
4560,240000624,MK04,Gasal 2023/2024
4561,240002052,MK06,Gasal 2023/2024
4562,240004634,MK03,Gasal 2023/2024
4563,240002402,MK04,Gasal 2023/2024
4564,240005182,MK07,Gasal 2023/2024
4565,240003373,MK08,Gasal 2023/2024
4566,240000040,MK10,Gasal 2023/2024
4567,240000675,MK06,Gasal 2023/2024
4568,240003215,MK03,Gasal 2023/2024
4569,240001790,MK02,Gasal 2023/2024
4570,240002518,MK08,Gasal 2023/2024
4571,240004085,MK01,Gasal 2023/2024
4572,240003430,MK09,Gasal 2023/2024
4573,240004076,MK04,Gasal 2023/2024
4574,240000311,MK08,Gasal 2023/2024
4575,240001290,MK06,Gasal 2023/2024
4576,240004296,MK08,Gasal 2023/2024
4577,240001095,MK04,Gasal 2023/2024
4578,240003086,MK07,Gasal 2023/2024
4579,240004168,MK10,Gasal 2023/2024
4580,240002183,MK06,Gasal 2023/2024
4581,240005281,MK03,Gasal 2023/2024
4582,240003149,MK01,Gasal 2023/2024
4583,240005850,MK01,Gasal 2023/2024
4584,240000686,MK09,Gasal 2023/2024
4585,240002453,MK09,Gasal 2023/2024
4586,240000167,MK09,Gasal 2023/2024
4587,240002888,MK07,Gasal 2023/2024
4588,240001734,MK04,Gasal 2023/2024
4589,240001794,MK08,Gasal 2023/2024
4590,240000236,MK04,Gasal 2023/2024
4591,240005512,MK04,Gasal 2023/2024
4592,240006588,MK10,Gasal 2023/2024
4593,240001174,MK08,Gasal 2023/2024
4594,240004334,MK01,Gasal 2023/2024
4595,240005780,MK05,Gasal 2023/2024
4596,240000631,MK04,Gasal 2023/2024
4597,240001530,MK06,Gasal 2023/2024
4598,240000212,MK08,Gasal 2023/2024
4599,240001472,MK09,Gasal 2023/2024
4600,240002247,MK03,Gasal 2023/2024
4601,240001549,MK07,Gasal 2023/2024
4602,240004779,MK06,Gasal 2023/2024
4603,240006328,MK04,Gasal 2023/2024
4604,240006913,MK03,Gasal 2023/2024
4605,240002225,MK02,Gasal 2023/2024
4606,240000449,MK02,Gasal 2023/2024
4607,240002913,MK04,Gasal 2023/2024
4608,240006909,MK03,Gasal 2023/2024
4609,240001190,MK07,Gasal 2023/2024
4610,240003428,MK10,Gasal 2023/2024
4611,240002253,MK09,Gasal 2023/2024
4612,240002482,MK07,Gasal 2023/2024
4613,240004994,MK03,Gasal 2023/2024
4614,240003037,MK01,Gasal 2023/2024
4615,240002445,MK09,Gasal 2023/2024
4616,240002256,MK09,Gasal 2023/2024
4617,240003467,MK01,Gasal 2023/2024
4618,240000428,MK08,Gasal 2023/2024
4619,240005328,MK04,Gasal 2023/2024
4620,240004003,MK05,Gasal 2023/2024
4621,240000571,MK07,Gasal 2023/2024
4622,240001080,MK10,Gasal 2023/2024
4623,240004164,MK03,Gasal 2023/2024
4624,240005106,MK05,Gasal 2023/2024
4625,240001748,MK08,Gasal 2023/2024
4626,240000754,MK03,Gasal 2023/2024
4627,240003395,MK01,Gasal 2023/2024
4628,240005034,MK07,Gasal 2023/2024
4629,240003523,MK07,Gasal 2023/2024
4630,240005304,MK05,Gasal 2023/2024
4631,240006286,MK07,Gasal 2023/2024
4632,240000302,MK10,Gasal 2023/2024
4633,240004347,MK10,Gasal 2023/2024
4634,240004727,MK07,Gasal 2023/2024
4635,240002321,MK02,Gasal 2023/2024
4636,240001832,MK08,Gasal 2023/2024
4637,240005655,MK02,Gasal 2023/2024
4638,240004139,MK10,Gasal 2023/2024
4639,240006474,MK10,Gasal 2023/2024
4640,240000008,MK01,Gasal 2023/2024
4641,240006492,MK07,Gasal 2023/2024
4642,240006448,MK05,Gasal 2023/2024
4643,240000428,MK04,Gasal 2023/2024
4644,240002722,MK07,Gasal 2023/2024
4645,240002585,MK09,Gasal 2023/2024
4646,240000557,MK05,Gasal 2023/2024
4647,240000200,MK08,Gasal 2023/2024
4648,240006659,MK06,Gasal 2023/2024
4649,240006096,MK03,Gasal 2023/2024
4650,240000497,MK07,Gasal 2023/2024
4651,240006116,MK06,Gasal 2023/2024
4652,240003205,MK03,Gasal 2023/2024
4653,240004265,MK05,Gasal 2023/2024
4654,240001620,MK04,Gasal 2023/2024
4655,240000438,MK01,Gasal 2023/2024
4656,240004799,MK03,Gasal 2023/2024
4657,240000425,MK03,Gasal 2023/2024
4658,240002414,MK07,Gasal 2023/2024
4659,240004263,MK06,Gasal 2023/2024
4660,240001840,MK08,Gasal 2023/2024
4661,240002489,MK06,Gasal 2023/2024
4662,240002855,MK06,Gasal 2023/2024
4663,240002705,MK08,Gasal 2023/2024
4664,240004731,MK01,Gasal 2023/2024
4665,240004942,MK04,Gasal 2023/2024
4666,240004011,MK01,Gasal 2023/2024
4667,240002983,MK06,Gasal 2023/2024
4668,240000820,MK01,Gasal 2023/2024
4669,240004839,MK10,Gasal 2023/2024
4670,240002125,MK10,Gasal 2023/2024
4671,240003446,MK08,Gasal 2023/2024
4672,240000401,MK07,Gasal 2023/2024
4673,240005786,MK04,Gasal 2023/2024
4674,240002118,MK09,Gasal 2023/2024
4675,240002249,MK06,Gasal 2023/2024
4676,240003143,MK07,Gasal 2023/2024
4677,240001660,MK05,Gasal 2023/2024
4678,240001402,MK07,Gasal 2023/2024
4679,240006178,MK07,Gasal 2023/2024
4680,240005960,MK02,Gasal 2023/2024
4681,240001374,MK07,Gasal 2023/2024
4682,240000841,MK10,Gasal 2023/2024
4683,240001750,MK10,Gasal 2023/2024
4684,240006415,MK09,Gasal 2023/2024
4685,240002514,MK03,Gasal 2023/2024
4686,240000668,MK04,Gasal 2023/2024
4687,240004760,MK07,Gasal 2023/2024
4688,240002340,MK09,Gasal 2023/2024
4689,240004044,MK04,Gasal 2023/2024
4690,240004891,MK05,Gasal 2023/2024
4691,240000603,MK03,Gasal 2023/2024
4692,240002791,MK06,Gasal 2023/2024
4693,240005418,MK08,Gasal 2023/2024
4694,240002567,MK03,Gasal 2023/2024
4695,240002249,MK08,Gasal 2023/2024
4696,240004234,MK06,Gasal 2023/2024
4697,240000984,MK06,Gasal 2023/2024
4698,240002517,MK09,Gasal 2023/2024
4699,240005366,MK04,Gasal 2023/2024
4700,240004042,MK05,Gasal 2023/2024
4701,240005368,MK10,Gasal 2023/2024
4702,240000593,MK01,Gasal 2023/2024
4703,240000824,MK06,Gasal 2023/2024
4704,240004765,MK10,Gasal 2023/2024
4705,240002407,MK02,Gasal 2023/2024
4706,240001222,MK03,Gasal 2023/2024
4707,240006495,MK01,Gasal 2023/2024
4708,240000802,MK01,Gasal 2023/2024
4709,240001679,MK06,Gasal 2023/2024
4710,240002326,MK07,Gasal 2023/2024
4711,240001482,MK10,Gasal 2023/2024
4712,240001624,MK01,Gasal 2023/2024
4713,240006168,MK01,Gasal 2023/2024
4714,240002005,MK03,Gasal 2023/2024
4715,240003411,MK01,Gasal 2023/2024
4716,240004639,MK05,Gasal 2023/2024
4717,240005699,MK08,Gasal 2023/2024
4718,240002997,MK07,Gasal 2023/2024
4719,240001910,MK07,Gasal 2023/2024
4720,240004625,MK02,Gasal 2023/2024
4721,240000160,MK06,Gasal 2023/2024
4722,240001576,MK02,Gasal 2023/2024
4723,240007223,MK10,Gasal 2023/2024
4724,240004468,MK05,Gasal 2023/2024
4725,240001321,MK05,Gasal 2023/2024
4726,240002152,MK04,Gasal 2023/2024
4727,240001017,MK02,Gasal 2023/2024
4728,240003875,MK06,Gasal 2023/2024
4729,240002103,MK07,Gasal 2023/2024
4730,240003940,MK09,Gasal 2023/2024
4731,240006927,MK09,Gasal 2023/2024
4732,240003620,MK07,Gasal 2023/2024
4733,240003271,MK06,Gasal 2023/2024
4734,240005638,MK09,Gasal 2023/2024
4735,240001283,MK02,Gasal 2023/2024
4736,240002029,MK10,Gasal 2023/2024
4737,240003508,MK08,Gasal 2023/2024
4738,240005789,MK06,Gasal 2023/2024
4739,240001188,MK08,Gasal 2023/2024
4740,240003722,MK08,Gasal 2023/2024
4741,240004794,MK02,Gasal 2023/2024
4742,240004060,MK09,Gasal 2023/2024
4743,240006692,MK03,Gasal 2023/2024
4744,240003040,MK01,Gasal 2023/2024
4745,240001385,MK09,Gasal 2023/2024
4746,240002715,MK10,Gasal 2023/2024
4747,240001706,MK05,Gasal 2023/2024
4748,240000985,MK08,Gasal 2023/2024
4749,240000961,MK03,Gasal 2023/2024
4750,240006746,MK02,Gasal 2023/2024
4751,240003009,MK06,Gasal 2023/2024
4752,240006788,MK07,Gasal 2023/2024
4753,240001571,MK09,Gasal 2023/2024
4754,240000326,MK08,Gasal 2023/2024
4755,240000035,MK04,Gasal 2023/2024
4756,240000193,MK09,Gasal 2023/2024
4757,240000783,MK09,Gasal 2023/2024
4758,240003998,MK06,Gasal 2023/2024
4759,240000156,MK06,Gasal 2023/2024
4760,240006661,MK01,Gasal 2023/2024
4761,240001439,MK06,Gasal 2023/2024
4762,240001850,MK06,Gasal 2023/2024
4763,240000180,MK08,Gasal 2023/2024
4764,240005564,MK04,Gasal 2023/2024
4765,240004196,MK03,Gasal 2023/2024
4766,240001554,MK06,Gasal 2023/2024
4767,240001227,MK09,Gasal 2023/2024
4768,240001662,MK07,Gasal 2023/2024
4769,240006309,MK09,Gasal 2023/2024
4770,240001787,MK10,Gasal 2023/2024
4771,240000406,MK01,Gasal 2023/2024
4772,240004626,MK10,Gasal 2023/2024
4773,240001174,MK03,Gasal 2023/2024
4774,240002585,MK05,Gasal 2023/2024
4775,240002000,MK05,Gasal 2023/2024
4776,240001237,MK10,Gasal 2023/2024
4777,240002085,MK09,Gasal 2023/2024
4778,240003760,MK01,Gasal 2023/2024
4779,240004245,MK02,Gasal 2023/2024
4780,240006043,MK06,Gasal 2023/2024
4781,240004095,MK08,Gasal 2023/2024
4782,240006309,MK05,Gasal 2023/2024
4783,240001175,MK10,Gasal 2023/2024
4784,240003290,MK08,Gasal 2023/2024
4785,240000284,MK03,Gasal 2023/2024
4786,240000505,MK10,Gasal 2023/2024
4787,240000560,MK02,Gasal 2023/2024
4788,240005897,MK07,Gasal 2023/2024
4789,240002837,MK09,Gasal 2023/2024
4790,240002247,MK04,Gasal 2023/2024
4791,240000552,MK01,Gasal 2023/2024
4792,240000401,MK10,Gasal 2023/2024
4793,240006007,MK08,Gasal 2023/2024
4794,240004018,MK08,Gasal 2023/2024
4795,240001052,MK06,Gasal 2023/2024
4796,240000709,MK10,Gasal 2023/2024
4797,240001964,MK01,Gasal 2023/2024
4798,240004537,MK07,Gasal 2023/2024
4799,240001855,MK02,Gasal 2023/2024
4800,240004391,MK03,Gasal 2023/2024
4801,240004152,MK01,Gasal 2023/2024
4802,240006076,MK09,Gasal 2023/2024
4803,240004045,MK09,Gasal 2023/2024
4804,240001948,MK02,Gasal 2023/2024
4805,240001937,MK05,Gasal 2023/2024
4806,240005903,MK06,Gasal 2023/2024
4807,240005624,MK09,Gasal 2023/2024
4808,240000174,MK07,Gasal 2023/2024
4809,240005731,MK05,Gasal 2023/2024
4810,240001518,MK10,Gasal 2023/2024
4811,240001929,MK04,Gasal 2023/2024
4812,240001698,MK10,Gasal 2023/2024
4813,240003256,MK05,Gasal 2023/2024
4814,240004794,MK10,Gasal 2023/2024
4815,240004515,MK03,Gasal 2023/2024
4816,240000730,MK01,Gasal 2023/2024
4817,240002078,MK02,Gasal 2023/2024
4818,240004867,MK09,Gasal 2023/2024
4819,240005867,MK10,Gasal 2023/2024
4820,240003822,MK06,Gasal 2023/2024
4821,240006172,MK05,Gasal 2023/2024
4822,240000000,MK04,Gasal 2023/2024
4823,240002328,MK02,Gasal 2023/2024
4824,240002482,MK03,Gasal 2023/2024
4825,240002376,MK04,Gasal 2023/2024
4826,240004156,MK06,Gasal 2023/2024
4827,240006988,MK02,Gasal 2023/2024
4828,240004182,MK02,Gasal 2023/2024
4829,240002926,MK10,Gasal 2023/2024
4830,240002669,MK04,Gasal 2023/2024
4831,240002085,MK05,Gasal 2023/2024
4832,240001748,MK08,Gasal 2023/2024
4833,240001551,MK04,Gasal 2023/2024
4834,240000912,MK08,Gasal 2023/2024
4835,240007210,MK04,Gasal 2023/2024
4836,240001603,MK09,Gasal 2023/2024
4837,240005423,MK08,Gasal 2023/2024
4838,240003486,MK03,Gasal 2023/2024
4839,240001192,MK10,Gasal 2023/2024
4840,240005408,MK02,Gasal 2023/2024
4841,240000912,MK10,Gasal 2023/2024
4842,240003902,MK02,Gasal 2023/2024
4843,240001890,MK09,Gasal 2023/2024
4844,240003151,MK04,Gasal 2023/2024
4845,240004282,MK01,Gasal 2023/2024
4846,240004429,MK07,Gasal 2023/2024
4847,240002861,MK07,Gasal 2023/2024
4848,240000644,MK04,Gasal 2023/2024
4849,240003926,MK05,Gasal 2023/2024
4850,240003216,MK06,Gasal 2023/2024
4851,240002563,MK03,Gasal 2023/2024
4852,240001238,MK04,Gasal 2023/2024
4853,240001696,MK06,Gasal 2023/2024
4854,240002518,MK07,Gasal 2023/2024
4855,240003633,MK04,Gasal 2023/2024
4856,240003961,MK03,Gasal 2023/2024
4857,240001299,MK01,Gasal 2023/2024
4858,240005931,MK06,Gasal 2023/2024
4859,240004683,MK04,Gasal 2023/2024
4860,240004056,MK05,Gasal 2023/2024
4861,240006233,MK01,Gasal 2023/2024
4862,240002697,MK04,Gasal 2023/2024
4863,240006484,MK04,Gasal 2023/2024
4864,240004562,MK09,Gasal 2023/2024
4865,240001975,MK02,Gasal 2023/2024
4866,240002658,MK01,Gasal 2023/2024
4867,240000279,MK09,Gasal 2023/2024
4868,240002743,MK07,Gasal 2023/2024
4869,240006506,MK06,Gasal 2023/2024
4870,240003161,MK08,Gasal 2023/2024
4871,240006638,MK05,Gasal 2023/2024
4872,240006177,MK03,Gasal 2023/2024
4873,240001158,MK08,Gasal 2023/2024
4874,240001333,MK07,Gasal 2023/2024
4875,240005388,MK08,Gasal 2023/2024
4876,240003610,MK04,Gasal 2023/2024
4877,240003265,MK08,Gasal 2023/2024
4878,240005104,MK08,Gasal 2023/2024
4879,240004632,MK07,Gasal 2023/2024
4880,240004320,MK02,Gasal 2023/2024
4881,240006727,MK09,Gasal 2023/2024
4882,240001090,MK05,Gasal 2023/2024
4883,240005438,MK07,Gasal 2023/2024
4884,240000096,MK05,Gasal 2023/2024
4885,240002855,MK04,Gasal 2023/2024
4886,240004120,MK01,Gasal 2023/2024
4887,240004382,MK03,Gasal 2023/2024
4888,240000062,MK09,Gasal 2023/2024
4889,240004385,MK05,Gasal 2023/2024
4890,240000138,MK01,Gasal 2023/2024
4891,240003767,MK08,Gasal 2023/2024
4892,240001611,MK01,Gasal 2023/2024
4893,240004177,MK05,Gasal 2023/2024
4894,240004403,MK01,Gasal 2023/2024
4895,240004234,MK02,Gasal 2023/2024
4896,240002298,MK03,Gasal 2023/2024
4897,240001295,MK01,Gasal 2023/2024
4898,240005959,MK08,Gasal 2023/2024
4899,240005590,MK07,Gasal 2023/2024
4900,240000885,MK08,Gasal 2023/2024
4901,240001497,MK08,Gasal 2023/2024
4902,240001041,MK09,Gasal 2023/2024
4903,240001892,MK08,Gasal 2023/2024
4904,240004533,MK10,Gasal 2023/2024
4905,240003595,MK05,Gasal 2023/2024
4906,240004260,MK02,Gasal 2023/2024
4907,240002827,MK09,Gasal 2023/2024
4908,240002380,MK01,Gasal 2023/2024
4909,240004962,MK02,Gasal 2023/2024
4910,240006060,MK10,Gasal 2023/2024
4911,240000745,MK06,Gasal 2023/2024
4912,240005625,MK07,Gasal 2023/2024
4913,240004560,MK04,Gasal 2023/2024
4914,240000031,MK01,Gasal 2023/2024
4915,240000509,MK04,Gasal 2023/2024
4916,240000896,MK05,Gasal 2023/2024
4917,240005846,MK02,Gasal 2023/2024
4918,240004490,MK09,Gasal 2023/2024
4919,240000777,MK02,Gasal 2023/2024
4920,240007206,MK07,Gasal 2023/2024
4921,240003081,MK06,Gasal 2023/2024
4922,240002219,MK03,Gasal 2023/2024
4923,240006607,MK01,Gasal 2023/2024
4924,240001445,MK07,Gasal 2023/2024
4925,240003827,MK02,Gasal 2023/2024
4926,240005864,MK08,Gasal 2023/2024
4927,240004295,MK06,Gasal 2023/2024
4928,240002656,MK09,Gasal 2023/2024
4929,240004608,MK01,Gasal 2023/2024
4930,240002441,MK09,Gasal 2023/2024
4931,240002659,MK08,Gasal 2023/2024
4932,240002249,MK08,Gasal 2023/2024
4933,240005653,MK06,Gasal 2023/2024
4934,240005396,MK02,Gasal 2023/2024
4935,240005041,MK05,Gasal 2023/2024
4936,240002122,MK07,Gasal 2023/2024
4937,240005700,MK09,Gasal 2023/2024
4938,240005902,MK08,Gasal 2023/2024
4939,240001086,MK05,Gasal 2023/2024
4940,240003301,MK01,Gasal 2023/2024
4941,240002881,MK03,Gasal 2023/2024
4942,240004295,MK03,Gasal 2023/2024
4943,240003142,MK09,Gasal 2023/2024
4944,240004567,MK08,Gasal 2023/2024
4945,240001830,MK02,Gasal 2023/2024
4946,240005849,MK01,Gasal 2023/2024
4947,240003839,MK08,Gasal 2023/2024
4948,240002946,MK10,Gasal 2023/2024
4949,240003532,MK10,Gasal 2023/2024
4950,240000667,MK04,Gasal 2023/2024
4951,240000949,MK08,Gasal 2023/2024
4952,240000890,MK06,Gasal 2023/2024
4953,240003398,MK08,Gasal 2023/2024
4954,240001100,MK03,Gasal 2023/2024
4955,240003067,MK09,Gasal 2023/2024
4956,240000210,MK07,Gasal 2023/2024
4957,240004180,MK10,Gasal 2023/2024
4958,240002466,MK08,Gasal 2023/2024
4959,240000053,MK09,Gasal 2023/2024
4960,240004827,MK09,Gasal 2023/2024
4961,240003701,MK05,Gasal 2023/2024
4962,240000708,MK07,Gasal 2023/2024
4963,240000917,MK04,Gasal 2023/2024
4964,240003073,MK06,Gasal 2023/2024
4965,240005255,MK02,Gasal 2023/2024
4966,240000664,MK03,Gasal 2023/2024
4967,240002443,MK09,Gasal 2023/2024
4968,240003953,MK03,Gasal 2023/2024
4969,240003315,MK10,Gasal 2023/2024
4970,240003890,MK10,Gasal 2023/2024
4971,240001232,MK01,Gasal 2023/2024
4972,240005972,MK03,Gasal 2023/2024
4973,240005211,MK04,Gasal 2023/2024
4974,240003475,MK10,Gasal 2023/2024
4975,240003534,MK05,Gasal 2023/2024
4976,240000575,MK06,Gasal 2023/2024
4977,240000996,MK10,Gasal 2023/2024
4978,240004780,MK03,Gasal 2023/2024
4979,240006757,MK08,Gasal 2023/2024
4980,240004919,MK04,Gasal 2023/2024
4981,240002017,MK03,Gasal 2023/2024
4982,240004135,MK09,Gasal 2023/2024
4983,240000875,MK05,Gasal 2023/2024
4984,240006671,MK02,Gasal 2023/2024
4985,240005961,MK10,Gasal 2023/2024
4986,240006536,MK09,Gasal 2023/2024
4987,240005710,MK07,Gasal 2023/2024
4988,240002599,MK08,Gasal 2023/2024
4989,240000512,MK10,Gasal 2023/2024
4990,240003523,MK01,Gasal 2023/2024
4991,240003792,MK06,Gasal 2023/2024
4992,240001189,MK05,Gasal 2023/2024
4993,240004718,MK10,Gasal 2023/2024
4994,240007060,MK08,Gasal 2023/2024
4995,240002594,MK03,Gasal 2023/2024
4996,240000116,MK09,Gasal 2023/2024
4997,240002911,MK04,Gasal 2023/2024
4998,240003621,MK06,Gasal 2023/2024
4999,240001909,MK05,Gasal 2023/2024
5000,240001440,MK02,Gasal 2023/2024
