nim,nama,jenis_kelamin,angkatan,status_mahasiswa,id_prodi,asal_daerah,id_univ
240000000,Eka Purnawati,L,2024,Aktif,PRODI23,Nusa Tenggara Barat,2
240000002,Rina Utama,P,2020,Cuti,PRODI32,Sumatera Selatan,2
240000005,Unggul Prabowo,L,2023,Aktif,PRODI29,Maluku Utara,2
240000008,Maman Wibowo,L,2021,Aktif,PRODI29,Sumatera Utara,2
240000010,Winda Usamah,L,2022,Aktif,PRODI35,Sumatera Barat,2
240000011,T. Mulyono Wulandari,P,2023,Aktif,PRODI12,Papua,2
240000012,Karsana Halim,L,2024,Aktif,PRODI25,Sumatera Selatan,2
240000015,Carla Jailani,L,2021,Aktif,PRODI13,Jawa Timur,2
240000016,Prasetyo Waluyo,P,2021,Aktif,PRODI21,Sulawesi Tenggara,2
240000018,Praba Nababan,L,2021,Cuti,PRODI18,Sulawesi Utara,2
240000020,Ulva Yulianti,P,2023,Aktif,PRODI07,Kalimantan Barat,2
240000024,Bahuraksa Permadi,P,2024,Aktif,PRODI29,Banten,2
240000025,dr. Rudi Mangunsong,L,2021,Aktif,PRODI23,Maluku Utara,2
240000026,Salwa Kusumo,L,2022,Aktif,PRODI13,Sulawesi Barat,2
240000031,Genta Najmudin,L,2023,Aktif,PRODI35,Maluku Utara,2
240000035,Gamani Mardhiyah,P,2024,Aktif,PRODI36,DKI Jakarta,2
240000037,Dimaz Ramadan,L,2020,Lulus,PRODI30,Sulawesi Selatan,2
240000038,Viktor Laksmiwati,P,2022,Aktif,PRODI27,Jawa Barat,2
240000040,Uli Pudjiastuti,L,2020,Aktif,PRODI27,Kalimantan Timur,2
240000041,Zaenab Uyainah,P,2020,Aktif,PRODI14,Jawa Tengah,2
240000042,Dt. Paiman Wulandari,P,2023,Aktif,PRODI14,Kalimantan Barat,2
240000045,Winda Usamah,P,2022,Nonaktif,PRODI13,Kalimantan Barat,2
240000049,drg. Gatot Zulaika,L,2022,Aktif,PRODI25,Riau,2
240000050,Bakiono Wijaya,L,2022,Aktif,PRODI32,Sulawesi Utara,2
240000053,Argono Sinaga,P,2023,Aktif,PRODI13,Bangka Belitung,2
240000055,Putri Hakim,L,2023,Drop Out,PRODI34,Bangka Belitung,2
240000056,KH. Atmaja Maryati,P,2023,Aktif,PRODI35,Papua Barat,2
240000057,Cawuk Saptono,L,2021,Aktif,PRODI37,Bangka Belitung,2
240000058,KH. Harto Napitupulu,L,2023,Aktif,PRODI10,Sumatera Barat,1
240000060,R. Eman Pertiwi,L,2021,Aktif,PRODI32,Papua,2
240000061,Vino Gunawan,L,2020,Lulus,PRODI33,Kalimantan Selatan,2
240000062,Vanesa Hariyah,P,2020,Aktif,PRODI23,Nusa Tenggara Timur,2
240000064,Raden Kurniawan,P,2020,Lulus,PRODI14,Papua,2
240000068,Ifa Mardhiyah,P,2021,Aktif,PRODI09,Jambi,1
240000069,Ir. Ellis Siregar,P,2022,Aktif,PRODI11,Maluku,2
240000070,Jane Fujiati,L,2020,Aktif,PRODI13,DI Yogyakarta,2
240000071,R.A. Rahmi Tamba,P,2024,Aktif,PRODI33,Lampung,2
240000072,Karimah Novitasari,L,2023,Aktif,PRODI36,Aceh,2
240000073,Cut Rini Marpaung,P,2021,Aktif,PRODI23,Maluku Utara,2
240000075,Tari Kusmawati,L,2023,Aktif,PRODI18,Jambi,2
240000076,Salman Wastuti,P,2020,Lulus,PRODI25,Sulawesi Tenggara,2
240000077,Ir. Latika Halim,L,2020,Lulus,PRODI12,Kepulauan Riau,2
240000079,Kayla Prabowo,L,2022,Cuti,PRODI35,Nusa Tenggara Barat,2
240000080,Nadine Laksita,P,2022,Aktif,PRODI16,Kalimantan Barat,2
240000083,Cut Irma Mustofa,P,2024,Nonaktif,PRODI10,Sumatera Selatan,1
240000084,Kawaya Siregar,L,2020,Nonaktif,PRODI32,Sumatera Selatan,2
240000085,Taufan Gunawan,P,2022,Aktif,PRODI29,Sumatera Barat,2
240000086,Waluyo Zulkarnain,L,2021,Aktif,PRODI37,Kalimantan Selatan,2
240000088,drg. Jarwa Riyanti,P,2024,Aktif,PRODI36,Maluku,2
240000089,Emin Firgantoro,P,2024,Aktif,PRODI23,Sulawesi Selatan,2
240000092,Vicky Mulyani,P,2024,Aktif,PRODI29,Bangka Belitung,2
240000094,Ir. Silvia Hassanah,P,2022,Aktif,PRODI14,Jawa Tengah,2
240000096,Novi Nuraini,L,2021,Aktif,PRODI37,Kalimantan Barat,2
240000101,Ani Hutagalung,P,2021,Aktif,PRODI07,Sumatera Utara,2
240000102,dr. Edward Damanik,L,2021,Aktif,PRODI34,Sulawesi Tengah,2
240000108,dr. Juli Rajasa,P,2021,Aktif,PRODI07,Maluku Utara,2
240000111,drg. Anom Situmorang,L,2023,Aktif,PRODI32,Kalimantan Selatan,2
240000112,Hj. Vicky Usamah,L,2021,Aktif,PRODI37,Maluku Utara,2
240000114,Ismail Sirait,L,2020,Aktif,PRODI30,Papua,2
240000115,Opung Saputra,P,2024,Aktif,PRODI16,Sulawesi Utara,2
240000116,Elisa Pranowo,P,2021,Aktif,PRODI21,Kalimantan Timur,2
240000124,Prasetya Nuraini,P,2024,Aktif,PRODI14,Jawa Timur,2
240000126,R.A. Halima Dongoran,P,2020,Lulus,PRODI16,Sumatera Barat,2
240000130,Ir. Ikin Putra,P,2021,Aktif,PRODI21,Sulawesi Barat,2
240000131,Kenes Pranowo,L,2022,Aktif,PRODI04,Nusa Tenggara Barat,1
240000133,Padmi Wibowo,L,2020,Lulus,PRODI36,Sulawesi Selatan,2
240000136,Garda Yuliarti,L,2024,Aktif,PRODI34,DKI Jakarta,2
240000138,Mila Prabowo,L,2020,Lulus,PRODI16,Sulawesi Barat,2
240000140,T. Paiman Yulianti,L,2022,Aktif,PRODI04,Sumatera Barat,1
240000142,Harsaya Utama,L,2024,Aktif,PRODI36,DKI Jakarta,2
240000145,Elvin Pradipta,L,2024,Nonaktif,PRODI30,Bengkulu,2
240000146,R. Betania Salahudin,L,2024,Aktif,PRODI11,Nusa Tenggara Timur,2
240000150,Ir. Tedi Sirait,P,2023,Aktif,PRODI37,Kalimantan Selatan,2
240000152,KH. Sakti Oktaviani,P,2023,Aktif,PRODI14,Lampung,2
240000154,Cakrawangsa Rajasa,P,2021,Cuti,PRODI04,Maluku,1
240000156,Drs. Samiah Zulaika,P,2023,Aktif,PRODI16,Riau,2
240000157,Jaiman Rajata,L,2022,Aktif,PRODI37,Lampung,2
240000158,Dr. Ratih Mandasari,P,2024,Aktif,PRODI37,Sulawesi Tengah,2
240000159,Yessi Mandasari,L,2024,Aktif,PRODI34,Sumatera Barat,2
240000160,dr. Puput Hardiansyah,P,2022,Aktif,PRODI18,Sulawesi Utara,2
240000161,Oni Utami,L,2023,Aktif,PRODI10,Riau,1
240000162,Jarwa Budiman,L,2024,Aktif,PRODI18,Nusa Tenggara Timur,2
240000163,H. Darsirah Nurdiyanti,P,2023,Drop Out,PRODI10,Sumatera Selatan,1
240000164,R.A. Lidya Mulyani,P,2024,Aktif,PRODI32,Papua,2
240000165,Rahman Tarihoran,L,2023,Aktif,PRODI18,Jawa Tengah,2
240000166,drg. Harja Handayani,L,2023,Aktif,PRODI14,Maluku,2
240000167,Dirja Kusumo,L,2021,Aktif,PRODI14,Kepulauan Riau,2
240000169,Ir. Jayeng Napitupulu,L,2022,Aktif,PRODI32,Kalimantan Utara,2
240000172,Ihsan Dongoran,P,2020,Nonaktif,PRODI10,Sulawesi Tenggara,1
240000174,Ir. Cahya Mangunsong,L,2022,Aktif,PRODI29,Kepulauan Riau,2
240000175,Rendy Pudjiastuti,P,2023,Aktif,PRODI16,Sulawesi Selatan,2
240000176,drg. Kunthara Susanti,L,2024,Aktif,PRODI14,Sulawesi Tenggara,2
240000177,Bakiono Sitompul,P,2021,Aktif,PRODI14,Kalimantan Selatan,2
240000178,R.A. Vera Haryanti,L,2021,Aktif,PRODI09,Sumatera Utara,1
240000180,Intan Permata,L,2020,Aktif,PRODI13,Maluku,2
240000181,Ophelia Nasyiah,P,2024,Aktif,PRODI09,Sulawesi Barat,1
240000187,Ratna Marpaung,L,2020,Lulus,PRODI37,Aceh,2
240000190,Jagapati Jailani,L,2024,Aktif,PRODI09,DKI Jakarta,1
240000191,Muni Hardiansyah,L,2021,Aktif,PRODI30,Jawa Barat,2
240000192,Ilsa Suryono,P,2021,Drop Out,PRODI18,Kalimantan Timur,2
240000193,Dwi Kurniawan,P,2023,Aktif,PRODI04,Papua Barat,1
240000194,Yulia Siregar,L,2024,Aktif,PRODI36,Banten,2
240000195,Among Yulianti,L,2024,Aktif,PRODI11,Aceh,2
240000196,Danang Palastri,L,2024,Aktif,PRODI32,Bengkulu,2
240000198,Irwan Wacana,L,2021,Aktif,PRODI27,Kalimantan Utara,2
240000200,Gawati Maheswara,P,2024,Aktif,PRODI11,Nusa Tenggara Barat,2
240000202,Dono Santoso,L,2024,Aktif,PRODI29,Gorontalo,2
240000203,Diana Mahendra,L,2020,Aktif,PRODI34,Sulawesi Tenggara,2
240000205,dr. Prayogo Yolanda,L,2022,Aktif,PRODI21,Kepulauan Riau,2
240000207,Lanjar Irawan,L,2020,Lulus,PRODI34,Maluku,2
240000208,Latika Kusumo,P,2022,Cuti,PRODI14,Kalimantan Selatan,2
240000209,Ir. Ellis Jailani,P,2022,Aktif,PRODI09,Maluku Utara,1
240000210,Intan Hariyah,P,2021,Aktif,PRODI21,Bali,2
240000212,Ulva Prastuti,L,2022,Aktif,PRODI25,Maluku Utara,2
240000214,Kanda Pratama,L,2021,Aktif,PRODI25,Kalimantan Utara,2
240000216,Melinda Maryadi,P,2021,Nonaktif,PRODI13,Bali,2
240000218,Gangsar Padmasari,P,2022,Aktif,PRODI09,Jawa Barat,1
240000220,Mahesa Puspita,P,2024,Aktif,PRODI29,DKI Jakarta,2
240000221,Maria Yolanda,L,2023,Aktif,PRODI07,DI Yogyakarta,2
240000222,R.M. Jais Novitasari,L,2021,Aktif,PRODI25,Kalimantan Barat,2
240000223,Zelaya Natsir,L,2022,Nonaktif,PRODI21,Sulawesi Barat,2
240000225,Icha Ramadan,P,2023,Aktif,PRODI04,Sumatera Selatan,1
240000226,Mulyanto Utami,L,2021,Aktif,PRODI23,Sulawesi Tengah,2
240000231,Septi Narpati,P,2024,Aktif,PRODI10,Jawa Tengah,1
240000232,Farah Gunarto,L,2022,Aktif,PRODI32,Nusa Tenggara Timur,2
240000233,Tgk. Lala Natsir,L,2020,Lulus,PRODI07,Sumatera Barat,2
240000235,Heryanto Lestari,L,2024,Aktif,PRODI09,Banten,1
240000236,Daliono Hardiansyah,P,2024,Aktif,PRODI29,Jawa Timur,2
240000237,Danuja Wahyuni,P,2021,Aktif,PRODI07,DI Yogyakarta,2
240000238,Embuh Purnawati,L,2024,Aktif,PRODI21,Sumatera Barat,2
240000239,Hj. Chelsea Rahayu,L,2022,Aktif,PRODI27,Sulawesi Barat,2
240000240,Shakila Handayani,L,2024,Drop Out,PRODI11,Sulawesi Barat,2
240000241,Ir. Harjo Susanti,P,2020,Lulus,PRODI07,Maluku Utara,2
240000245,Ega Rahmawati,P,2023,Aktif,PRODI35,Bali,2
240000248,Paulin Tarihoran,P,2024,Aktif,PRODI04,Sulawesi Tenggara,1
240000250,Tiara Natsir,L,2023,Aktif,PRODI10,Gorontalo,1
240000252,Hj. Devi Saragih,L,2020,Drop Out,PRODI23,Nusa Tenggara Timur,2
240000255,Hana Sihombing,L,2021,Aktif,PRODI33,Banten,2
240000256,Zahra Yolanda,L,2024,Aktif,PRODI14,Sulawesi Selatan,2
240000257,Julia Santoso,L,2020,Aktif,PRODI07,Nusa Tenggara Barat,2
240000261,Agnes Prastuti,P,2023,Aktif,PRODI25,Banten,2
240000263,Ivan Marpaung,P,2024,Aktif,PRODI09,Gorontalo,1
240000266,R.A. Melinda Hakim,L,2020,Lulus,PRODI10,Bali,1
240000269,Ir. Jasmin Natsir,L,2020,Aktif,PRODI37,Kalimantan Tengah,2
240000270,Cici Pratiwi,L,2023,Aktif,PRODI13,Gorontalo,2
240000273,Yuliana Salahudin,P,2020,Lulus,PRODI35,Jawa Timur,2
240000275,Drs. Jagapati Laksmiwati,L,2024,Aktif,PRODI36,Sumatera Selatan,2
240000276,Lalita Pradana,P,2020,Lulus,PRODI29,DKI Jakarta,2
240000277,Sarah Latupono,L,2023,Aktif,PRODI21,Nusa Tenggara Timur,2
240000278,Adika Pratiwi,P,2024,Aktif,PRODI09,Lampung,1
240000279,Ira Prakasa,L,2020,Lulus,PRODI16,DKI Jakarta,2
240000280,Tgk. Adhiarja Pratama,P,2023,Aktif,PRODI12,Lampung,2
240000282,Bakidin Mandala,P,2020,Cuti,PRODI29,Sulawesi Selatan,2
240000284,R. Cinta Prasasta,P,2024,Aktif,PRODI33,Maluku Utara,2
240000285,Chelsea Prakasa,P,2022,Drop Out,PRODI29,Bali,2
240000286,Maya Firmansyah,L,2022,Aktif,PRODI30,Maluku,2
240000288,Najwa Hidayat,P,2021,Aktif,PRODI37,DI Yogyakarta,2
240000290,Harja Nugroho,P,2023,Aktif,PRODI35,Kalimantan Selatan,2
240000292,Fathonah Mardhiyah,L,2022,Aktif,PRODI13,Sumatera Barat,2
240000295,Puti Kezia Saragih,P,2023,Aktif,PRODI33,Sulawesi Tenggara,2
240000297,Jamalia Hutasoit,L,2023,Aktif,PRODI25,DI Yogyakarta,2
240000298,Martani Mahendra,L,2024,Aktif,PRODI35,Sulawesi Selatan,2
240000299,Tgk. Yoga Wahyuni,P,2023,Aktif,PRODI34,Gorontalo,2
240000301,drg. Karimah Pradipta,P,2024,Aktif,PRODI29,Kalimantan Tengah,2
240000302,Eja Handayani,P,2023,Aktif,PRODI07,Kalimantan Selatan,2
240000304,Bagiya Uyainah,L,2020,Lulus,PRODI34,Jawa Barat,2
240000306,Rusman Simbolon,P,2022,Aktif,PRODI25,Sumatera Barat,2
240000307,Unjani Sinaga,P,2024,Aktif,PRODI21,Kalimantan Barat,2
240000311,Drs. Natalia Uyainah,P,2021,Aktif,PRODI25,DI Yogyakarta,2
240000313,Natalia Rahmawati,P,2023,Nonaktif,PRODI25,Bali,2
240000318,R.A. Kartika Waskita,L,2020,Lulus,PRODI27,Riau,2
240000322,Yusuf Anggraini,P,2022,Cuti,PRODI27,Sulawesi Barat,2
240000324,Yuni Rahayu,L,2024,Aktif,PRODI32,DI Yogyakarta,2
240000325,Puji Siregar,P,2020,Cuti,PRODI37,Sulawesi Selatan,2
240000326,Lukman Suwarno,L,2023,Drop Out,PRODI33,Kalimantan Selatan,2
240000327,Ir. Mahesa Jailani,L,2023,Aktif,PRODI37,Riau,2
240000330,Janet Mandala,P,2022,Aktif,PRODI16,Bangka Belitung,2
240000332,Saka Santoso,L,2021,Aktif,PRODI12,Papua Barat,2
240000336,Kamila Sitorus,L,2023,Cuti,PRODI09,Kalimantan Selatan,1
240000338,Eka Mansur,P,2024,Aktif,PRODI23,Bali,2
240000342,Anastasia Novitasari,L,2024,Aktif,PRODI12,Sulawesi Tengah,2
240000343,Baktianto Lazuardi,P,2021,Aktif,PRODI35,Riau,2
240000346,Ira Mandasari,P,2024,Aktif,PRODI37,Kalimantan Utara,2
240000347,Intan Puspasari,L,2024,Aktif,PRODI37,Sulawesi Selatan,2
240000348,Sarah Nababan,P,2023,Aktif,PRODI34,Bengkulu,2
240000349,R. Gandewa Pratama,L,2020,Lulus,PRODI25,Jawa Timur,2
240000350,Yance Tamba,L,2022,Aktif,PRODI29,Jawa Timur,2
240000352,Shakila Kuswandari,P,2024,Aktif,PRODI25,Papua Barat,2
240000353,Safina Sihombing,L,2020,Lulus,PRODI34,Papua Barat,2
240000356,drg. Talia Laksita,L,2022,Aktif,PRODI30,Sumatera Barat,2
240000357,Purwanto Hastuti,P,2021,Nonaktif,PRODI21,Lampung,2
240000361,Ikhsan Marpaung,P,2024,Aktif,PRODI11,Riau,2
240000362,Natalia Damanik,P,2022,Aktif,PRODI21,Sulawesi Tengah,2
240000363,Estiawan Maheswara,L,2024,Aktif,PRODI35,Jawa Timur,2
240000365,Langgeng Sinaga,P,2022,Aktif,PRODI13,Kalimantan Barat,2
240000366,drg. Martana Tampubolon,L,2021,Aktif,PRODI11,Maluku Utara,2
240000367,Wirda Farida,L,2023,Aktif,PRODI07,Maluku Utara,2
240000368,Najib Pudjiastuti,P,2020,Lulus,PRODI04,DKI Jakarta,1
240000370,Dt. Arta Gunarto,P,2020,Cuti,PRODI34,Aceh,2
240000374,Zulfa Yolanda,P,2020,Drop Out,PRODI36,Lampung,2
240000375,H. Dagel Maheswara,L,2024,Aktif,PRODI12,Sulawesi Barat,2
240000377,Drs. Laras Maryadi,L,2021,Aktif,PRODI13,Papua,2
240000379,Artawan Astuti,L,2022,Nonaktif,PRODI36,Bengkulu,2
240000381,Makuta Damanik,L,2022,Drop Out,PRODI07,Jawa Timur,2
240000383,Galiono Nababan,L,2022,Aktif,PRODI37,Gorontalo,2
240000384,Ivan Hartati,P,2021,Aktif,PRODI11,Gorontalo,2
240000385,Cut Ifa Haryanto,L,2024,Aktif,PRODI34,Aceh,2
240000387,Unjani Thamrin,L,2021,Aktif,PRODI18,Sulawesi Barat,2
240000389,Kenari Maryati,L,2021,Aktif,PRODI21,Kalimantan Barat,2
240000390,drg. Samiah Sinaga,L,2024,Aktif,PRODI09,Sulawesi Selatan,1
240000392,Drajat Budiman,P,2021,Nonaktif,PRODI16,Aceh,2
240000395,Eko Siregar,P,2020,Aktif,PRODI32,Jambi,2
240000396,Budi Safitri,P,2020,Aktif,PRODI33,Aceh,2
240000397,Sutan Nalar Mandasari,L,2022,Aktif,PRODI32,Nusa Tenggara Timur,2
240000400,Damar Maulana,L,2022,Aktif,PRODI30,DI Yogyakarta,2
240000401,Yuliana Narpati,P,2024,Aktif,PRODI25,Sumatera Utara,2
240000403,Natalia Wahyudin,L,2022,Aktif,PRODI27,Sulawesi Tenggara,2
240000405,drg. Karen Lestari,L,2023,Aktif,PRODI37,Kalimantan Barat,2
240000406,Tiara Ramadan,P,2022,Aktif,PRODI11,Sulawesi Barat,2
240000411,Ina Rahmawati,P,2024,Aktif,PRODI13,Kalimantan Tengah,2
240000412,Prakosa Sinaga,L,2023,Aktif,PRODI30,Jambi,2
240000413,Michelle Prastuti,L,2024,Nonaktif,PRODI21,Gorontalo,2
240000415,Raden Winarsih,L,2020,Lulus,PRODI14,Sumatera Utara,2
240000417,R. Chandra Halimah,P,2023,Cuti,PRODI14,DI Yogyakarta,2
240000418,Karya Nugroho,P,2020,Aktif,PRODI11,Sulawesi Selatan,2
240000419,Candra Mahendra,L,2020,Lulus,PRODI35,Kalimantan Timur,2
240000422,Emin Adriansyah,L,2022,Aktif,PRODI37,Maluku Utara,2
240000423,Ir. Chelsea Maulana,P,2022,Cuti,PRODI37,Sumatera Selatan,2
240000425,Ir. Samsul Damanik,P,2021,Aktif,PRODI16,Sulawesi Utara,2
240000427,Koko Suartini,L,2020,Lulus,PRODI33,Kalimantan Utara,2
240000428,Dr. Garang Andriani,P,2021,Aktif,PRODI14,Sulawesi Utara,2
240000429,Kamila Mustofa,L,2024,Aktif,PRODI12,Riau,2
240000433,Murti Rajata,P,2024,Aktif,PRODI23,Banten,2
240000434,Surya Maryadi,L,2023,Aktif,PRODI12,Kalimantan Timur,2
240000437,R. Kemba Saragih,P,2023,Aktif,PRODI23,Banten,2
240000438,Ir. Slamet Utami,L,2020,Lulus,PRODI09,Riau,1
240000439,Dasa Ardianto,L,2024,Aktif,PRODI14,Kalimantan Utara,2
240000444,Puti Yunita Prakasa,L,2024,Aktif,PRODI07,Kalimantan Selatan,2
240000445,Ami Mayasari,L,2021,Aktif,PRODI23,Jawa Tengah,2
240000446,Ir. Ana Prabowo,P,2024,Aktif,PRODI10,Sulawesi Tenggara,1
240000449,Puput Dongoran,P,2021,Aktif,PRODI16,Sulawesi Barat,2
240000451,Raihan Sudiati,P,2021,Aktif,PRODI07,Banten,2
240000453,Latika Melani,L,2020,Aktif,PRODI16,Nusa Tenggara Barat,2
240000455,Gasti Habibi,L,2024,Aktif,PRODI35,Kalimantan Timur,2
240000456,Farah Nuraini,P,2020,Aktif,PRODI32,Banten,2
240000457,Siti Hariyah,L,2023,Aktif,PRODI07,Bengkulu,2
240000458,R.M. Nardi Mayasari,P,2024,Aktif,PRODI04,Kalimantan Barat,1
240000460,Farhunnisa Budiman,L,2023,Cuti,PRODI04,DKI Jakarta,1
240000461,T. Harsanto Sitompul,L,2023,Aktif,PRODI36,Banten,2
240000462,Jaga Padmasari,P,2022,Aktif,PRODI34,Banten,2
240000469,R. Galak Megantara,P,2022,Nonaktif,PRODI30,Papua,2
240000475,Mutia Melani,P,2024,Aktif,PRODI32,Kalimantan Barat,2
240000481,Puti Ella Anggriawan,P,2021,Drop Out,PRODI23,Papua,2
240000482,Hadi Iswahyudi,L,2021,Aktif,PRODI36,Kalimantan Tengah,2
240000483,Jaswadi Maheswara,L,2022,Aktif,PRODI04,Jambi,1
240000484,dr. Ikhsan Dabukke,L,2022,Aktif,PRODI25,Jawa Tengah,2
240000485,Ifa Wijaya,L,2022,Nonaktif,PRODI16,Nusa Tenggara Barat,2
240000486,Mursita Tamba,P,2020,Aktif,PRODI29,Sulawesi Utara,2
240000488,Wahyu Sudiati,L,2024,Aktif,PRODI09,Jawa Timur,1
240000489,Kardi Saptono,P,2021,Aktif,PRODI27,Nusa Tenggara Timur,2
240000493,Julia Winarno,L,2020,Drop Out,PRODI11,Sumatera Utara,2
240000495,T. Balijan Haryanti,P,2023,Aktif,PRODI18,Sulawesi Selatan,2
240000496,Emin Saragih,L,2023,Cuti,PRODI23,Kalimantan Selatan,2
240000497,drg. Edi Nuraini,P,2021,Aktif,PRODI13,Sumatera Barat,2
240000498,Hj. Almira Budiyanto,L,2021,Aktif,PRODI13,Papua,2
240000499,Widya Sihombing,L,2023,Aktif,PRODI25,Sumatera Utara,2
240000501,Hartana Astuti,P,2024,Aktif,PRODI12,Sulawesi Utara,2
240000502,Mursita Habibi,P,2022,Aktif,PRODI34,Bengkulu,2
240000503,Leo Mansur,P,2024,Aktif,PRODI32,Kalimantan Utara,2
240000505,Hani Kuswandari,P,2021,Cuti,PRODI14,Bali,2
240000506,Aris Nababan,P,2020,Lulus,PRODI13,Sulawesi Tengah,2
240000507,Cut Puji Hidayat,L,2024,Aktif,PRODI23,Bengkulu,2
240000509,R. Digdaya Winarsih,L,2024,Aktif,PRODI04,Jambi,1
240000510,Nurul Riyanti,P,2024,Aktif,PRODI09,Nusa Tenggara Barat,1
240000511,Eva Rajasa,L,2021,Aktif,PRODI36,Nusa Tenggara Timur,2
240000512,Hasta Januar,P,2022,Aktif,PRODI14,Bangka Belitung,2
240000517,Alambana Andriani,L,2021,Aktif,PRODI30,Sumatera Utara,2
240000518,Ibrahim Yuliarti,L,2024,Aktif,PRODI12,Jawa Timur,2
240000520,Ira Pranowo,P,2020,Lulus,PRODI32,Kalimantan Timur,2
240000521,R. Nrima Firmansyah,L,2023,Aktif,PRODI33,Maluku Utara,2
240000522,Karta Hariyah,L,2021,Aktif,PRODI32,Sulawesi Tenggara,2
240000523,Reksa Pudjiastuti,P,2023,Aktif,PRODI16,Sulawesi Tenggara,2
240000524,Cayadi Rahmawati,L,2024,Aktif,PRODI23,Sumatera Selatan,2
240000529,Usyi Utama,P,2024,Aktif,PRODI13,Kalimantan Timur,2
240000531,Uli Rahmawati,P,2021,Aktif,PRODI33,Kalimantan Barat,2
240000532,Pia Susanti,L,2020,Lulus,PRODI36,Kalimantan Utara,2
240000533,Cut Ratih Simanjuntak,L,2022,Cuti,PRODI10,Papua Barat,1
240000534,Tgk. Ganda Pudjiastuti,P,2020,Lulus,PRODI25,Papua Barat,2
240000536,Farhunnisa Gunarto,P,2020,Lulus,PRODI16,Jambi,2
240000537,R. Wadi Kusumo,P,2022,Aktif,PRODI36,Bangka Belitung,2
240000538,Yunita Mardhiyah,L,2022,Aktif,PRODI10,Sulawesi Tengah,1
240000542,Darmaji Agustina,P,2020,Lulus,PRODI12,Bali,2
240000547,Ikhsan Irawan,L,2022,Aktif,PRODI21,Jawa Tengah,2
240000549,Titin Situmorang,L,2024,Cuti,PRODI10,Sumatera Barat,1
240000551,Tgk. Wakiman Salahudin,L,2021,Aktif,PRODI27,Bengkulu,2
240000552,Jayadi Habibi,L,2023,Cuti,PRODI23,Papua Barat,2
240000553,dr. Gina Maulana,P,2020,Lulus,PRODI35,Kalimantan Barat,2
240000554,Yessi Pranowo,P,2020,Lulus,PRODI36,Sumatera Selatan,2
240000557,Zahra Marpaung,L,2023,Aktif,PRODI36,Jawa Barat,2
240000558,Amelia Susanti,P,2021,Aktif,PRODI11,Riau,2
240000559,Ulya Wulandari,P,2022,Aktif,PRODI30,Sulawesi Utara,2
240000560,Kania Purwanti,L,2021,Nonaktif,PRODI12,Nusa Tenggara Barat,2
240000563,H. Paiman Ramadan,L,2023,Aktif,PRODI23,Aceh,2
240000567,R.M. Setya Halimah,P,2021,Aktif,PRODI13,Bengkulu,2
240000570,dr. Najwa Astuti,P,2024,Aktif,PRODI30,Sumatera Selatan,2
240000571,T. Prima Mandasari,P,2022,Aktif,PRODI23,Kalimantan Timur,2
240000572,R.A. Citra Astuti,L,2021,Aktif,PRODI27,Riau,2
240000575,R.A. Violet Firmansyah,L,2020,Aktif,PRODI12,Bangka Belitung,2
240000576,Bajragin Thamrin,L,2022,Aktif,PRODI04,Sumatera Utara,1
240000579,Ian Thamrin,L,2021,Aktif,PRODI16,Sulawesi Tenggara,2
240000580,Ir. Darsirah Kuswandari,P,2022,Aktif,PRODI32,Kalimantan Timur,2
240000585,dr. Putri Hartati,P,2023,Cuti,PRODI33,Bangka Belitung,2
240000587,Ir. Teddy Tampubolon,L,2021,Aktif,PRODI14,Nusa Tenggara Timur,2
240000588,drg. Titi Gunarto,L,2021,Aktif,PRODI16,Jawa Barat,2
240000589,Puti Rahmi Latupono,L,2021,Aktif,PRODI16,Papua,2
240000591,Faizah Megantara,P,2021,Aktif,PRODI29,Maluku Utara,2
240000593,dr. Lanjar Damanik,L,2021,Aktif,PRODI12,Kalimantan Barat,2
240000597,Cindy Rajasa,P,2024,Aktif,PRODI10,Bangka Belitung,1
240000598,Nurul Pratama,P,2023,Aktif,PRODI33,Papua,2
240000602,Ir. Artanto Usada,P,2024,Nonaktif,PRODI34,DI Yogyakarta,2
240000603,R.A. Diana Waluyo,P,2024,Aktif,PRODI34,Sulawesi Tengah,2
240000606,Vera Tampubolon,P,2024,Aktif,PRODI33,Kalimantan Tengah,2
240000608,Dt. Garda Ardianto,L,2021,Aktif,PRODI04,Nusa Tenggara Timur,1
240000612,H. Lutfan Lazuardi,P,2024,Aktif,PRODI33,Nusa Tenggara Timur,2
240000613,Cahya Pradipta,P,2023,Aktif,PRODI35,Gorontalo,2
240000614,Ir. Agnes Sitompul,L,2024,Cuti,PRODI21,Riau,2
240000616,dr. Sadina Sihotang,P,2021,Aktif,PRODI37,Kalimantan Timur,2
240000618,Oliva Kusumo,P,2022,Aktif,PRODI09,Nusa Tenggara Timur,1
240000619,T. Jaya Ramadan,P,2024,Nonaktif,PRODI25,Jambi,2
240000620,Dr. Intan Marpaung,P,2021,Aktif,PRODI07,Gorontalo,2
240000621,R.A. Genta Usada,L,2022,Cuti,PRODI25,Sumatera Selatan,2
240000624,Safina Utama,L,2021,Aktif,PRODI36,Kalimantan Utara,2
240000625,Daruna Melani,L,2022,Aktif,PRODI36,Jawa Barat,2
240000628,Cut Salsabila Putra,P,2024,Aktif,PRODI33,Kepulauan Riau,2
240000631,Paiman Padmasari,L,2024,Aktif,PRODI32,Nusa Tenggara Barat,2
240000634,Shania Simbolon,P,2023,Cuti,PRODI14,Lampung,2
240000636,KH. Martani Wacana,L,2021,Aktif,PRODI09,Sulawesi Utara,1
240000637,Aurora Prakasa,L,2023,Aktif,PRODI07,Gorontalo,2
240000639,Hj. Karimah Suwarno,P,2020,Aktif,PRODI13,DI Yogyakarta,2
240000640,Kacung Utami,P,2023,Aktif,PRODI07,Papua Barat,2
240000644,Cahyadi Puspasari,P,2020,Aktif,PRODI29,Maluku Utara,2
240000647,Halim Simbolon,L,2022,Aktif,PRODI33,Papua,2
240000648,Nurul Sitompul,L,2023,Aktif,PRODI30,Maluku Utara,2
240000649,R.A. Uchita Manullang,P,2021,Nonaktif,PRODI33,Kalimantan Timur,2
240000650,Kenes Palastri,P,2021,Aktif,PRODI16,Sumatera Selatan,2
240000655,Zamira Nugroho,L,2023,Cuti,PRODI21,Kepulauan Riau,2
240000658,Halim Waskita,L,2023,Aktif,PRODI14,Sumatera Utara,2
240000659,Fathonah Mustofa,P,2024,Aktif,PRODI16,Jawa Tengah,2
240000660,Putri Siregar,L,2024,Aktif,PRODI32,Maluku Utara,2
240000663,Hj. Yani Hassanah,P,2023,Aktif,PRODI27,Sulawesi Tenggara,2
240000664,R. Salwa Siregar,L,2023,Aktif,PRODI35,Jawa Timur,2
240000666,Gawati Siregar,P,2023,Aktif,PRODI11,Bali,2
240000667,Patricia Yuniar,L,2023,Aktif,PRODI33,Bangka Belitung,2
240000668,Intan Budiyanto,P,2020,Lulus,PRODI21,Jawa Tengah,2
240000672,Farhunnisa Laksita,L,2024,Aktif,PRODI29,Papua,2
240000673,Kemal Aryani,P,2021,Aktif,PRODI12,Jawa Tengah,2
240000674,Sari Firgantoro,L,2023,Aktif,PRODI13,Sumatera Selatan,2
240000675,Darman Najmudin,P,2023,Aktif,PRODI35,Kepulauan Riau,2
240000676,Gina Maryati,P,2022,Drop Out,PRODI36,Jawa Tengah,2
240000677,Lala Dabukke,P,2021,Nonaktif,PRODI16,Banten,2
240000680,Janet Hutasoit,L,2020,Cuti,PRODI23,Banten,2
240000681,Alika Mandasari,P,2020,Lulus,PRODI04,Riau,1
240000682,Dr. Sakura Yulianti,L,2024,Aktif,PRODI13,Maluku Utara,2
240000683,Kardi Wasita,P,2021,Aktif,PRODI16,Kalimantan Selatan,2
240000686,Dr. Shakila Hidayanto,L,2022,Aktif,PRODI11,Kalimantan Timur,2
240000690,Gandewa Ramadan,P,2024,Aktif,PRODI29,Jawa Tengah,2
240000691,Cagak Pratama,P,2021,Aktif,PRODI09,DKI Jakarta,1
240000694,Dr. Kartika Haryanto,L,2020,Lulus,PRODI13,Aceh,2
240000695,Puti Devi Wacana,L,2021,Aktif,PRODI11,DKI Jakarta,2
240000696,Cut Nadia Simanjuntak,L,2022,Aktif,PRODI14,Papua,2
240000697,Dr. Joko Siregar,L,2022,Aktif,PRODI12,Papua,2
240000698,Ella Rajata,L,2022,Aktif,PRODI04,Sulawesi Tengah,1
240000700,Malika Prasetyo,P,2021,Aktif,PRODI35,Bali,2
240000705,Keisha Hasanah,P,2021,Cuti,PRODI04,DKI Jakarta,1
240000708,H. Asmuni Najmudin,P,2021,Aktif,PRODI10,Kalimantan Barat,1
240000709,Zizi Nasyidah,L,2021,Aktif,PRODI36,Aceh,2
240000715,Latika Widiastuti,L,2020,Nonaktif,PRODI18,Jawa Timur,2
240000717,Kanda Hidayat,L,2022,Aktif,PRODI11,Kalimantan Selatan,2
240000719,dr. Lala Irawan,L,2020,Lulus,PRODI18,Aceh,2
240000720,Cut Amalia Suwarno,L,2020,Lulus,PRODI16,Bangka Belitung,2
240000721,Tgk. Lidya Maryadi,P,2024,Aktif,PRODI35,Sumatera Selatan,2
240000722,Radika Sihombing,P,2020,Lulus,PRODI33,Maluku Utara,2
240000724,Drs. Danang Budiyanto,L,2022,Nonaktif,PRODI33,Sulawesi Tenggara,2
240000727,Tina Prasetyo,P,2020,Aktif,PRODI07,Nusa Tenggara Barat,2
240000728,Elisa Siregar,L,2020,Lulus,PRODI25,Jawa Barat,2
240000729,Hesti Prabowo,P,2024,Drop Out,PRODI35,Sulawesi Barat,2
240000730,Damar Anggraini,L,2023,Aktif,PRODI37,Sulawesi Tenggara,2
240000731,Iriana Tarihoran,P,2024,Drop Out,PRODI18,Sulawesi Tenggara,2
240000733,Among Manullang,L,2021,Nonaktif,PRODI27,Maluku,2
240000734,drg. Faizah Hakim,L,2021,Aktif,PRODI33,Nusa Tenggara Barat,2
240000735,Emong Handayani,L,2022,Aktif,PRODI35,Sumatera Utara,2
240000739,Julia Januar,P,2021,Nonaktif,PRODI23,Kalimantan Barat,2
240000740,Latika Farida,P,2021,Cuti,PRODI37,Gorontalo,2
240000742,Cemeti Wasita,L,2022,Aktif,PRODI33,Maluku Utara,2
240000743,dr. Darman Prastuti,L,2024,Aktif,PRODI29,Sulawesi Tenggara,2
240000745,Lalita Pratama,L,2024,Aktif,PRODI13,DKI Jakarta,2
240000749,H. Jamil Saefullah,P,2020,Aktif,PRODI04,Banten,1
240000750,Gamanto Purnawati,P,2021,Aktif,PRODI33,Gorontalo,2
240000751,Vero Puspasari,P,2022,Aktif,PRODI14,DKI Jakarta,2
240000753,Melinda Fujiati,P,2023,Aktif,PRODI04,Kepulauan Riau,1
240000754,Ir. Padmi Januar,L,2021,Aktif,PRODI21,Sumatera Selatan,2
240000756,Janet Hartati,P,2021,Aktif,PRODI32,Kepulauan Riau,2
240000758,H. Mulyanto Zulkarnain,L,2021,Aktif,PRODI12,Sulawesi Tengah,2
240000759,Cagak Adriansyah,L,2022,Aktif,PRODI07,Sumatera Utara,2
240000761,Cici Wulandari,L,2024,Aktif,PRODI09,Bali,1
240000762,Siti Hartati,P,2021,Aktif,PRODI37,Kalimantan Utara,2
240000764,Padma Budiyanto,P,2023,Aktif,PRODI35,Jawa Barat,2
240000766,Ian Mandasari,L,2023,Aktif,PRODI07,Bangka Belitung,2
240000767,Nurul Marbun,P,2020,Lulus,PRODI04,Maluku,1
240000768,R.M. Mahfud Saragih,P,2022,Aktif,PRODI25,Kalimantan Timur,2
240000770,R. Danu Uyainah,L,2021,Nonaktif,PRODI27,Nusa Tenggara Barat,2
240000772,Leo Prakasa,L,2023,Aktif,PRODI11,Sumatera Barat,2
240000775,dr. Ega Wibowo,P,2024,Aktif,PRODI10,Lampung,1
240000776,Harimurti Maryadi,P,2024,Aktif,PRODI33,DI Yogyakarta,2
240000777,dr. Opung Situmorang,P,2022,Aktif,PRODI11,Kalimantan Timur,2
240000779,drg. Hasan Haryanto,L,2024,Aktif,PRODI18,Sulawesi Selatan,2
240000780,Maman Mulyani,L,2023,Aktif,PRODI13,Sulawesi Tenggara,2
240000781,Radika Hutapea,L,2023,Aktif,PRODI18,Kepulauan Riau,2
240000783,drg. Puput Prasetya,L,2022,Aktif,PRODI37,Bali,2
240000784,Oliva Prasasta,P,2020,Lulus,PRODI14,Nusa Tenggara Timur,2
240000786,Ir. Prasetyo Riyanti,P,2024,Aktif,PRODI36,Kepulauan Riau,2
240000787,Ir. Diah Megantara,P,2024,Aktif,PRODI09,Jambi,1
240000788,Candra Laksmiwati,L,2021,Aktif,PRODI16,Kalimantan Timur,2
240000790,Hadi Sitorus,P,2023,Aktif,PRODI27,Maluku Utara,2
240000791,drg. Cemplunk Marbun,P,2020,Aktif,PRODI36,Kalimantan Selatan,2
240000792,Putri Namaga,P,2023,Aktif,PRODI27,Sulawesi Tenggara,2
240000793,Silvia Aryani,L,2023,Aktif,PRODI18,Riau,2
240000794,Yance Firmansyah,P,2020,Lulus,PRODI34,Kalimantan Utara,2
240000795,Jail Tampubolon,P,2024,Aktif,PRODI27,Sulawesi Utara,2
240000798,Budi Sitorus,L,2022,Aktif,PRODI07,Kalimantan Utara,2
240000800,Luhung Damanik,P,2021,Aktif,PRODI14,Jawa Tengah,2
240000802,R.M. Luthfi Pradipta,P,2022,Aktif,PRODI27,Jambi,2
240000803,Kajen Hartati,P,2024,Aktif,PRODI18,Papua,2
240000804,Elvina Kusumo,L,2022,Drop Out,PRODI30,Sumatera Utara,2
240000805,Ratih Zulkarnain,L,2021,Aktif,PRODI07,Bangka Belitung,2
240000807,Cut Lili Hidayat,L,2020,Aktif,PRODI16,DKI Jakarta,2
240000808,Belinda Wahyuni,L,2024,Aktif,PRODI32,Banten,2
240000809,Pangestu Siregar,P,2023,Aktif,PRODI34,Papua,2
240000811,Juli Latupono,P,2022,Nonaktif,PRODI23,Nusa Tenggara Timur,2
240000812,Vino Gunarto,P,2021,Aktif,PRODI36,Banten,2
240000815,Halima Setiawan,L,2020,Cuti,PRODI34,Sumatera Barat,2
240000820,Padmi Lailasari,L,2022,Aktif,PRODI32,Riau,2
240000824,Bakiadi Sinaga,P,2023,Aktif,PRODI36,Sulawesi Tenggara,2
240000831,Ir. Bakianto Fujiati,L,2020,Nonaktif,PRODI29,Sumatera Utara,2
240000834,Septi Pangestu,L,2023,Aktif,PRODI18,Kalimantan Timur,2
240000835,Maria Hardiansyah,P,2023,Aktif,PRODI18,Sulawesi Selatan,2
240000836,Banara Setiawan,P,2024,Aktif,PRODI10,Sumatera Barat,1
240000839,Bajragin Saefullah,L,2024,Aktif,PRODI07,Papua,2
240000840,Jaeman Tampubolon,L,2020,Lulus,PRODI37,Kalimantan Tengah,2
240000841,R. Intan Aryani,P,2024,Aktif,PRODI13,Jawa Tengah,2
240000845,Karna Farida,P,2021,Aktif,PRODI07,Papua,2
240000847,Gabriella Irawan,L,2023,Aktif,PRODI35,Sumatera Utara,2
240000848,Puti Laras Mustofa,L,2023,Aktif,PRODI36,Sulawesi Utara,2
240000851,Hana Hutagalung,L,2022,Aktif,PRODI14,Kepulauan Riau,2
240000854,Bakidin Handayani,L,2022,Aktif,PRODI07,Jambi,2
240000855,Karta Mulyani,P,2020,Aktif,PRODI11,Bengkulu,2
240000856,Limar Fujiati,P,2023,Aktif,PRODI32,DI Yogyakarta,2
240000857,Emin Ardianto,L,2023,Aktif,PRODI04,Banten,1
240000858,Usyi Hartati,L,2022,Aktif,PRODI23,Maluku,2
240000859,Gandi Haryanto,P,2020,Lulus,PRODI36,Kalimantan Utara,2
240000860,Dt. Rusman Kurniawan,L,2021,Aktif,PRODI13,Papua Barat,2
240000863,Jamalia Dongoran,P,2021,Aktif,PRODI09,Kalimantan Tengah,1
240000867,Daruna Situmorang,P,2024,Aktif,PRODI23,Kalimantan Tengah,2
240000868,Kayla Permata,L,2023,Aktif,PRODI16,Sulawesi Tenggara,2
240000869,Mutia Rahmawati,P,2023,Aktif,PRODI29,Jambi,2
240000871,Tania Nashiruddin,L,2022,Nonaktif,PRODI27,Sulawesi Tenggara,2
240000874,Nurul Haryanto,P,2021,Aktif,PRODI35,Banten,2
240000875,Devi Maulana,P,2023,Aktif,PRODI23,Jawa Timur,2
240000876,dr. Azalea Prabowo,L,2023,Aktif,PRODI30,DI Yogyakarta,2
240000877,Daryani Setiawan,L,2021,Aktif,PRODI35,Papua Barat,2
240000878,Intan Gunarto,P,2020,Aktif,PRODI37,Bali,2
240000879,Rina Zulaika,P,2020,Lulus,PRODI04,Riau,1
240000881,KH. Indra Natsir,P,2023,Aktif,PRODI07,Jambi,2
240000885,Vanesa Prayoga,L,2020,Lulus,PRODI37,Maluku,2
240000888,Tgk. Usyi Permadi,L,2023,Aktif,PRODI23,Jawa Tengah,2
240000889,Harsaya Utama,L,2024,Aktif,PRODI23,Kalimantan Barat,2
240000890,Garan Saptono,P,2024,Aktif,PRODI21,Kepulauan Riau,2
240000893,Salimah Situmorang,P,2024,Aktif,PRODI32,Nusa Tenggara Timur,2
240000894,R.A. Sadina Damanik,L,2021,Aktif,PRODI16,DKI Jakarta,2
240000895,Fathonah Damanik,L,2023,Aktif,PRODI23,Sumatera Selatan,2
240000896,Hafshah Hutapea,L,2020,Aktif,PRODI33,DKI Jakarta,2
240000897,Raden Hasanah,P,2023,Aktif,PRODI23,Sumatera Utara,2
240000898,Uchita Lestari,L,2024,Aktif,PRODI13,Gorontalo,2
240000899,Perkasa Padmasari,P,2021,Nonaktif,PRODI11,Kalimantan Timur,2
240000900,Kamaria Lailasari,L,2023,Aktif,PRODI33,Kalimantan Barat,2
240000901,R.A. Samiah Suryono,L,2022,Aktif,PRODI29,Sulawesi Selatan,2
240000902,dr. Jamalia Puspasari,P,2021,Aktif,PRODI29,DI Yogyakarta,2
240000908,Ikin Mayasari,P,2021,Aktif,PRODI37,Kepulauan Riau,2
240000909,Hamzah Usamah,P,2022,Aktif,PRODI09,DI Yogyakarta,1
240000910,Abyasa Laksita,L,2024,Aktif,PRODI37,Bali,2
240000912,Liman Winarno,P,2020,Lulus,PRODI04,DI Yogyakarta,1
240000913,Hasta Hariyah,L,2021,Aktif,PRODI11,Jawa Barat,2
240000917,Kajen Rahimah,P,2021,Aktif,PRODI33,Papua Barat,2
240000920,H. Cahyanto Tarihoran,P,2023,Aktif,PRODI13,Papua,2
240000921,T. Yoga Fujiati,P,2024,Aktif,PRODI30,Sumatera Utara,2
240000923,Cut Sabrina Pratiwi,P,2024,Aktif,PRODI21,Maluku Utara,2
240000925,Prabawa Wastuti,L,2024,Aktif,PRODI16,Kalimantan Barat,2
240000927,Bakiono Wibisono,P,2024,Aktif,PRODI21,Sulawesi Selatan,2
240000928,Jefri Dongoran,L,2022,Aktif,PRODI30,DKI Jakarta,2
240000929,R. Atma Purwanti,P,2023,Aktif,PRODI27,Sulawesi Selatan,2
240000930,Ellis Waskita,L,2022,Aktif,PRODI04,Gorontalo,1
240000931,Eka Prastuti,P,2022,Aktif,PRODI16,Sulawesi Tenggara,2
240000935,Paiman Tampubolon,P,2022,Aktif,PRODI07,Sulawesi Barat,2
240000937,Maras Jailani,L,2024,Aktif,PRODI11,Papua Barat,2
240000940,Yessi Usamah,P,2021,Aktif,PRODI27,Maluku Utara,2
240000941,Anom Najmudin,L,2022,Aktif,PRODI10,Kalimantan Timur,1
240000942,R.M. Surya Siregar,L,2022,Aktif,PRODI29,Maluku Utara,2
240000943,Victoria Mustofa,P,2020,Aktif,PRODI14,Riau,2
240000944,Hj. Ifa Saefullah,L,2020,Cuti,PRODI16,Aceh,2
240000947,Mutia Halim,P,2023,Aktif,PRODI18,Sulawesi Tengah,2
240000948,Edward Sihombing,P,2024,Aktif,PRODI18,Banten,2
240000949,Jamil Uyainah,P,2022,Cuti,PRODI30,Sumatera Barat,2
240000959,Hamima Hartati,P,2024,Aktif,PRODI35,Banten,2
240000961,Drs. Farhunnisa Hassanah,P,2022,Aktif,PRODI11,Nusa Tenggara Timur,2
240000963,Sari Winarsih,L,2023,Cuti,PRODI37,Bali,2
240000964,Vicky Jailani,P,2023,Aktif,PRODI18,DI Yogyakarta,2
240000966,Raditya Handayani,L,2022,Aktif,PRODI18,Jawa Tengah,2
240000967,Ghaliyati Prasetya,L,2020,Cuti,PRODI07,Bengkulu,2
240000969,Dt. Karna Jailani,P,2022,Aktif,PRODI14,Jawa Tengah,2
240000970,Tasdik Nababan,L,2022,Aktif,PRODI11,Sulawesi Selatan,2
240000972,Nrima Lestari,P,2020,Lulus,PRODI27,Banten,2
240000976,Safina Samosir,L,2020,Aktif,PRODI11,Papua,2
240000983,Novi Aryani,P,2021,Aktif,PRODI25,Sulawesi Utara,2
240000984,Sabar Mustofa,P,2022,Aktif,PRODI10,Bangka Belitung,1
240000985,Nadia Anggraini,P,2024,Aktif,PRODI33,Kalimantan Timur,2
240000990,Dr. Gina Maryati,L,2021,Drop Out,PRODI14,Bengkulu,2
240000992,Mala Hastuti,P,2024,Aktif,PRODI25,Sumatera Barat,2
240000996,Jono Hidayanto,L,2022,Aktif,PRODI04,Riau,1
240000997,Drs. Rahmi Kuswandari,P,2021,Nonaktif,PRODI32,Jawa Tengah,2
240000999,Anom Pertiwi,L,2024,Aktif,PRODI36,Bali,2
240001000,drg. Vivi Usada,P,2024,Aktif,PRODI09,Bali,1
240001005,Karja Saefullah,L,2020,Lulus,PRODI21,Sulawesi Selatan,2
240001010,Shania Widiastuti,P,2024,Aktif,PRODI29,Banten,2
240001015,dr. Narji Mansur,L,2023,Aktif,PRODI09,Kalimantan Tengah,1
240001017,Dr. Rika Wibowo,P,2024,Aktif,PRODI29,DI Yogyakarta,2
240001020,Hilda Yuliarti,L,2020,Aktif,PRODI37,Kepulauan Riau,2
240001021,Gamanto Wijayanti,P,2020,Lulus,PRODI30,Sumatera Utara,2
240001022,Karya Gunawan,P,2024,Aktif,PRODI21,DI Yogyakarta,2
240001026,Aurora Saputra,P,2023,Aktif,PRODI32,Sulawesi Selatan,2
240001027,Jagapati Nasyidah,P,2023,Aktif,PRODI25,Banten,2
240001032,Ciaobella Situmorang,L,2021,Aktif,PRODI35,Jawa Barat,2
240001033,Catur Prasetyo,P,2022,Aktif,PRODI14,Nusa Tenggara Barat,2
240001034,Simon Thamrin,P,2024,Aktif,PRODI07,Sulawesi Tenggara,2
240001035,Halim Wahyuni,P,2022,Aktif,PRODI30,Riau,2
240001040,Gamani Firmansyah,L,2021,Aktif,PRODI12,Kalimantan Utara,2
240001041,Zalindra Prastuti,L,2023,Aktif,PRODI07,DKI Jakarta,2
240001042,Ratna Dongoran,L,2021,Aktif,PRODI07,Aceh,2
240001043,Ulya Latupono,P,2022,Aktif,PRODI30,Maluku Utara,2
240001045,Kania Zulkarnain,L,2023,Nonaktif,PRODI27,Papua,2
240001046,H. Candra Hakim,P,2020,Drop Out,PRODI04,Gorontalo,1
240001047,Lega Lailasari,L,2022,Cuti,PRODI04,Jawa Barat,1
240001048,Suci Sudiati,L,2023,Aktif,PRODI23,Kalimantan Selatan,2
240001052,Jono Sihombing,L,2022,Aktif,PRODI13,Gorontalo,2
240001053,Tugiman Marpaung,P,2020,Aktif,PRODI16,Kalimantan Selatan,2
240001054,Martana Handayani,L,2024,Aktif,PRODI16,Kepulauan Riau,2
240001057,Dewi Hasanah,L,2020,Lulus,PRODI27,Kalimantan Timur,2
240001060,Kayla Budiyanto,L,2024,Aktif,PRODI33,Lampung,2
240001061,dr. Raina Siregar,P,2022,Aktif,PRODI23,Jawa Tengah,2
240001063,Elma Latupono,P,2022,Aktif,PRODI37,Sumatera Barat,2
240001065,T. Kadir Permata,L,2023,Aktif,PRODI34,Aceh,2
240001066,Drs. Almira Wibowo,L,2021,Aktif,PRODI35,Sulawesi Barat,2
240001067,Hesti Salahudin,L,2023,Aktif,PRODI13,Sulawesi Tengah,2
240001068,Siti Prastuti,P,2021,Aktif,PRODI21,Nusa Tenggara Barat,2
240001070,Qori Dabukke,L,2020,Lulus,PRODI30,Jawa Timur,2
240001075,Nabila Lazuardi,L,2024,Aktif,PRODI34,Sulawesi Tengah,2
240001076,Tari Permadi,L,2023,Aktif,PRODI04,Jawa Tengah,1
240001078,R. Icha Mustofa,P,2023,Aktif,PRODI10,Maluku,1
240001079,Ir. Uchita Aryani,P,2020,Lulus,PRODI21,Jawa Timur,2
240001080,Drs. Intan Kuswoyo,P,2023,Aktif,PRODI04,Kalimantan Tengah,1
240001082,Gina Mandala,P,2022,Drop Out,PRODI11,Kalimantan Barat,2
240001083,Cut Karen Mustofa,L,2023,Aktif,PRODI27,Gorontalo,2
240001085,Ella Mandasari,P,2023,Aktif,PRODI37,Jawa Barat,2
240001086,Paramita Lazuardi,P,2022,Aktif,PRODI32,Sulawesi Tengah,2
240001087,Unggul Mandasari,P,2020,Lulus,PRODI32,Maluku Utara,2
240001088,Tgk. Yani Wulandari,L,2020,Lulus,PRODI21,Jawa Barat,2
240001089,Patricia Wulandari,L,2023,Aktif,PRODI13,Nusa Tenggara Barat,2
240001090,R.A. Febi Manullang,P,2021,Aktif,PRODI27,Sulawesi Barat,2
240001091,Taswir Agustina,P,2021,Aktif,PRODI12,Nusa Tenggara Timur,2
240001094,Cut Zalindra Nugroho,P,2020,Aktif,PRODI33,Maluku Utara,2
240001095,Galak Wijayanti,L,2021,Aktif,PRODI30,Nusa Tenggara Timur,2
240001096,Hasna Wijayanti,P,2021,Aktif,PRODI16,Kalimantan Barat,2
240001097,Asmuni Lailasari,P,2022,Aktif,PRODI09,Kalimantan Timur,1
240001100,Novi Susanti,L,2020,Aktif,PRODI09,DKI Jakarta,1
240001101,Kenes Usamah,L,2024,Aktif,PRODI30,Papua Barat,2
240001102,H. Uda Sihombing,L,2020,Lulus,PRODI35,Lampung,2
240001105,Yance Kusmawati,P,2020,Lulus,PRODI09,Aceh,1
240001106,Puti Tari Sihombing,L,2023,Aktif,PRODI16,Sulawesi Tenggara,2
240001107,Dt. Balijan Maulana,L,2022,Aktif,PRODI37,Riau,2
240001109,Taufik Zulaika,L,2022,Aktif,PRODI33,Jambi,2
240001111,Zahra Puspita,P,2022,Aktif,PRODI33,Jambi,2
240001114,Jayadi Halimah,P,2024,Aktif,PRODI07,Kepulauan Riau,2
240001117,Maimunah Safitri,L,2021,Aktif,PRODI13,Nusa Tenggara Timur,2
240001118,Rahayu Nashiruddin,L,2021,Aktif,PRODI32,Sulawesi Selatan,2
240001119,Makuta Saputra,P,2024,Aktif,PRODI21,Gorontalo,2
240001120,Wawan Damanik,L,2024,Aktif,PRODI27,Riau,2
240001121,Dr. Bahuwirya Narpati,P,2023,Aktif,PRODI09,Kalimantan Barat,1
240001123,R. Luwes Andriani,L,2022,Aktif,PRODI29,Jawa Tengah,2
240001124,Cengkal Uwais,L,2023,Aktif,PRODI34,Banten,2
240001125,Yulia Damanik,P,2021,Aktif,PRODI21,Kalimantan Tengah,2
240001126,Hasta Waluyo,P,2020,Lulus,PRODI13,Bengkulu,2
240001128,Michelle Prasasta,L,2020,Lulus,PRODI23,Sulawesi Selatan,2
240001131,Zulaikha Widodo,L,2024,Aktif,PRODI18,Sumatera Barat,2
240001136,Harjo Prayoga,L,2020,Lulus,PRODI36,Sulawesi Tenggara,2
240001137,KH. Gangsa Mardhiyah,L,2021,Aktif,PRODI13,Bali,2
240001142,Keisha Sitompul,P,2020,Lulus,PRODI37,Bengkulu,2
240001143,Tgk. Ajeng Rahmawati,L,2023,Aktif,PRODI25,Papua Barat,2
240001144,Cahya Hutagalung,L,2022,Aktif,PRODI11,Sulawesi Tenggara,2
240001148,Aisyah Wibisono,L,2023,Aktif,PRODI29,Lampung,2
240001149,Ophelia Irawan,L,2020,Aktif,PRODI12,Papua,2
240001153,Ir. Paiman Yulianti,P,2020,Nonaktif,PRODI04,Papua,1
240001156,Dt. Kenzie Kurniawan,P,2020,Lulus,PRODI16,Riau,2
240001157,Puti Pia Anggraini,L,2020,Lulus,PRODI27,Sulawesi Utara,2
240001158,Tgk. Ira Hakim,P,2020,Aktif,PRODI29,Sulawesi Tengah,2
240001159,Dipa Wibowo,L,2020,Lulus,PRODI37,DI Yogyakarta,2
240001160,Makuta Ramadan,L,2022,Aktif,PRODI18,Sulawesi Selatan,2
240001163,dr. Manah Manullang,L,2024,Aktif,PRODI33,Maluku,2
240001164,R.A. Ulva Oktaviani,L,2022,Aktif,PRODI25,Kalimantan Utara,2
240001165,Dr. Ratna Dongoran,P,2024,Aktif,PRODI11,Maluku,2
240001167,R.M. Tasdik Tarihoran,L,2024,Aktif,PRODI30,Riau,2
240001168,Atmaja Damanik,L,2024,Aktif,PRODI14,Bali,2
240001171,Eli Sudiati,L,2023,Nonaktif,PRODI18,Jambi,2
240001174,Dt. Taufik Halimah,L,2021,Nonaktif,PRODI33,Papua,2
240001175,Cakrawala Rajata,L,2022,Aktif,PRODI33,Aceh,2
240001176,Drs. Cindy Palastri,L,2020,Aktif,PRODI16,Kalimantan Tengah,2
240001177,Unjani Nasyidah,L,2021,Aktif,PRODI12,DKI Jakarta,2
240001178,Ami Anggraini,P,2022,Aktif,PRODI16,Sulawesi Barat,2
240001182,Tgk. Hani Saragih,P,2023,Aktif,PRODI33,Lampung,2
240001184,Puji Manullang,P,2023,Aktif,PRODI10,Nusa Tenggara Timur,1
240001185,Almira Ramadan,L,2020,Aktif,PRODI32,Banten,2
240001187,Julia Mandasari,L,2024,Aktif,PRODI37,Maluku Utara,2
240001188,Hafshah Megantara,L,2022,Aktif,PRODI18,Maluku,2
240001189,Cinta Budiman,L,2023,Aktif,PRODI07,Jawa Barat,2
240001190,Banawi Najmudin,P,2024,Aktif,PRODI25,Kalimantan Selatan,2
240001191,Safina Kuswandari,P,2024,Aktif,PRODI21,Maluku,2
240001192,Dt. Jail Fujiati,L,2021,Aktif,PRODI34,Sumatera Utara,2
240001194,Danang Susanti,L,2020,Lulus,PRODI16,Sulawesi Tenggara,2
240001195,KH. Asirwanda Fujiati,P,2023,Aktif,PRODI13,Riau,2
240001197,Muhammad Adriansyah,L,2020,Lulus,PRODI37,Gorontalo,2
240001198,R. Lalita Sihombing,P,2024,Aktif,PRODI10,Riau,1
240001201,Almira Anggraini,P,2023,Aktif,PRODI33,Sulawesi Tengah,2
240001203,Heru Winarsih,L,2021,Aktif,PRODI27,DKI Jakarta,2
240001205,Gaiman Haryanto,L,2021,Aktif,PRODI35,Kepulauan Riau,2
240001207,Umaya Ardianto,L,2024,Aktif,PRODI27,Jawa Tengah,2
240001209,R.A. Vanya Laksita,L,2022,Aktif,PRODI33,Sulawesi Barat,2
240001213,Drs. Chelsea Hutasoit,P,2023,Aktif,PRODI32,Lampung,2
240001214,Febi Permata,L,2020,Lulus,PRODI13,Kalimantan Selatan,2
240001215,Dt. Murti Mandasari,L,2024,Drop Out,PRODI07,DKI Jakarta,2
240001218,Jindra Usamah,P,2023,Aktif,PRODI35,Lampung,2
240001220,Farhunnisa Puspita,P,2020,Lulus,PRODI11,Aceh,2
240001221,Nilam Situmorang,L,2022,Aktif,PRODI32,Jawa Tengah,2
240001222,Najwa Suartini,P,2022,Aktif,PRODI07,Sumatera Selatan,2
240001223,Chelsea Usamah,L,2020,Aktif,PRODI33,Kalimantan Selatan,2
240001224,Dina Handayani,P,2020,Lulus,PRODI07,Sumatera Utara,2
240001227,Drs. Jindra Suryatmi,P,2020,Aktif,PRODI27,Sumatera Barat,2
240001231,Ihsan Laksita,L,2022,Cuti,PRODI07,Lampung,2
240001232,Leo Zulkarnain,L,2022,Aktif,PRODI11,Kalimantan Utara,2
240001237,Tgk. Galang Firmansyah,L,2022,Aktif,PRODI09,Kalimantan Utara,1
240001238,Upik Usada,L,2023,Aktif,PRODI33,Nusa Tenggara Barat,2
240001240,Karja Pranowo,P,2022,Aktif,PRODI25,Kalimantan Selatan,2
240001244,Tgk. Elisa Prasasta,P,2020,Lulus,PRODI36,Sumatera Barat,2
240001246,Kani Haryanto,P,2020,Aktif,PRODI11,Sulawesi Utara,2
240001247,Damu Dabukke,P,2022,Aktif,PRODI09,Kalimantan Selatan,1
240001248,Galuh Waskita,L,2020,Aktif,PRODI33,Jawa Barat,2
240001249,Maya Usada,P,2020,Aktif,PRODI36,Sulawesi Utara,2
240001250,Tgk. Faizah Utama,P,2020,Lulus,PRODI18,Sumatera Utara,2
240001253,Galak Nasyiah,L,2020,Lulus,PRODI07,Kalimantan Timur,2
240001254,Dadap Haryanti,L,2021,Aktif,PRODI21,Papua Barat,2
240001256,Shakila Utama,P,2022,Aktif,PRODI36,Kalimantan Timur,2
240001258,H. Candrakanta Firmansyah,P,2023,Aktif,PRODI37,Kalimantan Tengah,2
240001259,Chelsea Kuswandari,P,2021,Aktif,PRODI25,Kalimantan Barat,2
240001260,Shakila Hidayat,P,2021,Aktif,PRODI09,Papua,1
240001263,Anastasia Maulana,P,2024,Aktif,PRODI25,Kalimantan Utara,2
240001264,Ida Nasyiah,P,2023,Aktif,PRODI21,Kalimantan Utara,2
240001266,Farhunnisa Suartini,L,2021,Aktif,PRODI27,Bengkulu,2
240001268,dr. Zahra Budiyanto,L,2021,Aktif,PRODI37,Sumatera Utara,2
240001269,Syahrini Palastri,L,2024,Aktif,PRODI14,Kalimantan Selatan,2
240001271,Puti Siska Wahyuni,P,2023,Aktif,PRODI10,Sumatera Barat,1
240001272,Tgk. Elvina Tamba,P,2021,Aktif,PRODI12,DI Yogyakarta,2
240001273,Zalindra Novitasari,P,2021,Aktif,PRODI29,Kalimantan Selatan,2
240001277,Ganda Pranowo,L,2022,Aktif,PRODI16,Sumatera Selatan,2
240001279,Sari Mulyani,P,2020,Aktif,PRODI30,Lampung,2
240001283,Karen Prakasa,L,2023,Nonaktif,PRODI09,Sumatera Barat,1
240001286,Kamaria Saptono,L,2020,Lulus,PRODI36,Kalimantan Selatan,2
240001289,Mahdi Wibisono,L,2024,Nonaktif,PRODI07,Kalimantan Barat,2
240001290,Hafshah Haryanti,P,2024,Aktif,PRODI36,Jawa Tengah,2
240001292,Clara Riyanti,L,2023,Nonaktif,PRODI36,Kalimantan Selatan,2
240001295,Victoria Pangestu,P,2021,Drop Out,PRODI34,Nusa Tenggara Barat,2
240001296,Ir. Ira Rajata,L,2023,Aktif,PRODI35,Papua Barat,2
240001297,Ir. Jayeng Purwanti,P,2020,Lulus,PRODI13,Sumatera Selatan,2
240001299,Lembah Kusumo,L,2021,Aktif,PRODI33,Kepulauan Riau,2
240001302,Wahyu Megantara,P,2023,Aktif,PRODI07,Lampung,2
240001303,Patricia Widodo,P,2022,Aktif,PRODI33,Banten,2
240001306,Danang Budiyanto,P,2024,Aktif,PRODI34,Gorontalo,2
240001307,Uchita Pangestu,L,2020,Cuti,PRODI18,Bangka Belitung,2
240001309,Dr. Luwes Siregar,L,2023,Aktif,PRODI35,Sulawesi Utara,2
240001311,Almira Pradana,L,2021,Cuti,PRODI12,Sumatera Barat,2
240001314,Ciaobella Nainggolan,L,2020,Lulus,PRODI37,Maluku Utara,2
240001315,Juli Pangestu,P,2020,Aktif,PRODI12,Kalimantan Tengah,2
240001316,Arsipatra Nuraini,P,2021,Aktif,PRODI30,Kalimantan Utara,2
240001317,Harimurti Wijaya,L,2021,Aktif,PRODI13,Riau,2
240001318,Intan Novitasari,L,2020,Lulus,PRODI10,Lampung,1
240001319,R.A. Ira Suartini,L,2021,Aktif,PRODI32,Bangka Belitung,2
240001321,Atmaja Wahyudin,L,2021,Nonaktif,PRODI10,Sulawesi Barat,1
240001322,Radit Widiastuti,L,2020,Drop Out,PRODI18,Nusa Tenggara Timur,2
240001326,Nadine Suryatmi,P,2021,Drop Out,PRODI32,Sumatera Selatan,2
240001327,Wisnu Yulianti,P,2021,Aktif,PRODI12,Aceh,2
240001328,Gina Mardhiyah,L,2024,Aktif,PRODI36,Kalimantan Utara,2
240001329,KH. Candrakanta Nababan,P,2023,Aktif,PRODI37,Jawa Barat,2
240001331,R.A. Kayla Usada,P,2022,Aktif,PRODI12,Papua Barat,2
240001332,dr. Lintang Andriani,L,2022,Aktif,PRODI29,Kalimantan Utara,2
240001333,H. Galur Prastuti,L,2024,Aktif,PRODI11,Kalimantan Timur,2
240001337,Agnes Wibowo,L,2024,Aktif,PRODI35,DKI Jakarta,2
240001338,Cemplunk Situmorang,P,2020,Lulus,PRODI37,Maluku,2
240001339,Galar Mangunsong,P,2020,Lulus,PRODI07,Sulawesi Utara,2
240001340,Danuja Padmasari,L,2021,Aktif,PRODI32,Jawa Tengah,2
240001341,Raisa Lazuardi,L,2022,Drop Out,PRODI34,Riau,2
240001344,Dr. Titin Wastuti,L,2024,Aktif,PRODI21,Jawa Tengah,2
240001346,Cakrajiya Wahyudin,P,2024,Aktif,PRODI21,Jambi,2
240001349,Mutia Wulandari,P,2024,Aktif,PRODI18,Papua Barat,2
240001351,Septi Situmorang,P,2022,Aktif,PRODI35,Kalimantan Utara,2
240001352,KH. Dalimin Marpaung,L,2021,Drop Out,PRODI11,Bengkulu,2
240001354,drg. Hartana Tamba,P,2021,Aktif,PRODI23,Sumatera Selatan,2
240001355,Hj. Paris Mangunsong,P,2024,Aktif,PRODI33,DKI Jakarta,2
240001356,Drajat Wibowo,L,2022,Aktif,PRODI30,Kepulauan Riau,2
240001357,Ir. Ega Rahmawati,L,2024,Aktif,PRODI32,Nusa Tenggara Barat,2
240001358,Dr. Jais Sinaga,P,2020,Lulus,PRODI36,Bangka Belitung,2
240001360,Tirtayasa Siregar,P,2021,Aktif,PRODI10,Lampung,1
240001363,H. Agus Waluyo,L,2020,Nonaktif,PRODI37,Maluku Utara,2
240001367,Amelia Pratiwi,L,2024,Aktif,PRODI25,Sulawesi Selatan,2
240001369,Safina Siregar,L,2020,Aktif,PRODI12,Jawa Timur,2
240001374,Yuliana Waluyo,P,2022,Aktif,PRODI14,Kalimantan Utara,2
240001375,Aswani Hardiansyah,L,2020,Lulus,PRODI04,Lampung,1
240001376,Shania Lestari,P,2024,Aktif,PRODI14,Sumatera Utara,2
240001379,Alika Pudjiastuti,P,2021,Cuti,PRODI23,Sumatera Selatan,2
240001381,dr. Dagel Aryani,P,2024,Aktif,PRODI16,Bangka Belitung,2
240001383,Mutia Mangunsong,P,2020,Nonaktif,PRODI34,Jawa Tengah,2
240001385,Vera Kusmawati,P,2024,Aktif,PRODI12,Sulawesi Utara,2
240001386,Zahra Pranowo,P,2021,Aktif,PRODI36,Sumatera Barat,2
240001387,Zelda Gunawan,P,2020,Aktif,PRODI14,Sumatera Utara,2
240001388,R. Rina Yulianti,P,2023,Aktif,PRODI25,Bengkulu,2
240001390,Ifa Maulana,P,2022,Cuti,PRODI21,Bali,2
240001393,Umay Nasyiah,P,2021,Cuti,PRODI37,Nusa Tenggara Timur,2
240001397,Umi Marpaung,P,2023,Aktif,PRODI25,Bali,2
240001398,Ir. Ajiono Kuswoyo,L,2023,Aktif,PRODI25,Sulawesi Tenggara,2
240001399,R.A. Sakura Maheswara,P,2024,Aktif,PRODI34,Kalimantan Timur,2
240001402,Karya Wastuti,P,2021,Aktif,PRODI29,Bangka Belitung,2
240001406,dr. Jasmani Damanik,L,2021,Aktif,PRODI11,Sulawesi Selatan,2
240001408,Michelle Prasetya,P,2020,Lulus,PRODI35,Nusa Tenggara Timur,2
240001409,R. Darmanto Suryatmi,L,2024,Aktif,PRODI30,Maluku Utara,2
240001410,R. Danu Tamba,L,2021,Aktif,PRODI12,Maluku,2
240001414,Ani Waluyo,P,2024,Aktif,PRODI27,Gorontalo,2
240001415,Galar Zulaika,L,2022,Aktif,PRODI14,Jawa Barat,2
240001417,Sutan Malik Kuswandari,P,2023,Aktif,PRODI30,Nusa Tenggara Barat,2
240001418,Jaya Mayasari,L,2024,Aktif,PRODI16,Jawa Timur,2
240001419,Hardana Winarno,L,2020,Aktif,PRODI23,Sulawesi Tenggara,2
240001420,Nabila Setiawan,P,2023,Cuti,PRODI25,Kalimantan Barat,2
240001425,Jessica Laksita,L,2024,Aktif,PRODI30,Riau,2
240001426,Kamidin Saptono,P,2023,Aktif,PRODI35,Banten,2
240001429,Queen Iswahyudi,P,2024,Aktif,PRODI13,Sumatera Selatan,2
240001430,Titi Widodo,P,2024,Aktif,PRODI37,DKI Jakarta,2
240001433,Eka Yuliarti,L,2021,Aktif,PRODI37,Riau,2
240001435,drg. Gilda Manullang,L,2024,Aktif,PRODI12,Sumatera Barat,2
240001439,Dr. Kezia Nasyidah,P,2020,Lulus,PRODI11,Kalimantan Tengah,2
240001440,T. Jarwi Nashiruddin,L,2022,Aktif,PRODI04,Lampung,1
240001442,Rangga Hassanah,L,2024,Aktif,PRODI18,Maluku,2
240001443,Erik Fujiati,P,2022,Aktif,PRODI27,Sulawesi Selatan,2
240001444,H. Raihan Ardianto,L,2023,Aktif,PRODI11,Sulawesi Tenggara,2
240001445,Puti Sadina Winarno,L,2020,Lulus,PRODI11,Bengkulu,2
240001446,Kawaca Napitupulu,P,2022,Aktif,PRODI11,Jawa Timur,2
240001447,Ulva Pradana,P,2024,Aktif,PRODI29,Kalimantan Barat,2
240001448,Lili Firmansyah,L,2022,Aktif,PRODI12,Kepulauan Riau,2
240001449,Dr. Jasmin Hutasoit,P,2022,Aktif,PRODI33,Nusa Tenggara Barat,2
240001451,Rini Mayasari,P,2024,Aktif,PRODI04,Jawa Tengah,1
240001453,Respati Situmorang,P,2024,Aktif,PRODI34,Bali,2
240001454,Endah Salahudin,L,2024,Cuti,PRODI16,Banten,2
240001458,Paiman Sihotang,P,2022,Aktif,PRODI32,Bengkulu,2
240001459,Lili Mahendra,P,2022,Aktif,PRODI34,Banten,2
240001462,Joko Kuswandari,P,2022,Aktif,PRODI09,Kepulauan Riau,1
240001463,Salsabila Habibi,L,2022,Aktif,PRODI16,Sumatera Barat,2
240001464,Raina Wibowo,P,2021,Aktif,PRODI33,Jawa Timur,2
240001465,R. Kania Hariyah,P,2021,Aktif,PRODI34,Kalimantan Timur,2
240001471,Ir. Hafshah Waskita,P,2021,Nonaktif,PRODI18,Sulawesi Barat,2
240001472,Puji Budiman,P,2024,Aktif,PRODI07,Riau,2
240001476,Nasim Purnawati,L,2020,Nonaktif,PRODI25,DKI Jakarta,2
240001479,Vera Situmorang,L,2024,Aktif,PRODI33,Lampung,2
240001480,Pangeran Yuniar,P,2024,Aktif,PRODI12,Kalimantan Utara,2
240001481,Edi Halim,L,2022,Aktif,PRODI18,Kepulauan Riau,2
240001482,KH. Daliman Rahmawati,L,2020,Lulus,PRODI13,Lampung,2
240001483,Dr. Hardana Kusumo,P,2020,Aktif,PRODI11,Kepulauan Riau,2
240001484,Jagaraga Sihombing,P,2020,Lulus,PRODI16,Kalimantan Utara,2
240001485,R. Yunita Hidayat,P,2022,Aktif,PRODI11,Papua Barat,2
240001486,Jasmin Nasyidah,P,2021,Aktif,PRODI25,Sumatera Barat,2
240001492,Cecep Dongoran,P,2024,Aktif,PRODI09,Papua Barat,1
240001493,Nurul Marpaung,P,2023,Aktif,PRODI23,Bengkulu,2
240001495,Dr. Ibun Astuti,P,2024,Aktif,PRODI07,Papua Barat,2
240001497,Jayeng Permadi,P,2021,Aktif,PRODI35,Kalimantan Tengah,2
240001503,Murti Wacana,L,2021,Aktif,PRODI11,Sulawesi Utara,2
240001504,Adika Sirait,L,2023,Cuti,PRODI37,Kalimantan Timur,2
240001507,Harsanto Pranowo,L,2022,Cuti,PRODI14,Gorontalo,2
240001509,Nova Pratama,L,2022,Aktif,PRODI18,Kalimantan Barat,2
240001510,Kala Sinaga,P,2024,Aktif,PRODI14,Jawa Barat,2
240001511,Kanda Lazuardi,L,2023,Aktif,PRODI09,Maluku Utara,1
240001514,Oliva Yuniar,P,2021,Cuti,PRODI11,Kalimantan Barat,2
240001518,Ibrahim Iswahyudi,P,2022,Aktif,PRODI25,Aceh,2
240001519,Embuh Kuswoyo,P,2023,Aktif,PRODI21,Jawa Timur,2
240001520,T. Dacin Hasanah,P,2024,Aktif,PRODI18,Jambi,2
240001521,Puti Ghaliyati Wastuti,L,2020,Lulus,PRODI13,Kalimantan Selatan,2
240001523,Malika Rahimah,L,2022,Aktif,PRODI23,Maluku Utara,2
240001524,Mutia Ramadan,P,2022,Aktif,PRODI10,DI Yogyakarta,1
240001526,Amalia Winarsih,P,2023,Aktif,PRODI21,Kalimantan Timur,2
240001528,Tgk. Shakila Saefullah,L,2023,Aktif,PRODI25,Riau,2
240001529,Hj. Farah Firgantoro,P,2023,Aktif,PRODI18,Jawa Barat,2
240001530,Dt. Prayoga Wasita,P,2020,Drop Out,PRODI37,Kalimantan Timur,2
240001533,dr. Jamalia Setiawan,L,2021,Aktif,PRODI16,Aceh,2
240001534,Kamidin Puspita,L,2021,Aktif,PRODI32,Jawa Timur,2
240001535,Ir. Cager Aryani,L,2020,Aktif,PRODI25,DI Yogyakarta,2
240001536,Nilam Maulana,P,2023,Aktif,PRODI37,Jawa Barat,2
240001538,Jarwa Tampubolon,L,2021,Aktif,PRODI07,Jambi,2
240001542,H. Wakiman Waluyo,L,2022,Aktif,PRODI27,Maluku Utara,2
240001545,Prasetyo Yuniar,P,2021,Drop Out,PRODI04,Sulawesi Barat,1
240001547,Widya Ardianto,L,2020,Aktif,PRODI21,DI Yogyakarta,2
240001549,R.A. Rahmi Agustina,L,2020,Lulus,PRODI10,Bangka Belitung,1
240001550,Yono Wijayanti,L,2023,Aktif,PRODI37,Lampung,2
240001551,Marsudi Laksmiwati,P,2023,Aktif,PRODI34,Kalimantan Tengah,2
240001552,Edison Wahyudin,P,2022,Aktif,PRODI34,Gorontalo,2
240001553,Cut Indah Siregar,L,2020,Nonaktif,PRODI07,Lampung,2
240001554,Rina Purnawati,P,2021,Aktif,PRODI11,Sumatera Utara,2
240001555,Cut Diah Pratiwi,P,2023,Aktif,PRODI23,Sumatera Utara,2
240001556,Mujur Padmasari,L,2023,Aktif,PRODI25,Papua Barat,2
240001558,Genta Purwanti,L,2021,Aktif,PRODI10,Gorontalo,1
240001562,H. Gandi Yuliarti,P,2023,Cuti,PRODI14,Jawa Tengah,2
240001563,Dr. Elvina Winarno,L,2020,Aktif,PRODI36,Sumatera Selatan,2
240001564,Johan Sitorus,P,2023,Aktif,PRODI14,Aceh,2
240001565,Drs. Uli Damanik,L,2022,Aktif,PRODI35,Sulawesi Tenggara,2
240001566,Hj. Sarah Puspita,P,2021,Aktif,PRODI25,Jawa Timur,2
240001568,Gading Nainggolan,P,2023,Aktif,PRODI25,Maluku,2
240001569,Dr. Oni Thamrin,P,2023,Aktif,PRODI07,Kalimantan Timur,2
240001571,Lukita Aryani,L,2020,Lulus,PRODI37,Sulawesi Selatan,2
240001572,R. Oni Hidayat,L,2023,Nonaktif,PRODI12,Bali,2
240001573,Hamzah Gunawan,L,2024,Aktif,PRODI36,Bangka Belitung,2
240001575,R. Padma Rajasa,P,2022,Aktif,PRODI33,Sumatera Barat,2
240001576,Cakrajiya Haryanti,L,2021,Aktif,PRODI18,Gorontalo,2
240001579,Janet Kuswoyo,P,2020,Aktif,PRODI07,Papua,2
240001581,Elma Pratiwi,P,2022,Aktif,PRODI14,Bengkulu,2
240001582,Ida Wijaya,L,2022,Aktif,PRODI07,Nusa Tenggara Barat,2
240001585,Drs. Maria Sitompul,L,2021,Aktif,PRODI21,Papua Barat,2
240001587,Siti Yulianti,P,2021,Aktif,PRODI23,Jawa Barat,2
240001588,Artanto Utama,L,2020,Lulus,PRODI14,Jawa Tengah,2
240001589,Sidiq Aryani,P,2022,Aktif,PRODI11,Kalimantan Selatan,2
240001591,Zamira Firmansyah,P,2024,Aktif,PRODI07,Banten,2
240001593,Panca Nababan,L,2022,Drop Out,PRODI11,Sulawesi Selatan,2
240001594,Novi Hidayanto,P,2020,Lulus,PRODI11,Sumatera Selatan,2
240001596,Taswir Usamah,L,2024,Aktif,PRODI12,Gorontalo,2
240001597,Drs. Laras Tamba,P,2024,Aktif,PRODI25,Sumatera Barat,2
240001600,Oni Rahmawati,L,2023,Aktif,PRODI30,Jawa Tengah,2
240001602,Prayitna Pratiwi,L,2020,Nonaktif,PRODI23,Kepulauan Riau,2
240001603,Hasan Wastuti,L,2021,Aktif,PRODI14,Nusa Tenggara Timur,2
240001604,Ganjaran Wijaya,L,2022,Aktif,PRODI27,DI Yogyakarta,2
240001606,Balijan Thamrin,P,2022,Aktif,PRODI16,Maluku,2
240001607,Rizki Hasanah,P,2024,Aktif,PRODI35,Papua Barat,2
240001608,Edi Purnawati,L,2022,Aktif,PRODI25,Jambi,2
240001609,Genta Kuswandari,L,2022,Aktif,PRODI10,Sulawesi Barat,1
240001611,Ian Sihombing,L,2023,Aktif,PRODI09,Riau,1
240001614,Cahya Widiastuti,P,2022,Aktif,PRODI36,Nusa Tenggara Barat,2
240001617,drg. Rika Firgantoro,P,2021,Aktif,PRODI14,Jambi,2
240001620,Rachel Pranowo,L,2021,Aktif,PRODI04,Sulawesi Barat,1
240001621,H. Pangestu Wahyuni,P,2023,Aktif,PRODI14,DI Yogyakarta,2
240001622,Dewi Maheswara,L,2021,Aktif,PRODI10,DKI Jakarta,1
240001623,Hasan Setiawan,P,2024,Aktif,PRODI29,Bengkulu,2
240001624,Lintang Haryanti,P,2024,Aktif,PRODI27,Riau,2
240001626,Dewi Sudiati,L,2020,Lulus,PRODI33,Bangka Belitung,2
240001629,dr. Paiman Sitompul,L,2020,Lulus,PRODI34,Kalimantan Tengah,2
240001633,Violet Anggriawan,P,2024,Aktif,PRODI33,Kalimantan Barat,2
240001636,Anita Farida,P,2023,Aktif,PRODI32,Gorontalo,2
240001637,R. Yessi Fujiati,L,2021,Aktif,PRODI10,Banten,1
240001639,Cindy Hariyah,P,2023,Aktif,PRODI04,Nusa Tenggara Timur,1
240001640,Jarwi Usamah,L,2022,Aktif,PRODI12,Nusa Tenggara Barat,2
240001641,Ana Salahudin,L,2022,Aktif,PRODI13,Kalimantan Timur,2
240001643,Dt. Marsito Gunarto,P,2023,Aktif,PRODI12,Papua Barat,2
240001644,Drs. Erik Permadi,L,2021,Aktif,PRODI09,Maluku Utara,1
240001645,Drs. Salman Natsir,L,2023,Aktif,PRODI32,Kalimantan Selatan,2
240001646,Malika Rajata,P,2022,Aktif,PRODI30,Sulawesi Tenggara,2
240001647,Jayeng Hidayat,P,2023,Aktif,PRODI36,Sulawesi Tengah,2
240001656,drg. Winda Hasanah,L,2024,Aktif,PRODI21,Sulawesi Tengah,2
240001657,Tira Anggraini,L,2020,Aktif,PRODI16,Aceh,2
240001659,H. Nyana Habibi,P,2022,Aktif,PRODI30,Nusa Tenggara Barat,2
240001660,Zahra Firmansyah,L,2020,Lulus,PRODI13,DI Yogyakarta,2
240001661,Cut Iriana Prasetya,L,2024,Aktif,PRODI13,Maluku,2
240001662,Artanto Lazuardi,P,2020,Lulus,PRODI21,Papua Barat,2
240001666,Ir. Cinta Halim,P,2022,Aktif,PRODI33,Sulawesi Selatan,2
240001668,Sabar Kusmawati,P,2021,Aktif,PRODI25,Papua Barat,2
240001671,Irsad Tampubolon,L,2020,Lulus,PRODI37,Gorontalo,2
240001672,Yulia Simbolon,P,2020,Nonaktif,PRODI09,Sumatera Selatan,1
240001673,Rika Mahendra,L,2021,Aktif,PRODI04,Sumatera Barat,1
240001676,Akarsana Siregar,P,2024,Aktif,PRODI12,Jambi,2
240001679,Ani Iswahyudi,L,2022,Aktif,PRODI07,Sulawesi Utara,2
240001680,Dimas Najmudin,L,2020,Lulus,PRODI11,Sulawesi Barat,2
240001681,T. Jaya Siregar,P,2024,Drop Out,PRODI37,Lampung,2
240001683,Raharja Adriansyah,P,2021,Aktif,PRODI36,Kalimantan Utara,2
240001685,Elvina Lazuardi,P,2024,Aktif,PRODI04,Banten,1
240001688,Salsabila Waluyo,P,2021,Cuti,PRODI25,Sulawesi Selatan,2
240001689,Drs. Lutfan Puspasari,P,2022,Aktif,PRODI35,Nusa Tenggara Timur,2
240001690,Paris Safitri,L,2020,Aktif,PRODI09,Sulawesi Barat,1
240001693,Wira Nasyidah,P,2021,Aktif,PRODI10,DKI Jakarta,1
240001694,Drs. Eva Widiastuti,P,2021,Drop Out,PRODI27,Papua Barat,2
240001696,Drs. Fitriani Saragih,L,2020,Lulus,PRODI16,Bengkulu,2
240001697,Luis Simbolon,L,2021,Aktif,PRODI33,Bengkulu,2
240001698,Paulin Pertiwi,L,2023,Aktif,PRODI32,Riau,2
240001702,Humaira Hakim,P,2021,Cuti,PRODI12,Kalimantan Barat,2
240001704,Hj. Hilda Prasetyo,P,2024,Aktif,PRODI33,Sumatera Barat,2
240001706,Carla Natsir,L,2024,Aktif,PRODI34,Maluku,2
240001708,Diah Kusmawati,P,2022,Aktif,PRODI35,Sumatera Barat,2
240001709,Adikara Mardhiyah,L,2024,Aktif,PRODI35,Gorontalo,2
240001712,Balamantri Haryanto,L,2023,Aktif,PRODI30,Kalimantan Barat,2
240001713,R.A. Ratna Hardiansyah,L,2023,Aktif,PRODI27,Sumatera Utara,2
240001714,drg. Vanesa Januar,P,2020,Nonaktif,PRODI34,Sulawesi Tenggara,2
240001715,KH. Bakti Nababan,P,2021,Cuti,PRODI34,Maluku Utara,2
240001716,Drs. Puput Situmorang,P,2023,Aktif,PRODI18,Papua Barat,2
240001717,Cawisadi Wijayanti,P,2021,Aktif,PRODI25,Sulawesi Barat,2
240001718,Ir. Kani Sinaga,L,2023,Aktif,PRODI34,Jawa Tengah,2
240001720,KH. Liman Mustofa,P,2020,Lulus,PRODI12,Sulawesi Tengah,2
240001721,Waluyo Hakim,L,2022,Aktif,PRODI14,Sumatera Selatan,2
240001723,R. Salimah Wastuti,L,2024,Aktif,PRODI10,Jawa Barat,1
240001725,Lulut Prasasta,P,2020,Nonaktif,PRODI36,Jawa Tengah,2
240001726,Viman Usada,P,2022,Nonaktif,PRODI16,Jawa Barat,2
240001727,Devi Safitri,L,2021,Aktif,PRODI07,Sulawesi Utara,2
240001730,Icha Utama,L,2022,Aktif,PRODI25,Kepulauan Riau,2
240001733,Dr. Calista Uyainah,L,2022,Aktif,PRODI27,Sulawesi Selatan,2
240001734,T. Cahyanto Simanjuntak,P,2023,Aktif,PRODI27,Bali,2
240001737,Hamima Maheswara,P,2022,Aktif,PRODI30,Sumatera Selatan,2
240001740,Titin Najmudin,L,2023,Aktif,PRODI21,Nusa Tenggara Barat,2
240001741,Elvin Mulyani,P,2024,Aktif,PRODI27,Kalimantan Selatan,2
240001743,Narji Waluyo,P,2021,Drop Out,PRODI36,Kalimantan Tengah,2
240001744,Ulva Zulkarnain,P,2023,Aktif,PRODI14,Sumatera Utara,2
240001748,Tgk. Lalita Oktaviani,P,2022,Aktif,PRODI32,Maluku Utara,2
240001750,Kawaya Purnawati,L,2024,Aktif,PRODI14,Sumatera Selatan,2
240001751,Hj. Paulin Dongoran,L,2023,Cuti,PRODI16,Bengkulu,2
240001752,T. Mahfud Saragih,P,2020,Lulus,PRODI13,Kalimantan Selatan,2
240001754,Dt. Raden Widodo,P,2022,Aktif,PRODI14,Sulawesi Selatan,2
240001755,Tiara Pradana,P,2023,Aktif,PRODI36,Kalimantan Barat,2
240001756,Ir. Clara Gunarto,P,2024,Cuti,PRODI27,Maluku,2
240001757,Gaman Saptono,P,2023,Aktif,PRODI34,Papua Barat,2
240001758,drg. Gaiman Suartini,P,2023,Aktif,PRODI11,Aceh,2
240001761,Rahmi Budiyanto,L,2021,Aktif,PRODI07,Jambi,2
240001762,Wadi Suwarno,L,2024,Aktif,PRODI37,DKI Jakarta,2
240001763,Ayu Wasita,P,2024,Aktif,PRODI27,Sulawesi Utara,2
240001765,Gamanto Thamrin,P,2022,Aktif,PRODI29,Sumatera Barat,2
240001766,Maman Santoso,P,2021,Aktif,PRODI35,Kalimantan Utara,2
240001767,Radit Situmorang,L,2024,Aktif,PRODI11,Kalimantan Utara,2
240001770,Joko Marbun,P,2022,Aktif,PRODI14,Aceh,2
240001771,Vero Putra,P,2023,Aktif,PRODI10,Riau,1
240001772,Mahfud Dabukke,P,2022,Aktif,PRODI21,Maluku,2
240001773,Drs. Lala Siregar,L,2021,Aktif,PRODI25,Aceh,2
240001776,Gatra Sihotang,P,2020,Lulus,PRODI10,Jawa Barat,1
240001777,Hafshah Hastuti,P,2021,Aktif,PRODI13,Jawa Timur,2
240001779,T. Daru Lestari,L,2022,Aktif,PRODI27,Sumatera Barat,2
240001782,Imam Nasyiah,L,2021,Nonaktif,PRODI35,Sumatera Selatan,2
240001783,Drs. Nilam Tamba,L,2020,Aktif,PRODI27,Jawa Timur,2
240001785,Ratna Iswahyudi,L,2021,Aktif,PRODI29,Sulawesi Utara,2
240001786,Ghani Nashiruddin,P,2024,Aktif,PRODI14,Maluku Utara,2
240001787,Kambali Irawan,L,2020,Lulus,PRODI12,Papua,2
240001788,Endra Fujiati,P,2020,Lulus,PRODI21,Maluku,2
240001790,Satya Mardhiyah,P,2021,Aktif,PRODI33,Bali,2
240001792,Usman Kusumo,P,2022,Aktif,PRODI25,Riau,2
240001793,Fitriani Kuswandari,L,2022,Aktif,PRODI10,Jawa Barat,1
240001794,Lili Mandasari,L,2023,Aktif,PRODI25,Riau,2
240001795,drg. Kamaria Suryatmi,P,2024,Aktif,PRODI10,Bali,1
240001797,R.M. Paiman Mustofa,L,2021,Aktif,PRODI10,Bangka Belitung,1
240001800,Puti Michelle Habibi,L,2021,Aktif,PRODI27,Jambi,2
240001802,Teguh Prasasta,L,2024,Aktif,PRODI23,Kalimantan Barat,2
240001803,Gina Gunarto,L,2024,Aktif,PRODI11,Maluku,2
240001804,Vanesa Sihombing,L,2021,Aktif,PRODI27,Bali,2
240001806,Dr. Amalia Latupono,P,2024,Aktif,PRODI32,Sulawesi Barat,2
240001808,Jagaraga Zulkarnain,L,2023,Aktif,PRODI10,Kalimantan Timur,1
240001809,Dimas Tamba,L,2021,Aktif,PRODI10,Bali,1
240001811,R.A. Gawati Manullang,P,2022,Aktif,PRODI36,Jawa Barat,2
240001812,Rahmi Narpati,P,2020,Lulus,PRODI04,Jawa Timur,1
240001815,drg. Jail Lazuardi,L,2023,Aktif,PRODI32,Kalimantan Tengah,2
240001817,Malika Setiawan,P,2021,Nonaktif,PRODI21,Bengkulu,2
240001820,Dirja Lailasari,P,2024,Aktif,PRODI14,Kalimantan Timur,2
240001821,Ghani Puspita,P,2022,Cuti,PRODI25,Lampung,2
240001822,Daruna Rajasa,P,2023,Aktif,PRODI14,Riau,2
240001825,Rizki Lestari,P,2022,Aktif,PRODI12,Kalimantan Selatan,2
240001826,Banawa Nugroho,L,2022,Aktif,PRODI07,Sumatera Barat,2
240001830,R. Praba Kuswandari,P,2021,Aktif,PRODI13,Nusa Tenggara Timur,2
240001832,Violet Putra,L,2023,Aktif,PRODI33,Nusa Tenggara Barat,2
240001838,Lurhur Santoso,L,2024,Aktif,PRODI29,Sulawesi Tengah,2
240001839,Raden Yulianti,P,2023,Aktif,PRODI30,Sulawesi Tenggara,2
240001840,Gantar Sitompul,P,2023,Aktif,PRODI18,Sulawesi Selatan,2
240001845,Warsa Anggraini,L,2020,Aktif,PRODI25,Maluku Utara,2
240001847,Darimin Wahyuni,L,2022,Aktif,PRODI30,DI Yogyakarta,2
240001849,R. Cagak Suartini,L,2020,Aktif,PRODI12,Bali,2
240001850,KH. Johan Hastuti,P,2022,Aktif,PRODI07,Kalimantan Utara,2
240001852,Mulyono Sihotang,L,2023,Aktif,PRODI33,Nusa Tenggara Timur,2
240001853,Bajragin Firmansyah,P,2021,Cuti,PRODI07,Jambi,2
240001854,Balijan Pradana,P,2022,Nonaktif,PRODI04,DKI Jakarta,1
240001855,Saka Sitorus,P,2024,Aktif,PRODI25,Aceh,2
240001856,Teguh Jailani,L,2022,Aktif,PRODI27,Jawa Barat,2
240001859,Aslijan Wijayanti,L,2024,Aktif,PRODI25,Sulawesi Barat,2
240001860,Lantar Halim,L,2023,Aktif,PRODI21,Jawa Tengah,2
240001862,Hesti Permadi,P,2020,Lulus,PRODI11,Bengkulu,2
240001863,Gaman Natsir,P,2020,Lulus,PRODI25,Maluku Utara,2
240001864,Jarwa Prasetyo,P,2023,Drop Out,PRODI35,Papua,2
240001865,Puti Nilam Prasetyo,L,2023,Aktif,PRODI34,Sulawesi Utara,2
240001869,dr. Tina Purwanti,L,2021,Aktif,PRODI10,Sumatera Barat,1
240001872,Sari Saputra,L,2020,Nonaktif,PRODI36,Banten,2
240001873,Cakrawala Napitupulu,P,2024,Aktif,PRODI04,DKI Jakarta,1
240001877,Farhunnisa Iswahyudi,P,2022,Aktif,PRODI37,Jawa Barat,2
240001878,Intan Mandasari,L,2022,Aktif,PRODI37,Jambi,2
240001879,Emong Mansur,L,2020,Lulus,PRODI36,Gorontalo,2
240001881,Tgk. Saadat Waskita,L,2021,Aktif,PRODI23,DKI Jakarta,2
240001883,R.M. Gilang Adriansyah,L,2024,Aktif,PRODI07,Sulawesi Barat,2
240001884,Drs. Puti Marbun,P,2023,Aktif,PRODI29,Banten,2
240001885,Indah Budiman,L,2024,Aktif,PRODI25,Bengkulu,2
240001887,Bagya Nugroho,L,2021,Aktif,PRODI14,Maluku Utara,2
240001888,Wahyu Natsir,L,2023,Aktif,PRODI11,Kalimantan Timur,2
240001889,Ophelia Hasanah,P,2023,Aktif,PRODI30,Kalimantan Selatan,2
240001890,Galiono Widiastuti,P,2023,Aktif,PRODI04,DKI Jakarta,1
240001891,R. Natalia Mandasari,L,2020,Lulus,PRODI32,Bengkulu,2
240001892,Heru Nugroho,L,2024,Cuti,PRODI36,DKI Jakarta,2
240001894,Ir. Ivan Tampubolon,P,2022,Cuti,PRODI36,Sulawesi Tengah,2
240001896,Zelda Rahmawati,L,2023,Aktif,PRODI10,Sumatera Barat,1
240001897,Titin Dabukke,L,2020,Cuti,PRODI04,Sumatera Barat,1
240001899,Puti Tantri Saefullah,L,2020,Cuti,PRODI16,Papua,2
240001901,Hj. Natalia Hardiansyah,P,2024,Aktif,PRODI10,DI Yogyakarta,1
240001902,Diah Situmorang,P,2021,Aktif,PRODI14,Kepulauan Riau,2
240001906,Uli Aryani,P,2021,Aktif,PRODI37,Kalimantan Utara,2
240001908,Prabawa Wibisono,P,2023,Aktif,PRODI35,Jawa Barat,2
240001909,Radika Maulana,P,2021,Nonaktif,PRODI21,Sulawesi Utara,2
240001910,Jabal Maheswara,L,2024,Aktif,PRODI33,Nusa Tenggara Timur,2
240001912,Cut Puji Uwais,L,2022,Aktif,PRODI14,Maluku,2
240001913,Dian Prasetya,L,2024,Aktif,PRODI18,Bali,2
240001914,Najib Habibi,P,2022,Aktif,PRODI37,Sulawesi Barat,2
240001915,Puti Lili Rahimah,L,2020,Lulus,PRODI09,Kalimantan Tengah,1
240001916,Tiara Yolanda,P,2020,Aktif,PRODI35,Jawa Barat,2
240001918,Amalia Prastuti,L,2022,Aktif,PRODI37,Riau,2
240001919,Kamaria Widiastuti,L,2021,Aktif,PRODI33,Sulawesi Tengah,2
240001920,dr. Jelita Saefullah,P,2024,Aktif,PRODI32,DKI Jakarta,2
240001921,Rina Pratiwi,P,2021,Aktif,PRODI29,Lampung,2
240001923,Ir. Tasdik Suwarno,L,2023,Aktif,PRODI18,Riau,2
240001925,Janet Firmansyah,P,2024,Aktif,PRODI09,Papua,1
240001926,Sutan Dagel Suryono,L,2023,Aktif,PRODI04,Sumatera Utara,1
240001927,Candrakanta Suryatmi,L,2022,Aktif,PRODI11,Lampung,2
240001929,Bakiono Gunarto,L,2024,Aktif,PRODI25,Maluku,2
240001934,Radika Hasanah,L,2021,Aktif,PRODI11,Kalimantan Barat,2
240001936,Wage Mardhiyah,L,2023,Aktif,PRODI32,Jawa Barat,2
240001937,Dina Safitri,P,2023,Aktif,PRODI34,Kalimantan Barat,2
240001938,Shakila Rajata,P,2022,Aktif,PRODI25,Kalimantan Selatan,2
240001939,Elvin Hakim,L,2021,Aktif,PRODI10,Bangka Belitung,1
240001940,Pardi Widodo,P,2024,Aktif,PRODI18,Jawa Timur,2
240001947,Sutan Gamanto Hasanah,P,2024,Aktif,PRODI16,DKI Jakarta,2
240001948,H. Marsudi Santoso,L,2024,Cuti,PRODI32,Jawa Tengah,2
240001955,Ghaliyati Wahyuni,P,2024,Aktif,PRODI10,Kalimantan Timur,1
240001956,Mahfud Narpati,P,2020,Lulus,PRODI36,Kalimantan Timur,2
240001957,dr. Maimunah Rahayu,L,2021,Aktif,PRODI14,Kalimantan Tengah,2
240001959,drg. Lanang Sinaga,L,2023,Aktif,PRODI27,Nusa Tenggara Timur,2
240001960,Drs. Cecep Narpati,P,2020,Aktif,PRODI25,Riau,2
240001961,Irnanto Yulianti,L,2022,Aktif,PRODI37,Kalimantan Utara,2
240001962,H. Gangsar Prasetya,L,2023,Aktif,PRODI33,Jawa Timur,2
240001963,Anita Ramadan,L,2024,Aktif,PRODI21,Kalimantan Utara,2
240001964,Anom Simbolon,L,2023,Aktif,PRODI10,Aceh,1
240001966,Putri Hassanah,L,2024,Aktif,PRODI23,Kalimantan Utara,2
240001969,Dt. Jono Wijayanti,P,2023,Aktif,PRODI21,Maluku Utara,2
240001970,Safina Wijaya,L,2021,Aktif,PRODI33,Jawa Tengah,2
240001971,Lembah Najmudin,L,2021,Cuti,PRODI25,Papua Barat,2
240001972,R.M. Makara Nainggolan,P,2020,Lulus,PRODI30,Kalimantan Utara,2
240001975,Melinda Rahmawati,P,2024,Aktif,PRODI36,Lampung,2
240001978,Diana Marpaung,P,2023,Aktif,PRODI27,Papua Barat,2
240001979,Harja Gunawan,L,2020,Lulus,PRODI35,DI Yogyakarta,2
240001984,Dr. Halima Handayani,P,2023,Aktif,PRODI14,Papua,2
240001985,Lala Purwanti,P,2021,Aktif,PRODI21,Sumatera Selatan,2
240001987,Tgk. Wulan Wulandari,P,2021,Aktif,PRODI25,Banten,2
240001990,Cut Juli Maulana,P,2022,Aktif,PRODI27,Sumatera Selatan,2
240001994,Eka Hartati,L,2022,Aktif,PRODI33,Nusa Tenggara Timur,2
240001995,Artanto Siregar,P,2023,Aktif,PRODI37,Sulawesi Utara,2
240001996,Gina Iswahyudi,P,2020,Lulus,PRODI16,Sulawesi Tengah,2
240001997,Tgk. Imam Nuraini,L,2021,Aktif,PRODI18,Kalimantan Timur,2
240001998,Kayla Budiman,L,2023,Aktif,PRODI11,Maluku Utara,2
240001999,R. Bella Siregar,L,2020,Lulus,PRODI18,Sulawesi Barat,2
240002000,Vino Hidayanto,P,2020,Lulus,PRODI33,Kalimantan Utara,2
240002002,Lala Nasyidah,L,2023,Aktif,PRODI23,Nusa Tenggara Barat,2
240002004,Harja Maheswara,L,2024,Aktif,PRODI29,Sulawesi Tenggara,2
240002005,Dipa Sirait,P,2021,Aktif,PRODI21,Bengkulu,2
240002006,Fitria Lailasari,P,2022,Aktif,PRODI13,Papua,2
240002007,Ani Narpati,P,2020,Nonaktif,PRODI23,DI Yogyakarta,2
240002008,KH. Warta Latupono,P,2022,Aktif,PRODI33,Kalimantan Timur,2
240002010,Edward Firmansyah,P,2022,Aktif,PRODI32,Sulawesi Selatan,2
240002011,Dasa Purwanti,L,2023,Aktif,PRODI16,Nusa Tenggara Timur,2
240002012,Nasim Simbolon,L,2020,Lulus,PRODI21,Jawa Timur,2
240002014,R. Edi Sihombing,P,2022,Aktif,PRODI23,DI Yogyakarta,2
240002017,Arsipatra Mandasari,P,2024,Aktif,PRODI34,Bali,2
240002023,Salman Sitompul,L,2021,Aktif,PRODI09,DI Yogyakarta,1
240002025,Wakiman Nababan,L,2020,Aktif,PRODI36,Bangka Belitung,2
240002027,Ganep Padmasari,P,2023,Aktif,PRODI18,Kalimantan Utara,2
240002029,Ganjaran Aryani,P,2021,Aktif,PRODI04,Aceh,1
240002030,Makuta Maheswara,L,2023,Aktif,PRODI34,Maluku,2
240002032,Julia Firgantoro,L,2020,Aktif,PRODI14,Kalimantan Tengah,2
240002035,KH. Uda Kurniawan,L,2021,Aktif,PRODI29,Jawa Barat,2
240002037,Samsul Hastuti,P,2022,Cuti,PRODI37,Jawa Barat,2
240002038,Kenari Gunarto,P,2022,Aktif,PRODI07,Kalimantan Timur,2
240002039,Dewi Mandala,P,2024,Aktif,PRODI21,Bangka Belitung,2
240002040,dr. Dinda Nugroho,P,2020,Drop Out,PRODI32,Kalimantan Selatan,2
240002041,Drs. Kenari Prasetya,L,2024,Aktif,PRODI13,Sumatera Selatan,2
240002043,Yuliana Firmansyah,L,2024,Aktif,PRODI12,Sulawesi Utara,2
240002044,T. Baktianto Andriani,L,2024,Aktif,PRODI34,Maluku Utara,2
240002045,Karimah Siregar,L,2022,Cuti,PRODI25,Jambi,2
240002047,Kuncara Hasanah,L,2020,Cuti,PRODI16,Jawa Barat,2
240002048,Amelia Wijaya,P,2022,Aktif,PRODI37,Maluku,2
240002050,Viktor Marbun,L,2021,Aktif,PRODI12,Sulawesi Tenggara,2
240002052,Tgk. Muhammad Sihotang,P,2023,Aktif,PRODI21,Bali,2
240002054,Cakrajiya Fujiati,P,2022,Aktif,PRODI29,Riau,2
240002058,Yessi Wacana,P,2024,Aktif,PRODI13,Maluku,2
240002060,Kasiran Simanjuntak,L,2024,Aktif,PRODI13,Papua,2
240002063,Danuja Saputra,P,2022,Nonaktif,PRODI34,Sumatera Utara,2
240002065,R. Umi Hakim,L,2023,Aktif,PRODI10,Kalimantan Selatan,1
240002066,Liman Winarno,P,2020,Lulus,PRODI27,Banten,2
240002069,Puti Raisa Namaga,P,2023,Aktif,PRODI07,Lampung,2
240002070,Puti Paramita Megantara,P,2022,Aktif,PRODI07,Jambi,2
240002075,Juli Siregar,L,2020,Lulus,PRODI27,Sulawesi Utara,2
240002076,Hana Saptono,P,2024,Aktif,PRODI27,Jambi,2
240002077,Kurnia Wijaya,P,2023,Aktif,PRODI12,Jambi,2
240002078,Hj. Ajeng Mansur,L,2023,Aktif,PRODI16,Kalimantan Selatan,2
240002081,Garda Melani,L,2020,Aktif,PRODI36,Jambi,2
240002084,Candra Winarno,P,2024,Aktif,PRODI25,Bangka Belitung,2
240002085,Adinata Agustina,P,2020,Lulus,PRODI37,Kalimantan Barat,2
240002086,Aurora Wijaya,L,2022,Aktif,PRODI29,Jawa Timur,2
240002088,Mutia Halimah,L,2020,Cuti,PRODI30,Papua,2
240002089,Tgk. Alambana Hutagalung,P,2023,Aktif,PRODI18,Nusa Tenggara Timur,2
240002090,dr. Bella Susanti,P,2020,Lulus,PRODI29,Bangka Belitung,2
240002092,R. Heru Budiman,L,2024,Aktif,PRODI23,Kepulauan Riau,2
240002093,Ir. Mutia Tarihoran,L,2022,Aktif,PRODI14,Kalimantan Tengah,2
240002095,Cindy Agustina,L,2023,Aktif,PRODI25,DI Yogyakarta,2
240002096,Drs. Hamima Nurdiyanti,P,2024,Aktif,PRODI32,Jawa Tengah,2
240002098,Karta Ardianto,L,2023,Aktif,PRODI11,Sumatera Barat,2
240002101,Liman Pradipta,L,2022,Aktif,PRODI14,Nusa Tenggara Barat,2
240002102,Tiara Zulaika,P,2021,Aktif,PRODI33,Kalimantan Utara,2
240002103,Wawan Budiman,P,2020,Nonaktif,PRODI12,Jawa Tengah,2
240002105,Icha Sihotang,L,2023,Aktif,PRODI10,Nusa Tenggara Barat,1
240002106,Aurora Haryanti,L,2024,Aktif,PRODI10,Papua Barat,1
240002110,Ir. Rini Budiyanto,P,2024,Aktif,PRODI12,Sulawesi Utara,2
240002111,drg. Julia Rajata,P,2024,Aktif,PRODI27,Nusa Tenggara Timur,2
240002112,Banara Maulana,P,2023,Aktif,PRODI18,Sulawesi Barat,2
240002115,Gamani Usada,P,2024,Aktif,PRODI14,Nusa Tenggara Barat,2
240002117,Gasti Prastuti,L,2020,Lulus,PRODI29,Papua Barat,2
240002118,Safina Hutapea,L,2024,Aktif,PRODI33,Lampung,2
240002121,Rudi Halim,P,2023,Aktif,PRODI30,Kalimantan Tengah,2
240002122,R. Balijan Najmudin,L,2020,Aktif,PRODI18,DI Yogyakarta,2
240002123,Purwadi Uwais,L,2021,Aktif,PRODI25,Bengkulu,2
240002124,Ellis Maryati,L,2023,Aktif,PRODI35,DKI Jakarta,2
240002125,Tirtayasa Handayani,L,2024,Aktif,PRODI35,Maluku,2
240002126,Ina Ardianto,L,2020,Nonaktif,PRODI16,Riau,2
240002128,Dr. Kawaca Handayani,L,2022,Cuti,PRODI10,Maluku Utara,1
240002132,Harsanto Astuti,L,2024,Aktif,PRODI29,Kalimantan Utara,2
240002133,Ganep Saragih,L,2023,Aktif,PRODI07,Kalimantan Tengah,2
240002134,H. Saiful Andriani,P,2024,Aktif,PRODI30,Lampung,2
240002136,Diana Purwanti,L,2020,Lulus,PRODI04,Sulawesi Utara,1
240002137,Akarsana Nasyiah,P,2021,Aktif,PRODI21,Kalimantan Selatan,2
240002138,Ir. Gara Astuti,P,2021,Drop Out,PRODI23,Maluku,2
240002139,dr. Hafshah Mangunsong,L,2021,Cuti,PRODI21,Gorontalo,2
240002141,Gabriella Adriansyah,L,2021,Aktif,PRODI33,Lampung,2
240002142,Oliva Uyainah,L,2023,Aktif,PRODI09,DI Yogyakarta,1
240002143,R.M. Gada Thamrin,P,2022,Aktif,PRODI21,Sulawesi Tenggara,2
240002145,Azalea Kuswoyo,P,2020,Aktif,PRODI36,Gorontalo,2
240002152,Ade Hutagalung,P,2022,Aktif,PRODI21,Sulawesi Tengah,2
240002153,Nadine Pradipta,P,2024,Aktif,PRODI12,Gorontalo,2
240002154,drg. Gangsar Hasanah,P,2021,Nonaktif,PRODI36,Riau,2
240002157,Eva Budiyanto,L,2023,Aktif,PRODI21,DKI Jakarta,2
240002158,Janet Ardianto,P,2024,Aktif,PRODI34,Bangka Belitung,2
240002160,Karma Napitupulu,L,2020,Lulus,PRODI25,Aceh,2
240002166,Omar Saragih,L,2021,Aktif,PRODI21,Kalimantan Selatan,2
240002171,T. Saka Latupono,P,2022,Aktif,PRODI25,Kalimantan Barat,2
240002172,Mursinin Novitasari,P,2020,Lulus,PRODI16,Banten,2
240002173,Dr. Lidya Susanti,P,2022,Nonaktif,PRODI18,Bali,2
240002175,R.M. Respati Thamrin,P,2020,Lulus,PRODI23,Maluku Utara,2
240002177,Mila Lestari,P,2024,Nonaktif,PRODI18,Jawa Barat,2
240002178,Oliva Waskita,L,2021,Aktif,PRODI11,Papua Barat,2
240002180,Danuja Pudjiastuti,P,2020,Aktif,PRODI21,Banten,2
240002182,Drs. Belinda Utama,L,2023,Aktif,PRODI27,Bengkulu,2
240002183,Bala Farida,P,2022,Aktif,PRODI04,Kalimantan Utara,1
240002185,Jati Putra,P,2020,Lulus,PRODI25,Nusa Tenggara Barat,2
240002187,Nasrullah Rahimah,P,2021,Aktif,PRODI37,Sulawesi Utara,2
240002189,R. Banara Putra,P,2022,Aktif,PRODI10,Sumatera Selatan,1
240002191,Kania Mangunsong,P,2023,Aktif,PRODI33,Kalimantan Utara,2
240002193,Garan Rahmawati,P,2024,Aktif,PRODI33,Gorontalo,2
240002194,Upik Nuraini,L,2020,Aktif,PRODI25,Kalimantan Tengah,2
240002195,Sarah Haryanto,L,2024,Aktif,PRODI04,Sumatera Selatan,1
240002200,Zizi Laksmiwati,P,2024,Aktif,PRODI18,DI Yogyakarta,2
240002201,Kezia Najmudin,P,2023,Aktif,PRODI13,Kalimantan Tengah,2
240002202,Sarah Sitorus,P,2021,Aktif,PRODI13,Aceh,2
240002203,Sutan Dimaz Hakim,L,2021,Aktif,PRODI07,Nusa Tenggara Timur,2
240002204,Ciaobella Wulandari,P,2022,Aktif,PRODI27,Kalimantan Barat,2
240002207,Ulva Yolanda,L,2023,Aktif,PRODI21,Gorontalo,2
240002208,Raden Wulandari,P,2020,Cuti,PRODI09,Nusa Tenggara Barat,1
240002210,Febi Yuliarti,P,2023,Aktif,PRODI29,Sumatera Selatan,2
240002211,Farhunnisa Ramadan,L,2021,Aktif,PRODI27,Sulawesi Selatan,2
240002212,R. Nova Wastuti,L,2024,Aktif,PRODI36,Kalimantan Utara,2
240002213,Yuni Wijaya,L,2021,Aktif,PRODI33,Sumatera Utara,2
240002215,Asmadi Ardianto,P,2023,Aktif,PRODI16,Papua,2
240002219,Kawaca Purnawati,P,2023,Cuti,PRODI29,Banten,2
240002220,drg. Zamira Rajata,L,2021,Nonaktif,PRODI30,Sulawesi Selatan,2
240002221,Cut Zahra Situmorang,L,2022,Aktif,PRODI14,Maluku,2
240002225,Fitria Andriani,P,2024,Aktif,PRODI04,Kalimantan Utara,1
240002231,Emil Usamah,P,2022,Aktif,PRODI25,Bali,2
240002236,Edi Rajata,P,2021,Aktif,PRODI09,Sulawesi Tengah,1
240002237,Adika Januar,P,2020,Aktif,PRODI36,Bangka Belitung,2
240002238,H. Tasnim Damanik,P,2023,Cuti,PRODI07,Nusa Tenggara Barat,2
240002242,Tgk. Harsaya Wulandari,P,2022,Aktif,PRODI36,Kalimantan Tengah,2
240002245,Kania Kurniawan,P,2022,Aktif,PRODI34,Banten,2
240002247,dr. Agnes Pudjiastuti,L,2020,Nonaktif,PRODI09,Jawa Timur,1
240002249,Dt. Kamal Prayoga,P,2023,Aktif,PRODI10,Sulawesi Selatan,1
240002250,Iriana Uyainah,L,2023,Aktif,PRODI04,Jambi,1
240002251,Nyana Nasyiah,L,2020,Lulus,PRODI33,Banten,2
240002252,Amalia Halim,L,2022,Aktif,PRODI32,DI Yogyakarta,2
240002253,KH. Asmadi Pratama,P,2024,Aktif,PRODI11,Sulawesi Utara,2
240002255,Caket Simbolon,L,2022,Aktif,PRODI11,Jawa Barat,2
240002256,Bambang Pratiwi,L,2024,Aktif,PRODI36,Sulawesi Tenggara,2
240002258,Queen Usamah,P,2023,Aktif,PRODI37,Aceh,2
240002259,Tami Palastri,L,2021,Aktif,PRODI12,Sumatera Barat,2
240002262,Jabal Mandasari,P,2021,Aktif,PRODI18,Sulawesi Tenggara,2
240002264,Dadap Mandala,L,2022,Aktif,PRODI35,Jawa Barat,2
240002266,Sari Rahmawati,P,2023,Aktif,PRODI23,Bali,2
240002267,Drs. Pandu Utami,L,2023,Aktif,PRODI25,Riau,2
240002269,Respati Sinaga,L,2020,Lulus,PRODI14,Sulawesi Barat,2
240002270,Gadang Halimah,L,2020,Lulus,PRODI21,Papua Barat,2
240002272,dr. Puti Hutapea,L,2023,Aktif,PRODI04,Kalimantan Tengah,1
240002277,Hamima Laksita,L,2020,Lulus,PRODI07,Kalimantan Utara,2
240002278,T. Estiono Marpaung,L,2024,Aktif,PRODI13,Kalimantan Timur,2
240002282,R.M. Perkasa Yulianti,L,2024,Aktif,PRODI32,Nusa Tenggara Timur,2
240002283,Dr. Nabila Narpati,L,2021,Aktif,PRODI12,Kalimantan Timur,2
240002285,R. Febi Suryatmi,L,2024,Aktif,PRODI36,Bali,2
240002288,Harsaya Rajasa,L,2020,Drop Out,PRODI35,Kalimantan Utara,2
240002289,Calista Andriani,L,2020,Lulus,PRODI33,Jambi,2
240002290,R.M. Wardi Haryanti,L,2023,Aktif,PRODI37,Nusa Tenggara Barat,2
240002291,Mustika Halim,L,2023,Aktif,PRODI30,Lampung,2
240002292,Balamantri Sihotang,P,2024,Aktif,PRODI25,Kalimantan Barat,2
240002297,T. Pangeran Pangestu,P,2020,Lulus,PRODI21,Jambi,2
240002298,Lutfan Padmasari,L,2020,Aktif,PRODI04,Nusa Tenggara Timur,1
240002300,Kasiyah Palastri,P,2024,Aktif,PRODI21,Aceh,2
240002302,Humaira Gunawan,L,2023,Cuti,PRODI12,Kalimantan Utara,2
240002303,drg. Latika Wijayanti,L,2020,Lulus,PRODI04,Sulawesi Utara,1
240002304,Hafshah Riyanti,P,2021,Aktif,PRODI10,Sumatera Utara,1
240002305,Betania Nurdiyanti,L,2023,Aktif,PRODI25,Bali,2
240002306,Drs. Icha Pranowo,L,2020,Lulus,PRODI13,Sumatera Barat,2
240002307,Sutan Hartana Novitasari,P,2024,Aktif,PRODI30,Sumatera Utara,2
240002308,Daryani Halimah,L,2023,Aktif,PRODI36,Aceh,2
240002311,Wirda Sihombing,P,2021,Aktif,PRODI32,Lampung,2
240002312,Wisnu Mustofa,P,2022,Aktif,PRODI30,Sulawesi Barat,2
240002314,Maida Tampubolon,L,2020,Lulus,PRODI12,Maluku,2
240002316,Aditya Setiawan,L,2024,Aktif,PRODI10,Bengkulu,1
240002317,dr. Rini Anggriawan,P,2021,Aktif,PRODI09,Kalimantan Selatan,1
240002319,Bakiadi Saptono,P,2020,Lulus,PRODI21,DKI Jakarta,2
240002320,Rina Tamba,P,2023,Aktif,PRODI09,Jawa Barat,1
240002321,Dr. Dartono Hutagalung,P,2022,Aktif,PRODI35,Bangka Belitung,2
240002323,Jayeng Hutapea,P,2024,Nonaktif,PRODI16,Kalimantan Barat,2
240002324,Tgk. Najib Nainggolan,P,2024,Aktif,PRODI35,Kalimantan Selatan,2
240002326,Sutan Ibrani Wulandari,L,2024,Aktif,PRODI34,Kalimantan Utara,2
240002328,Farhunnisa Kusmawati,L,2020,Lulus,PRODI09,Nusa Tenggara Barat,1
240002330,R. Ina Haryanti,L,2023,Aktif,PRODI34,Bengkulu,2
240002331,Kariman Tamba,L,2023,Aktif,PRODI36,Nusa Tenggara Timur,2
240002332,Warsita Latupono,P,2022,Aktif,PRODI29,Riau,2
240002333,dr. Cakrabuana Winarno,L,2021,Aktif,PRODI04,Nusa Tenggara Barat,1
240002334,Salsabila Kurniawan,L,2021,Aktif,PRODI29,Papua Barat,2
240002338,Faizah Dongoran,L,2024,Aktif,PRODI18,Jawa Tengah,2
240002339,Yono Waluyo,P,2021,Drop Out,PRODI07,Maluku Utara,2
240002340,Janet Firmansyah,P,2020,Lulus,PRODI29,Jawa Tengah,2
240002341,Nova Hassanah,L,2024,Aktif,PRODI30,Sulawesi Barat,2
240002342,Martana Hakim,P,2020,Lulus,PRODI27,Sulawesi Tenggara,2
240002344,Nova Nasyiah,P,2020,Aktif,PRODI34,Lampung,2
240002345,Tgk. Puput Uyainah,L,2022,Cuti,PRODI36,Gorontalo,2
240002346,R.A. Febi Pratiwi,P,2024,Aktif,PRODI18,Nusa Tenggara Barat,2
240002348,Ifa Mandala,P,2024,Cuti,PRODI32,Maluku Utara,2
240002353,Queen Prasetyo,L,2024,Aktif,PRODI29,Kalimantan Barat,2
240002354,Ella Yolanda,L,2022,Cuti,PRODI12,Sulawesi Utara,2
240002357,Drs. Tina Prasetyo,L,2022,Aktif,PRODI27,Kalimantan Tengah,2
240002359,R.M. Kardi Simbolon,L,2023,Aktif,PRODI10,Maluku,1
240002362,Cinthia Wijaya,P,2024,Aktif,PRODI25,DKI Jakarta,2
240002363,Hj. Yance Riyanti,P,2024,Aktif,PRODI07,Gorontalo,2
240002365,Sarah Waskita,L,2023,Aktif,PRODI16,Papua Barat,2
240002366,Almira Winarno,P,2023,Aktif,PRODI11,Aceh,2
240002369,R. Vicky Permadi,L,2023,Aktif,PRODI14,Bali,2
240002370,R.M. Ganda Yuniar,L,2024,Cuti,PRODI16,Jawa Timur,2
240002372,Kenzie Simbolon,L,2024,Aktif,PRODI21,Maluku,2
240002373,Sari Pratama,L,2024,Aktif,PRODI18,Bengkulu,2
240002374,Budi Mangunsong,P,2021,Aktif,PRODI11,Kalimantan Timur,2
240002375,R.A. Dian Zulaika,L,2022,Aktif,PRODI16,Maluku,2
240002376,Shakila Marpaung,P,2021,Aktif,PRODI25,Sumatera Utara,2
240002377,Dr. Wani Tarihoran,P,2024,Aktif,PRODI23,Sulawesi Tengah,2
240002380,R.A. Jamalia Halimah,L,2021,Aktif,PRODI29,Sulawesi Tengah,2
240002382,dr. Raisa Mangunsong,L,2022,Aktif,PRODI12,Maluku Utara,2
240002384,Warsita Rahmawati,P,2020,Lulus,PRODI10,Jawa Tengah,1
240002385,Melinda Wibisono,L,2021,Aktif,PRODI32,Kalimantan Tengah,2
240002386,KH. Latif Nuraini,P,2024,Aktif,PRODI21,Sulawesi Tengah,2
240002389,Jaswadi Najmudin,P,2023,Aktif,PRODI34,Nusa Tenggara Barat,2
240002390,Nadia Siregar,P,2021,Aktif,PRODI35,Jawa Timur,2
240002391,Galiono Latupono,P,2020,Lulus,PRODI34,Bangka Belitung,2
240002392,Lili Uwais,P,2022,Aktif,PRODI23,Riau,2
240002394,Martaka Nurdiyanti,L,2023,Aktif,PRODI21,DKI Jakarta,2
240002395,Jaya Tarihoran,L,2024,Aktif,PRODI35,Sulawesi Barat,2
240002396,Kiandra Sihotang,L,2022,Aktif,PRODI16,Maluku,2
240002398,Yoga Laksmiwati,L,2020,Lulus,PRODI18,Nusa Tenggara Timur,2
240002399,Rama Kuswoyo,P,2021,Aktif,PRODI35,Sumatera Utara,2
240002400,Oman Pranowo,L,2021,Aktif,PRODI10,Aceh,1
240002401,Bahuwirya Permadi,L,2021,Drop Out,PRODI10,Maluku,1
240002402,Dipa Dabukke,L,2024,Aktif,PRODI37,Nusa Tenggara Barat,2
240002404,R. Dasa Suartini,L,2020,Lulus,PRODI29,Nusa Tenggara Timur,2
240002406,dr. Hana Lazuardi,P,2020,Aktif,PRODI36,Sulawesi Selatan,2
240002407,Cornelia Aryani,L,2023,Aktif,PRODI10,DI Yogyakarta,1
240002408,Zalindra Hasanah,P,2021,Aktif,PRODI14,Sulawesi Utara,2
240002412,Paiman Hidayat,L,2024,Aktif,PRODI12,DKI Jakarta,2
240002414,Gangsa Aryani,P,2020,Cuti,PRODI18,Aceh,2
240002417,Halima Yuniar,P,2021,Drop Out,PRODI18,Kalimantan Selatan,2
240002418,Prayitna Dabukke,P,2020,Lulus,PRODI32,DKI Jakarta,2
240002419,Ismail Prastuti,P,2022,Aktif,PRODI32,Sulawesi Tengah,2
240002420,Yunita Marpaung,P,2023,Aktif,PRODI25,Aceh,2
240002422,Tgk. Gangsa Widiastuti,P,2022,Aktif,PRODI18,Nusa Tenggara Barat,2
240002426,Ade Nasyidah,P,2021,Aktif,PRODI27,Lampung,2
240002428,Dt. Warsita Latupono,L,2022,Aktif,PRODI33,Papua,2
240002430,Cecep Nasyidah,P,2024,Aktif,PRODI36,Sumatera Barat,2
240002433,Wage Mustofa,L,2021,Aktif,PRODI23,Sulawesi Selatan,2
240002434,T. Eko Saputra,L,2022,Aktif,PRODI33,Sumatera Selatan,2
240002435,Rusman Mansur,L,2021,Aktif,PRODI11,Bali,2
240002436,Rahman Siregar,P,2021,Aktif,PRODI23,Gorontalo,2
240002437,Teguh Nasyidah,P,2022,Aktif,PRODI07,DI Yogyakarta,2
240002438,Karsa Manullang,P,2023,Aktif,PRODI30,Sulawesi Selatan,2
240002441,Drs. Adhiarja Ramadan,P,2021,Aktif,PRODI18,Sulawesi Tenggara,2
240002443,Maman Sinaga,L,2024,Aktif,PRODI29,Bengkulu,2
240002444,Cut Faizah Prasetya,L,2020,Lulus,PRODI04,Aceh,1
240002445,Shania Manullang,P,2020,Drop Out,PRODI36,Kalimantan Tengah,2
240002446,Melinda Thamrin,P,2022,Cuti,PRODI11,Nusa Tenggara Barat,2
240002447,Cemeti Rajata,P,2021,Aktif,PRODI18,Papua,2
240002449,Prasetya Hakim,P,2023,Cuti,PRODI35,Sulawesi Selatan,2
240002450,Salsabila Padmasari,P,2023,Aktif,PRODI07,Jawa Barat,2
240002451,KH. Ade Halim,L,2023,Aktif,PRODI34,Jawa Barat,2
240002453,Niyaga Yulianti,L,2021,Aktif,PRODI32,Kalimantan Timur,2
240002454,Cakrajiya Napitupulu,P,2020,Lulus,PRODI10,DKI Jakarta,1
240002455,Dimas Melani,L,2021,Aktif,PRODI35,Sulawesi Utara,2
240002456,Jaya Waluyo,P,2023,Aktif,PRODI13,Kalimantan Utara,2
240002458,Juli Santoso,P,2022,Aktif,PRODI32,Lampung,2
240002461,Drs. Kalim Sitorus,P,2020,Aktif,PRODI14,Papua Barat,2
240002463,Siti Pratama,L,2024,Cuti,PRODI35,Maluku,2
240002464,Daniswara Lailasari,L,2022,Aktif,PRODI04,Maluku Utara,1
240002465,Opan Haryanti,P,2023,Aktif,PRODI13,Bangka Belitung,2
240002466,Adhiarja Mayasari,P,2022,Aktif,PRODI18,Sulawesi Selatan,2
240002470,Usman Utami,L,2020,Lulus,PRODI37,Riau,2
240002474,Tgk. Aris Prabowo,P,2021,Aktif,PRODI36,Gorontalo,2
240002475,Cindy Firmansyah,P,2022,Aktif,PRODI32,Aceh,2
240002477,Lili Damanik,L,2022,Aktif,PRODI12,Jawa Barat,2
240002480,Mila Halimah,L,2024,Aktif,PRODI11,Bangka Belitung,2
240002481,Diana Kusmawati,P,2021,Aktif,PRODI29,Sumatera Barat,2
240002482,Kawaya Kurniawan,P,2020,Nonaktif,PRODI13,Kalimantan Tengah,2
240002485,Karimah Halimah,L,2020,Aktif,PRODI18,Bangka Belitung,2
240002486,Mahesa Maulana,L,2020,Lulus,PRODI34,Kalimantan Barat,2
240002489,Adikara Iswahyudi,L,2024,Aktif,PRODI16,Kalimantan Selatan,2
240002491,Paramita Wibowo,L,2022,Aktif,PRODI25,Kalimantan Utara,2
240002495,Mursinin Wibisono,P,2021,Aktif,PRODI21,Kalimantan Selatan,2
240002498,R.A. Latika Rajasa,P,2022,Aktif,PRODI34,Papua Barat,2
240002501,Mursinin Hidayanto,L,2024,Aktif,PRODI30,Maluku,2
240002507,Laksana Andriani,L,2023,Aktif,PRODI33,Kalimantan Tengah,2
240002510,Yosef Ardianto,P,2022,Aktif,PRODI27,Maluku,2
240002513,Gaduh Anggraini,L,2024,Aktif,PRODI07,Sumatera Barat,2
240002514,Puti Irma Santoso,P,2020,Lulus,PRODI18,Kalimantan Barat,2
240002515,Fitriani Usada,P,2020,Lulus,PRODI16,Kepulauan Riau,2
240002516,Puti Dewi Fujiati,L,2022,Aktif,PRODI16,Nusa Tenggara Barat,2
240002517,Tgk. Tri Winarno,L,2020,Aktif,PRODI10,Aceh,1
240002518,Karya Mustofa,P,2021,Aktif,PRODI32,Maluku Utara,2
240002519,Patricia Mansur,L,2024,Aktif,PRODI23,Gorontalo,2
240002521,Puspa Januar,P,2020,Lulus,PRODI12,Papua,2
240002522,Drs. Paris Saputra,P,2024,Aktif,PRODI37,Riau,2
240002523,R.A. Salimah Nuraini,P,2021,Aktif,PRODI12,Kalimantan Barat,2
240002524,Among Wijaya,P,2024,Aktif,PRODI35,Sulawesi Tenggara,2
240002527,Oliva Puspasari,P,2023,Aktif,PRODI07,Lampung,2
240002528,Manah Astuti,L,2021,Aktif,PRODI35,Banten,2
240002530,Heryanto Nashiruddin,L,2024,Aktif,PRODI07,Kalimantan Barat,2
240002532,Drs. Intan Yolanda,L,2023,Aktif,PRODI35,Nusa Tenggara Barat,2
240002533,Sutan Cengkal Firmansyah,P,2022,Aktif,PRODI21,Kalimantan Utara,2
240002534,Syahrini Prasetyo,P,2023,Aktif,PRODI34,Lampung,2
240002537,Yance Januar,P,2020,Lulus,PRODI25,Banten,2
240002538,Salwa Santoso,P,2023,Aktif,PRODI30,Jawa Tengah,2
240002540,Edi Kusmawati,L,2021,Aktif,PRODI29,Sulawesi Selatan,2
240002541,T. Hardana Farida,L,2024,Aktif,PRODI14,Sumatera Selatan,2
240002542,R.M. Dartono Nugroho,L,2022,Aktif,PRODI36,Sulawesi Selatan,2
240002544,Titi Puspita,P,2021,Aktif,PRODI18,Lampung,2
240002545,T. Argono Jailani,P,2023,Aktif,PRODI36,DKI Jakarta,2
240002547,Prabawa Narpati,P,2020,Aktif,PRODI12,Sulawesi Barat,2
240002548,Hj. Tari Kurniawan,P,2024,Aktif,PRODI23,Jambi,2
240002549,Suci Prasetyo,P,2021,Aktif,PRODI23,DI Yogyakarta,2
240002550,Tgk. Jarwadi Hutapea,P,2023,Aktif,PRODI07,Kalimantan Tengah,2
240002553,Latika Farida,P,2020,Nonaktif,PRODI12,Gorontalo,2
240002554,Uchita Latupono,P,2021,Aktif,PRODI23,Jawa Barat,2
240002555,Mutia Megantara,L,2022,Aktif,PRODI09,Kalimantan Selatan,1
240002556,Ade Pratama,P,2023,Aktif,PRODI10,Kalimantan Selatan,1
240002559,Drs. Umi Hassanah,L,2024,Aktif,PRODI36,Nusa Tenggara Barat,2
240002560,Kania Mangunsong,L,2021,Aktif,PRODI32,Papua Barat,2
240002562,Hafshah Winarno,P,2022,Aktif,PRODI21,Sulawesi Selatan,2
240002563,Wakiman Firmansyah,L,2020,Lulus,PRODI23,Papua Barat,2
240002564,Kalim Laksmiwati,P,2021,Nonaktif,PRODI04,Gorontalo,1
240002567,Kiandra Wastuti,L,2020,Lulus,PRODI27,Banten,2
240002568,Tirta Suryatmi,L,2021,Aktif,PRODI18,Sulawesi Tengah,2
240002569,Puti Nadine Rajasa,L,2020,Lulus,PRODI23,Bangka Belitung,2
240002570,Indah Dabukke,P,2022,Aktif,PRODI33,Bengkulu,2
240002573,drg. Cinta Pratama,L,2022,Aktif,PRODI27,Bengkulu,2
240002574,Cut Pia Hutasoit,P,2023,Aktif,PRODI23,Bali,2
240002575,Umar Simbolon,L,2022,Aktif,PRODI27,Sumatera Selatan,2
240002576,Drs. Maria Novitasari,L,2024,Aktif,PRODI32,Kalimantan Barat,2
240002580,Maman Maryati,L,2024,Aktif,PRODI30,Sulawesi Utara,2
240002583,Agnes Saragih,L,2020,Lulus,PRODI32,Gorontalo,2
240002584,Aurora Habibi,L,2022,Aktif,PRODI21,Sumatera Selatan,2
240002585,Gasti Pratama,L,2020,Drop Out,PRODI12,Sulawesi Tengah,2
240002586,Usman Salahudin,L,2020,Lulus,PRODI12,Bengkulu,2
240002587,Darmana Nasyidah,L,2021,Aktif,PRODI36,Aceh,2
240002588,Rahayu Yolanda,P,2020,Cuti,PRODI07,Banten,2
240002590,Ir. Gantar Suryono,L,2024,Aktif,PRODI23,Sumatera Selatan,2
240002591,Hartana Ardianto,L,2024,Aktif,PRODI18,Papua,2
240002593,Rina Fujiati,L,2022,Aktif,PRODI14,Sulawesi Tenggara,2
240002594,Tgk. Diah Thamrin,P,2024,Aktif,PRODI35,Kalimantan Timur,2
240002598,Ir. Karya Safitri,P,2020,Aktif,PRODI27,Jawa Barat,2
240002599,Maida Hassanah,P,2023,Aktif,PRODI04,Sumatera Selatan,1
240002600,Sutan Naradi Widodo,P,2023,Aktif,PRODI10,Jambi,1
240002601,Oni Mandasari,P,2020,Lulus,PRODI16,Sumatera Selatan,2
240002605,Rizki Hutagalung,P,2024,Aktif,PRODI32,Riau,2
240002609,Dr. Laila Pratama,P,2021,Aktif,PRODI37,Papua Barat,2
240002610,Zulfa Halimah,L,2021,Aktif,PRODI07,Bengkulu,2
240002612,Malika Kurniawan,P,2020,Aktif,PRODI09,Sulawesi Selatan,1
240002613,Galang Permata,P,2024,Aktif,PRODI37,Kalimantan Barat,2
240002614,Puti Hilda Nashiruddin,P,2022,Aktif,PRODI37,Sulawesi Utara,2
240002617,Zamira Permadi,L,2023,Nonaktif,PRODI29,DI Yogyakarta,2
240002618,Tgk. Genta Suryono,P,2023,Aktif,PRODI21,Riau,2
240002619,R. Paulin Kurniawan,P,2020,Nonaktif,PRODI30,Kalimantan Utara,2
240002620,Edward Permadi,L,2021,Aktif,PRODI25,Riau,2
240002622,R.A. Elvina Gunawan,L,2024,Aktif,PRODI33,Nusa Tenggara Barat,2
240002623,Erik Namaga,L,2020,Lulus,PRODI36,Kalimantan Timur,2
240002624,Widya Usada,P,2021,Nonaktif,PRODI13,Sulawesi Tengah,2
240002628,Garan Mandasari,L,2020,Lulus,PRODI30,Kalimantan Timur,2
240002630,Kania Ramadan,L,2021,Aktif,PRODI10,Sumatera Barat,1
240002631,Hana Rajata,L,2021,Aktif,PRODI10,Riau,1
240002633,Lurhur Adriansyah,L,2022,Aktif,PRODI33,Sulawesi Barat,2
240002635,Hani Aryani,P,2022,Drop Out,PRODI25,Sulawesi Tenggara,2
240002636,Dt. Lamar Marbun,L,2021,Aktif,PRODI25,Maluku Utara,2
240002641,Murti Santoso,P,2023,Aktif,PRODI14,Aceh,2
240002643,Tgk. Aisyah Hartati,L,2024,Aktif,PRODI27,Kalimantan Timur,2
240002645,Puji Padmasari,P,2022,Aktif,PRODI10,Kalimantan Tengah,1
240002646,Suci Prasasta,P,2020,Lulus,PRODI07,Kepulauan Riau,2
240002647,Marsudi Santoso,L,2023,Aktif,PRODI29,Aceh,2
240002650,T. Nalar Pradana,P,2020,Lulus,PRODI25,Sulawesi Barat,2
240002652,R.M. Gada Gunarto,P,2023,Aktif,PRODI34,Jawa Tengah,2
240002653,Tira Narpati,P,2023,Aktif,PRODI21,DKI Jakarta,2
240002656,Syahrini Yuniar,L,2020,Aktif,PRODI32,Bengkulu,2
240002657,Puput Mahendra,P,2024,Aktif,PRODI10,Sulawesi Tengah,1
240002658,Dr. Agnes Oktaviani,P,2022,Aktif,PRODI36,Jawa Tengah,2
240002659,Mahmud Dabukke,L,2020,Lulus,PRODI09,Nusa Tenggara Barat,1
240002660,R.M. Banara Hidayanto,L,2020,Lulus,PRODI33,Kepulauan Riau,2
240002662,Drs. Paiman Astuti,L,2020,Lulus,PRODI12,Sulawesi Barat,2
240002663,Sutan Slamet Rajasa,L,2022,Aktif,PRODI30,Aceh,2
240002666,Amelia Saragih,P,2021,Aktif,PRODI18,Sulawesi Tengah,2
240002667,R.M. Lutfan Agustina,L,2021,Aktif,PRODI07,Kepulauan Riau,2
240002668,Himawan Farida,P,2022,Aktif,PRODI10,DI Yogyakarta,1
240002669,Laksana Hastuti,L,2020,Aktif,PRODI04,Sumatera Utara,1
240002671,Drs. Cindy Suryono,P,2024,Aktif,PRODI14,Bali,2
240002672,Cut Oliva Nuraini,P,2024,Aktif,PRODI37,Bali,2
240002673,Ina Setiawan,L,2024,Aktif,PRODI10,Nusa Tenggara Timur,1
240002674,Zaenab Sirait,P,2021,Aktif,PRODI37,Bali,2
240002676,Lalita Pudjiastuti,L,2021,Drop Out,PRODI16,Kepulauan Riau,2
240002677,Ir. Gandi Kusmawati,P,2023,Aktif,PRODI25,Sulawesi Selatan,2
240002678,Najwa Samosir,L,2020,Nonaktif,PRODI23,Riau,2
240002682,Kayla Winarno,L,2024,Aktif,PRODI07,Jawa Barat,2
240002685,R.M. Omar Ardianto,L,2022,Aktif,PRODI32,Gorontalo,2
240002688,Bala Habibi,P,2024,Aktif,PRODI07,Kalimantan Timur,2
240002690,Dr. Kiandra Narpati,L,2024,Aktif,PRODI14,Jawa Timur,2
240002692,Drs. Rina Pradana,L,2022,Cuti,PRODI34,DKI Jakarta,2
240002695,KH. Ega Maryati,L,2021,Nonaktif,PRODI09,Gorontalo,1
240002697,Drs. Kasusra Jailani,L,2023,Aktif,PRODI35,Jambi,2
240002702,Laras Puspita,P,2024,Aktif,PRODI34,Gorontalo,2
240002704,Hj. Oliva Permadi,L,2023,Aktif,PRODI04,Nusa Tenggara Barat,1
240002705,Paiman Tamba,P,2024,Aktif,PRODI10,Kepulauan Riau,1
240002706,Hadi Wijaya,L,2020,Lulus,PRODI18,Kalimantan Selatan,2
240002710,Shakila Fujiati,L,2022,Drop Out,PRODI10,Kalimantan Tengah,1
240002713,Dian Nashiruddin,L,2020,Lulus,PRODI33,Lampung,2
240002715,Kemba Puspita,P,2020,Lulus,PRODI23,Bali,2
240002716,Balamantri Rajasa,L,2020,Aktif,PRODI37,Papua,2
240002717,Septi Puspita,P,2021,Aktif,PRODI09,Sumatera Barat,1
240002719,Nilam Mayasari,L,2023,Aktif,PRODI10,Sulawesi Selatan,1
240002721,Laila Napitupulu,P,2020,Lulus,PRODI30,Lampung,2
240002722,Paris Dongoran,L,2024,Aktif,PRODI11,Sulawesi Barat,2
240002723,Shakila Firgantoro,P,2020,Lulus,PRODI16,Maluku Utara,2
240002726,Lasmanto Pudjiastuti,L,2020,Drop Out,PRODI04,Kepulauan Riau,1
240002728,Keisha Rahayu,L,2023,Aktif,PRODI27,Jambi,2
240002729,Hairyanto Rajata,P,2022,Aktif,PRODI21,Bengkulu,2
240002732,Sutan Mursita Habibi,P,2022,Aktif,PRODI14,DI Yogyakarta,2
240002733,Sabrina Wibisono,L,2020,Lulus,PRODI36,Nusa Tenggara Timur,2
240002734,Upik Hutapea,P,2021,Aktif,PRODI37,Papua,2
240002735,Jamalia Melani,L,2024,Aktif,PRODI16,Aceh,2
240002736,Alika Pertiwi,L,2022,Nonaktif,PRODI25,Aceh,2
240002738,Bakda Pertiwi,L,2020,Lulus,PRODI14,Sulawesi Barat,2
240002740,Nabila Rajasa,P,2022,Cuti,PRODI13,Lampung,2
240002741,Farhunnisa Yulianti,L,2023,Aktif,PRODI37,Gorontalo,2
240002743,Balamantri Mahendra,P,2022,Aktif,PRODI13,DI Yogyakarta,2
240002747,Cornelia Maheswara,L,2024,Aktif,PRODI10,Kalimantan Selatan,1
240002750,Kasusra Wahyuni,P,2020,Lulus,PRODI33,Kalimantan Timur,2
240002752,R. Rika Namaga,L,2023,Aktif,PRODI07,Bali,2
240002753,Titin Maulana,L,2022,Aktif,PRODI34,Kalimantan Barat,2
240002754,Koko Maryadi,P,2024,Aktif,PRODI14,Jambi,2
240002755,H. Kuncara Najmudin,L,2024,Aktif,PRODI12,Bali,2
240002756,Sutan Kayun Kuswandari,P,2020,Lulus,PRODI09,Kepulauan Riau,1
240002757,Ir. Mutia Oktaviani,L,2024,Aktif,PRODI09,Sumatera Selatan,1
240002759,Limar Hutapea,L,2020,Lulus,PRODI29,Sulawesi Selatan,2
240002760,Drs. Oskar Mustofa,P,2020,Lulus,PRODI18,Sulawesi Barat,2
240002761,Karna Maryadi,L,2024,Drop Out,PRODI13,Sulawesi Tenggara,2
240002762,Kani Mansur,L,2023,Aktif,PRODI30,Sulawesi Tenggara,2
240002763,R.A. Michelle Pranowo,P,2022,Aktif,PRODI34,Papua Barat,2
240002764,Dr. Hani Saragih,P,2020,Lulus,PRODI23,Nusa Tenggara Timur,2
240002765,Bahuraksa Sihombing,L,2023,Aktif,PRODI34,Kepulauan Riau,2
240002766,Samiah Haryanto,P,2024,Cuti,PRODI34,Sulawesi Tenggara,2
240002768,Cut Unjani Widodo,P,2020,Lulus,PRODI13,Sulawesi Tengah,2
240002770,Amelia Melani,P,2024,Aktif,PRODI21,Sulawesi Barat,2
240002774,Maria Wahyudin,L,2024,Aktif,PRODI30,Sulawesi Tenggara,2
240002776,dr. Kanda Prasetya,L,2024,Aktif,PRODI14,Bengkulu,2
240002777,Taufan Kurniawan,P,2024,Aktif,PRODI34,Jawa Timur,2
240002779,Tami Rahmawati,P,2020,Lulus,PRODI27,Jawa Timur,2
240002783,Gamanto Uyainah,L,2022,Aktif,PRODI09,Gorontalo,1
240002784,Teguh Hutasoit,P,2024,Cuti,PRODI30,Sulawesi Utara,2
240002785,Reza Nasyidah,L,2022,Aktif,PRODI37,Maluku,2
240002786,Septi Iswahyudi,L,2022,Aktif,PRODI13,Sulawesi Tengah,2
240002788,Tedi Sitompul,P,2024,Aktif,PRODI07,Bengkulu,2
240002789,Harjaya Farida,L,2023,Aktif,PRODI29,Nusa Tenggara Barat,2
240002790,Rafi Saefullah,P,2022,Aktif,PRODI34,Kepulauan Riau,2
240002791,dr. Nadia Sirait,P,2021,Aktif,PRODI10,Jawa Barat,1
240002792,Aisyah Puspasari,L,2020,Lulus,PRODI36,Nusa Tenggara Timur,2
240002793,drg. Tiara Pangestu,L,2024,Aktif,PRODI09,Sulawesi Tengah,1
240002794,Tgk. Rahmi Nababan,P,2023,Aktif,PRODI09,Sulawesi Selatan,1
240002795,Ir. Almira Kurniawan,P,2020,Aktif,PRODI33,Kalimantan Selatan,2
240002797,Wardaya Rajata,L,2024,Aktif,PRODI10,Bengkulu,1
240002798,Sabri Pratama,P,2020,Cuti,PRODI30,Sulawesi Tenggara,2
240002801,Bahuwirya Kuswandari,L,2022,Aktif,PRODI30,Bali,2
240002802,Vero Hutasoit,P,2023,Aktif,PRODI30,Sulawesi Tenggara,2
240002804,Farah Yuniar,P,2022,Drop Out,PRODI27,Maluku,2
240002805,Ani Hariyah,L,2023,Aktif,PRODI23,Sulawesi Tengah,2
240002808,Tania Hidayat,L,2022,Aktif,PRODI34,Sulawesi Tengah,2
240002809,Ir. Farah Wastuti,L,2024,Aktif,PRODI10,Jawa Tengah,1
240002812,Jarwi Maryadi,P,2022,Aktif,PRODI29,Kalimantan Selatan,2
240002814,Ozy Rajata,P,2020,Lulus,PRODI04,Jawa Timur,1
240002815,drg. Sakti Pratama,L,2021,Aktif,PRODI09,Kalimantan Barat,1
240002816,Muni Maulana,P,2022,Aktif,PRODI07,Kepulauan Riau,2
240002817,Xanana Jailani,L,2021,Aktif,PRODI23,Nusa Tenggara Barat,2
240002819,Dalima Saptono,P,2024,Aktif,PRODI11,Bengkulu,2
240002821,Wadi Melani,P,2024,Aktif,PRODI32,Banten,2
240002827,Ilyas Yuliarti,P,2021,Aktif,PRODI30,Kalimantan Tengah,2
240002829,Raharja Laksmiwati,P,2021,Aktif,PRODI13,Kalimantan Utara,2
240002832,Hasna Lazuardi,L,2022,Aktif,PRODI16,Aceh,2
240002834,Ilyas Waluyo,L,2023,Cuti,PRODI16,Lampung,2
240002837,Estiono Susanti,L,2023,Aktif,PRODI18,Jawa Tengah,2
240002838,Tgk. Rina Prasasta,L,2024,Aktif,PRODI13,Sumatera Barat,2
240002839,Mala Zulkarnain,L,2020,Lulus,PRODI09,Jawa Timur,1
240002842,Darmaji Sihombing,L,2023,Aktif,PRODI21,Jawa Timur,2
240002844,Vega Habibi,L,2024,Drop Out,PRODI33,Sulawesi Selatan,2
240002845,Ir. Lamar Wahyuni,L,2020,Lulus,PRODI32,Kepulauan Riau,2
240002846,Cornelia Wacana,P,2023,Aktif,PRODI11,Sulawesi Tenggara,2
240002847,Uchita Widodo,L,2023,Aktif,PRODI36,Kalimantan Barat,2
240002848,Ibrahim Prasetyo,P,2020,Lulus,PRODI10,Jawa Timur,1
240002850,Michelle Firmansyah,L,2021,Aktif,PRODI10,DKI Jakarta,1
240002852,Dr. Jasmin Mansur,L,2023,Aktif,PRODI25,Sumatera Barat,2
240002853,Alambana Purwanti,P,2023,Aktif,PRODI16,Kalimantan Tengah,2
240002854,drg. Daniswara Saragih,L,2020,Aktif,PRODI34,Jambi,2
240002855,Rahmat Suryatmi,P,2021,Drop Out,PRODI21,Jambi,2
240002857,Cahyo Farida,L,2024,Aktif,PRODI12,Papua,2
240002860,Mumpuni Hasanah,P,2022,Nonaktif,PRODI21,Kalimantan Barat,2
240002861,Nurul Jailani,L,2020,Lulus,PRODI33,Kalimantan Selatan,2
240002862,Bajragin Widiastuti,L,2024,Aktif,PRODI30,Sumatera Selatan,2
240002864,Lukman Maryati,L,2024,Aktif,PRODI13,DI Yogyakarta,2
240002868,Ganjaran Mardhiyah,L,2022,Aktif,PRODI25,Jambi,2
240002869,Marsito Napitupulu,L,2022,Aktif,PRODI23,Bangka Belitung,2
240002873,Raina Habibi,L,2022,Nonaktif,PRODI18,Sumatera Barat,2
240002875,Galih Susanti,P,2024,Aktif,PRODI18,Sulawesi Utara,2
240002876,Hasim Putra,P,2020,Lulus,PRODI34,DKI Jakarta,2
240002880,Bahuwarna Sihombing,L,2023,Aktif,PRODI30,Gorontalo,2
240002881,Suci Wijaya,L,2023,Aktif,PRODI37,Sulawesi Tengah,2
240002884,Fitriani Nurdiyanti,P,2024,Aktif,PRODI25,Kalimantan Tengah,2
240002885,Jasmani Wijaya,P,2023,Aktif,PRODI37,Riau,2
240002887,Titi Suwarno,L,2022,Drop Out,PRODI21,Kalimantan Selatan,2
240002888,Chandra Uyainah,L,2023,Nonaktif,PRODI16,Papua,2
240002889,H. Bagiya Saefullah,P,2022,Aktif,PRODI13,Maluku Utara,2
240002891,Kawaya Sihombing,P,2024,Aktif,PRODI21,Sulawesi Utara,2
240002892,Bakijan Winarno,L,2020,Lulus,PRODI12,Lampung,2
240002894,Anastasia Megantara,P,2020,Nonaktif,PRODI07,Jawa Barat,2
240002895,dr. Unjani Maulana,L,2023,Aktif,PRODI09,Jambi,1
240002901,Nilam Handayani,P,2021,Cuti,PRODI35,Sulawesi Tengah,2
240002903,Edward Farida,P,2023,Aktif,PRODI29,Sumatera Selatan,2
240002905,R.A. Endah Permadi,P,2023,Aktif,PRODI12,Nusa Tenggara Timur,2
240002906,Karimah Prayoga,P,2020,Lulus,PRODI37,Maluku,2
240002911,Puti Yunita Laksita,L,2021,Aktif,PRODI11,Sumatera Selatan,2
240002913,Ophelia Halim,P,2021,Aktif,PRODI11,Sulawesi Utara,2
240002914,H. Hartaka Sirait,L,2023,Aktif,PRODI25,Lampung,2
240002916,Unjani Wahyudin,L,2023,Aktif,PRODI36,Jambi,2
240002917,Harto Mayasari,P,2020,Cuti,PRODI35,DKI Jakarta,2
240002921,R. Baktianto Anggriawan,P,2021,Aktif,PRODI13,Kalimantan Timur,2
240002923,Dwi Halim,L,2021,Aktif,PRODI25,Sumatera Utara,2
240002924,T. Rafi Ramadan,P,2020,Lulus,PRODI33,Kalimantan Utara,2
240002925,Drs. Maya Gunawan,L,2021,Aktif,PRODI10,Aceh,1
240002926,R. Timbul Hasanah,P,2024,Aktif,PRODI10,Sulawesi Selatan,1
240002927,R.A. Ratih Yulianti,P,2020,Aktif,PRODI04,Papua,1
240002929,R. Kamal Fujiati,P,2024,Aktif,PRODI37,Sulawesi Selatan,2
240002931,Almira Susanti,P,2021,Aktif,PRODI35,Kalimantan Tengah,2
240002932,Wahyu Wasita,L,2023,Aktif,PRODI09,Maluku Utara,1
240002933,Artanto Prastuti,P,2024,Aktif,PRODI18,Sumatera Utara,2
240002934,Ir. Queen Suwarno,P,2022,Nonaktif,PRODI27,Kalimantan Selatan,2
240002936,Keisha Pudjiastuti,L,2024,Aktif,PRODI18,Kalimantan Timur,2
240002937,Kariman Megantara,L,2024,Aktif,PRODI32,Kalimantan Timur,2
240002938,drg. Asmianto Hakim,L,2024,Aktif,PRODI29,Aceh,2
240002940,Ivan Hartati,L,2021,Aktif,PRODI07,Sumatera Utara,2
240002941,Ghaliyati Purnawati,L,2022,Aktif,PRODI37,Jawa Barat,2
240002942,Hasim Saefullah,L,2024,Aktif,PRODI10,Kalimantan Timur,1
240002944,R. Jagaraga Haryanti,P,2023,Aktif,PRODI27,Sulawesi Utara,2
240002945,drg. Ilsa Hariyah,P,2020,Aktif,PRODI09,Jawa Timur,1
240002946,Saadat Firgantoro,P,2022,Aktif,PRODI35,Bangka Belitung,2
240002947,Arsipatra Nuraini,L,2023,Aktif,PRODI32,Nusa Tenggara Barat,2
240002951,Dr. Eli Wahyuni,P,2022,Aktif,PRODI27,Bali,2
240002953,R.M. Samsul Prasasta,P,2023,Aktif,PRODI16,Sumatera Selatan,2
240002954,drg. Najwa Oktaviani,P,2023,Aktif,PRODI23,Papua Barat,2
240002957,Dewi Hutasoit,P,2021,Aktif,PRODI35,Sumatera Barat,2
240002958,H. Ganda Farida,P,2020,Lulus,PRODI21,Sumatera Barat,2
240002959,Ir. Fathonah Suwarno,P,2022,Cuti,PRODI30,Kalimantan Selatan,2
240002960,Kasiyah Natsir,L,2024,Aktif,PRODI27,Kalimantan Timur,2
240002962,dr. Gandi Pradipta,L,2021,Aktif,PRODI33,Papua Barat,2
240002963,Faizah Hutagalung,L,2024,Aktif,PRODI04,Bali,1
240002964,Malika Hidayanto,L,2022,Aktif,PRODI09,Kalimantan Tengah,1
240002965,Julia Oktaviani,P,2022,Aktif,PRODI30,Kalimantan Timur,2
240002967,Reza Prasasta,L,2021,Aktif,PRODI30,Bali,2
240002968,Mustofa Setiawan,L,2024,Aktif,PRODI13,Sumatera Utara,2
240002975,Amalia Salahudin,P,2023,Aktif,PRODI30,Sulawesi Selatan,2
240002976,Among Pradipta,L,2021,Aktif,PRODI07,Jawa Barat,2
240002978,Dacin Wasita,L,2023,Aktif,PRODI35,Sulawesi Utara,2
240002982,Chelsea Natsir,P,2020,Lulus,PRODI32,Kalimantan Timur,2
240002983,Wahyu Sirait,L,2024,Aktif,PRODI13,Lampung,2
240002985,Aurora Utami,L,2020,Lulus,PRODI14,Kalimantan Utara,2
240002986,Puji Marbun,L,2024,Cuti,PRODI35,Sumatera Selatan,2
240002990,Hj. Rachel Mandala,L,2022,Aktif,PRODI16,Bangka Belitung,2
240002992,Darmana Anggraini,P,2023,Aktif,PRODI21,Maluku Utara,2
240002994,KH. Viktor Budiman,L,2024,Aktif,PRODI27,Sumatera Selatan,2
240002997,Ihsan Santoso,P,2024,Aktif,PRODI10,Sumatera Barat,1
240002998,Lanjar Kuswoyo,L,2023,Aktif,PRODI12,Kalimantan Timur,2
240003001,Maras Riyanti,L,2022,Nonaktif,PRODI23,Lampung,2
240003002,Adika Suryono,L,2024,Aktif,PRODI37,Nusa Tenggara Timur,2
240003003,Imam Habibi,L,2020,Lulus,PRODI34,Aceh,2
240003005,R. Yoga Siregar,L,2020,Lulus,PRODI35,Sulawesi Tenggara,2
240003006,Capa Maryadi,P,2023,Aktif,PRODI21,Sulawesi Barat,2
240003008,Cut Natalia Nugroho,P,2020,Lulus,PRODI25,Kepulauan Riau,2
240003009,Sutan Umay Rahimah,P,2024,Aktif,PRODI27,Sulawesi Tenggara,2
240003016,Ami Wastuti,L,2024,Nonaktif,PRODI30,Maluku Utara,2
240003018,Pardi Widiastuti,L,2022,Aktif,PRODI27,DKI Jakarta,2
240003019,Ir. Nova Fujiati,P,2020,Lulus,PRODI21,Sumatera Barat,2
240003021,Cinta Usada,L,2020,Lulus,PRODI14,Sulawesi Barat,2
240003023,Kania Saefullah,P,2020,Lulus,PRODI11,Jawa Barat,2
240003024,Jumadi Santoso,P,2022,Aktif,PRODI30,Sulawesi Tenggara,2
240003025,R.A. Ella Winarsih,P,2021,Aktif,PRODI23,Sumatera Selatan,2
240003027,Puti Latika Suryatmi,P,2021,Nonaktif,PRODI37,Maluku,2
240003031,Sari Simbolon,L,2020,Aktif,PRODI11,Aceh,2
240003035,Ella Prabowo,L,2023,Aktif,PRODI34,DI Yogyakarta,2
240003037,Luis Lailasari,L,2021,Aktif,PRODI10,Papua,1
240003038,Elvina Rajasa,L,2024,Aktif,PRODI07,Papua Barat,2
240003039,Dr. Michelle Kuswoyo,P,2020,Lulus,PRODI07,Lampung,2
240003040,Ina Sitorus,P,2023,Aktif,PRODI12,Maluku,2
240003041,Niyaga Prabowo,L,2020,Lulus,PRODI29,Jambi,2
240003043,Kariman Napitupulu,L,2022,Aktif,PRODI09,Kalimantan Timur,1
240003044,Hana Tarihoran,P,2020,Aktif,PRODI10,Sulawesi Tengah,1
240003045,Maryanto Marbun,L,2023,Aktif,PRODI14,Sumatera Barat,2
240003047,Ami Jailani,P,2023,Aktif,PRODI10,Riau,1
240003048,Ulva Najmudin,L,2022,Aktif,PRODI04,Kalimantan Timur,1
240003049,Dr. Fitria Najmudin,L,2022,Aktif,PRODI32,Jambi,2
240003051,Jatmiko Maryadi,P,2023,Aktif,PRODI12,Maluku Utara,2
240003052,R. Cornelia Hasanah,L,2022,Aktif,PRODI16,Bengkulu,2
240003055,Sakura Yuliarti,P,2023,Nonaktif,PRODI27,Sulawesi Tengah,2
240003056,Lalita Damanik,P,2022,Nonaktif,PRODI10,Gorontalo,1
240003057,Jamil Permadi,P,2021,Aktif,PRODI33,Nusa Tenggara Barat,2
240003061,Oni Najmudin,L,2022,Aktif,PRODI29,Nusa Tenggara Barat,2
240003062,Kala Wijayanti,P,2020,Lulus,PRODI18,Kalimantan Utara,2
240003064,Karimah Dabukke,P,2024,Aktif,PRODI35,Sulawesi Tenggara,2
240003065,drg. Ridwan Aryani,L,2020,Lulus,PRODI13,Banten,2
240003067,Sabri Nuraini,L,2024,Aktif,PRODI33,Aceh,2
240003068,Mutia Rajasa,P,2020,Lulus,PRODI07,Maluku Utara,2
240003069,Dr. Wasis Saputra,L,2023,Aktif,PRODI33,Sulawesi Barat,2
240003072,Wadi Haryanti,P,2024,Aktif,PRODI12,Maluku Utara,2
240003073,Jaswadi Puspita,P,2022,Aktif,PRODI10,Kalimantan Timur,1
240003074,T. Sabri Latupono,P,2022,Aktif,PRODI27,Sumatera Utara,2
240003077,Cahyadi Hidayanto,P,2022,Aktif,PRODI35,DI Yogyakarta,2
240003078,Sutan Cakrawangsa Wibisono,P,2024,Cuti,PRODI32,Maluku Utara,2
240003080,Dr. Asman Wibowo,P,2022,Aktif,PRODI12,Bengkulu,2
240003081,Cut Hasna Suryono,P,2022,Aktif,PRODI14,Maluku Utara,2
240003082,Dinda Wibowo,L,2020,Lulus,PRODI32,Sumatera Selatan,2
240003083,Cut Anastasia Prayoga,L,2023,Aktif,PRODI18,Banten,2
240003085,Eli Widiastuti,L,2020,Nonaktif,PRODI23,Sumatera Selatan,2
240003086,Iriana Utama,P,2020,Nonaktif,PRODI07,Sulawesi Utara,2
240003088,Soleh Mangunsong,L,2024,Aktif,PRODI32,Sumatera Utara,2
240003089,Samiah Yolanda,P,2020,Aktif,PRODI33,DI Yogyakarta,2
240003090,Tgk. Zizi Hasanah,P,2022,Aktif,PRODI18,Sumatera Selatan,2
240003091,Gandi Pradana,L,2024,Aktif,PRODI37,Sulawesi Tenggara,2
240003092,Ir. Titin Purnawati,L,2023,Aktif,PRODI12,Aceh,2
240003093,Daruna Hutasoit,P,2020,Nonaktif,PRODI12,Nusa Tenggara Timur,2
240003094,Drs. Ellis Utami,P,2024,Aktif,PRODI23,Jambi,2
240003095,Pangestu Permata,L,2020,Aktif,PRODI37,Bengkulu,2
240003097,Citra Firmansyah,L,2021,Aktif,PRODI11,Nusa Tenggara Barat,2
240003100,Laswi Santoso,P,2023,Aktif,PRODI18,Sumatera Selatan,2
240003102,Cinthia Halim,L,2024,Aktif,PRODI23,Maluku Utara,2
240003103,Ega Rajata,L,2023,Aktif,PRODI23,Sulawesi Barat,2
240003104,Marsudi Puspasari,L,2024,Aktif,PRODI09,Jawa Timur,1
240003106,Shania Situmorang,P,2020,Aktif,PRODI29,Gorontalo,2
240003109,Ozy Aryani,L,2021,Aktif,PRODI32,Bangka Belitung,2
240003112,Dasa Sirait,L,2020,Aktif,PRODI35,Jawa Timur,2
240003113,Raden Ramadan,L,2022,Nonaktif,PRODI37,Sumatera Barat,2
240003116,dr. Eli Riyanti,P,2024,Aktif,PRODI21,Nusa Tenggara Timur,2
240003117,Tania Yuniar,P,2023,Aktif,PRODI07,DI Yogyakarta,2
240003118,R. Sakura Lailasari,P,2024,Aktif,PRODI29,DKI Jakarta,2
240003122,Kacung Anggriawan,P,2022,Aktif,PRODI14,Sumatera Utara,2
240003124,Ani Tarihoran,P,2023,Aktif,PRODI37,Bangka Belitung,2
240003125,Hani Permadi,P,2020,Lulus,PRODI25,Sumatera Barat,2
240003129,Jamalia Tampubolon,L,2020,Aktif,PRODI35,Lampung,2
240003130,Wani Situmorang,P,2021,Aktif,PRODI30,Jawa Timur,2
240003131,Puti Sudiati,P,2024,Aktif,PRODI29,Riau,2
240003132,Cut Kania Usada,L,2024,Drop Out,PRODI32,Banten,2
240003133,Nyana Andriani,P,2024,Aktif,PRODI32,Aceh,2
240003136,Cinthia Hutapea,L,2022,Aktif,PRODI34,DI Yogyakarta,2
240003137,Gamanto Laksmiwati,P,2024,Aktif,PRODI10,Sumatera Selatan,1
240003138,Tgk. Calista Usamah,L,2022,Aktif,PRODI14,DKI Jakarta,2
240003139,Aurora Nasyiah,P,2024,Aktif,PRODI32,Maluku Utara,2
240003140,Balijan Habibi,L,2020,Lulus,PRODI09,Jawa Tengah,1
240003142,Waluyo Maulana,P,2020,Aktif,PRODI14,Kalimantan Timur,2
240003143,Safina Laksmiwati,L,2024,Aktif,PRODI13,Sulawesi Utara,2
240003144,R.A. Genta Anggraini,L,2023,Aktif,PRODI10,Jawa Timur,1
240003145,Elma Hastuti,P,2023,Aktif,PRODI35,Jawa Timur,2
240003146,dr. Septi Nasyiah,L,2022,Aktif,PRODI09,Sulawesi Barat,1
240003147,Silvia Samosir,P,2021,Aktif,PRODI12,Maluku,2
240003148,Bala Santoso,L,2021,Aktif,PRODI35,Sulawesi Tengah,2
240003149,Hana Fujiati,P,2021,Aktif,PRODI13,Aceh,2
240003150,Siska Pradipta,L,2024,Aktif,PRODI32,Sulawesi Utara,2
240003151,Yuliana Damanik,L,2023,Aktif,PRODI32,Bengkulu,2
240003155,Sutan Danang Prasetyo,P,2022,Aktif,PRODI04,Sulawesi Selatan,1
240003157,Salsabila Riyanti,P,2021,Aktif,PRODI09,Bengkulu,1
240003161,Unggul Safitri,L,2020,Lulus,PRODI23,Sulawesi Tengah,2
240003162,Gabriella Prasetya,L,2023,Drop Out,PRODI23,Maluku,2
240003163,KH. Hartana Saefullah,L,2024,Aktif,PRODI18,Sumatera Selatan,2
240003165,Ilsa Anggriawan,L,2024,Aktif,PRODI36,Jambi,2
240003166,Wardi Maulana,L,2020,Aktif,PRODI30,Bangka Belitung,2
240003170,Balapati Purnawati,L,2022,Aktif,PRODI25,DI Yogyakarta,2
240003172,Daruna Wahyuni,P,2022,Aktif,PRODI37,Sulawesi Tengah,2
240003174,Bagya Wastuti,L,2022,Aktif,PRODI13,Papua Barat,2
240003181,Rina Zulkarnain,P,2024,Nonaktif,PRODI13,Bangka Belitung,2
240003182,Endah Permata,L,2024,Nonaktif,PRODI16,Bali,2
240003183,Tasdik Haryanti,P,2021,Aktif,PRODI13,DI Yogyakarta,2
240003185,Yuliana Melani,P,2021,Aktif,PRODI10,Maluku,1
240003187,Hardana Firmansyah,P,2021,Aktif,PRODI07,Jawa Timur,2
240003191,Artanto Dabukke,L,2022,Aktif,PRODI25,Papua,2
240003192,Adikara Santoso,L,2021,Aktif,PRODI23,Kalimantan Barat,2
240003197,Endah Wibisono,L,2024,Nonaktif,PRODI33,DKI Jakarta,2
240003200,Ani Megantara,L,2024,Aktif,PRODI10,Bali,1
240003204,Yance Hutagalung,P,2023,Aktif,PRODI30,Papua Barat,2
240003205,Hafshah Dongoran,P,2022,Aktif,PRODI30,Jawa Tengah,2
240003207,Tgk. Banawi Widodo,L,2022,Aktif,PRODI27,Jambi,2
240003209,Dt. Cakrajiya Hutagalung,L,2021,Nonaktif,PRODI37,Kalimantan Timur,2
240003211,Maimunah Puspita,L,2022,Aktif,PRODI04,Sulawesi Utara,1
240003212,Violet Safitri,P,2020,Lulus,PRODI29,Bengkulu,2
240003213,Atmaja Narpati,P,2020,Lulus,PRODI32,Riau,2
240003214,Elvina Handayani,L,2024,Aktif,PRODI23,Riau,2
240003215,Fitriani Mahendra,P,2020,Lulus,PRODI25,Sumatera Selatan,2
240003216,Putri Nababan,L,2022,Drop Out,PRODI36,Sumatera Selatan,2
240003217,Elma Siregar,P,2022,Nonaktif,PRODI37,Sumatera Barat,2
240003220,Drs. Vicky Sitompul,L,2023,Aktif,PRODI34,DKI Jakarta,2
240003223,Sutan Emin Hastuti,L,2023,Aktif,PRODI35,Jawa Timur,2
240003226,Dt. Satya Hutagalung,P,2024,Aktif,PRODI29,Nusa Tenggara Barat,2
240003228,Kani Prabowo,P,2020,Lulus,PRODI36,Kalimantan Timur,2
240003230,Rina Astuti,P,2020,Lulus,PRODI10,Bangka Belitung,1
240003232,drg. Panji Prakasa,P,2022,Aktif,PRODI12,Sulawesi Tenggara,2
240003235,Intan Rahmawati,L,2022,Aktif,PRODI27,Kalimantan Barat,2
240003239,Harsana Novitasari,P,2021,Aktif,PRODI30,Sulawesi Tenggara,2
240003240,R. Waluyo Utami,L,2021,Drop Out,PRODI07,Sulawesi Tengah,2
240003245,drg. Vanya Nugroho,L,2024,Aktif,PRODI23,Kalimantan Tengah,2
240003246,Murti Pertiwi,P,2024,Aktif,PRODI23,Jawa Barat,2
240003247,Calista Samosir,L,2022,Aktif,PRODI04,Kalimantan Barat,1
240003248,Pangeran Tampubolon,L,2020,Lulus,PRODI14,Kalimantan Tengah,2
240003249,Edi Utama,P,2021,Aktif,PRODI12,Nusa Tenggara Timur,2
240003250,Elisa Andriani,P,2022,Aktif,PRODI37,Sumatera Utara,2
240003252,Puti Maya Saefullah,L,2023,Aktif,PRODI30,Gorontalo,2
240003255,Dr. Ira Wasita,P,2022,Aktif,PRODI30,Kalimantan Tengah,2
240003256,Talia Mardhiyah,L,2023,Aktif,PRODI04,Sumatera Utara,1
240003260,R. Salimah Napitupulu,L,2023,Aktif,PRODI32,Lampung,2
240003265,Kezia Adriansyah,P,2021,Aktif,PRODI25,Kalimantan Tengah,2
240003268,Emas Sihombing,P,2024,Aktif,PRODI29,Banten,2
240003271,Novi Nurdiyanti,P,2023,Aktif,PRODI07,Nusa Tenggara Timur,2
240003272,Putri Simbolon,P,2021,Aktif,PRODI07,Kalimantan Barat,2
240003274,Icha Sihombing,P,2023,Aktif,PRODI32,Bali,2
240003275,Ir. Wardi Dabukke,L,2023,Aktif,PRODI18,Jawa Barat,2
240003276,Ega Lailasari,L,2021,Aktif,PRODI30,Maluku,2
240003278,Tgk. Lurhur Handayani,P,2021,Aktif,PRODI14,Gorontalo,2
240003279,Ir. Najib Hakim,P,2022,Aktif,PRODI36,Kalimantan Timur,2
240003282,Bakiman Puspasari,L,2024,Aktif,PRODI16,Sulawesi Utara,2
240003283,Kunthara Purnawati,P,2020,Aktif,PRODI10,Kepulauan Riau,1
240003286,KH. Estiono Irawan,L,2021,Aktif,PRODI13,Nusa Tenggara Barat,2
240003287,Dr. Sarah Astuti,L,2024,Aktif,PRODI34,Banten,2
240003290,Ayu Yuliarti,P,2021,Aktif,PRODI30,Lampung,2
240003293,Bakidin Saragih,L,2021,Aktif,PRODI12,Kalimantan Timur,2
240003294,Elon Prasasta,P,2020,Aktif,PRODI34,Papua Barat,2
240003301,Queen Padmasari,L,2022,Aktif,PRODI13,Sulawesi Tengah,2
240003305,Eva Halimah,P,2022,Aktif,PRODI16,Gorontalo,2
240003306,Zizi Riyanti,P,2022,Aktif,PRODI35,Jawa Tengah,2
240003307,Mahfud Latupono,P,2022,Aktif,PRODI27,Jawa Barat,2
240003308,Ajiman Putra,L,2020,Aktif,PRODI25,Kalimantan Barat,2
240003310,dr. Raditya Hutasoit,P,2021,Aktif,PRODI21,Kalimantan Selatan,2
240003311,dr. Iriana Prasasta,P,2022,Aktif,PRODI32,Maluku,2
240003312,Sutan Emin Gunarto,L,2021,Aktif,PRODI35,Kalimantan Utara,2
240003314,Yessi Aryani,P,2020,Aktif,PRODI18,DI Yogyakarta,2
240003315,Marsito Susanti,L,2024,Aktif,PRODI36,Kalimantan Tengah,2
240003316,Melinda Pradipta,L,2023,Aktif,PRODI35,Riau,2
240003317,Aisyah Hasanah,P,2020,Lulus,PRODI23,Papua,2
240003321,drg. Taufik Laksmiwati,P,2023,Aktif,PRODI27,Jawa Tengah,2
240003324,KH. Setya Firgantoro,L,2022,Aktif,PRODI35,Sulawesi Utara,2
240003327,Rangga Fujiati,L,2022,Aktif,PRODI18,Jawa Barat,2
240003329,Diah Marpaung,P,2020,Drop Out,PRODI29,Nusa Tenggara Barat,2
240003332,Warsa Thamrin,P,2022,Aktif,PRODI23,Kalimantan Utara,2
240003333,Hj. Vanesa Tampubolon,L,2023,Aktif,PRODI34,Bengkulu,2
240003334,Ir. Uli Maheswara,L,2021,Aktif,PRODI32,Banten,2
240003335,Limar Hasanah,P,2023,Aktif,PRODI04,Jambi,1
240003336,Eluh Tampubolon,L,2023,Aktif,PRODI37,DI Yogyakarta,2
240003337,dr. Maimunah Zulaika,P,2020,Drop Out,PRODI12,Sumatera Selatan,2
240003338,R.A. Halima Oktaviani,L,2021,Aktif,PRODI11,Maluku,2
240003341,Karta Suartini,P,2021,Aktif,PRODI12,Sulawesi Selatan,2
240003344,Virman Hutagalung,P,2020,Lulus,PRODI04,Nusa Tenggara Timur,1
240003345,Sutan Lega Putra,P,2023,Aktif,PRODI23,Sulawesi Tengah,2
240003349,Dr. Najam Budiman,L,2020,Aktif,PRODI10,Kalimantan Selatan,1
240003350,Drs. Kartika Puspita,P,2022,Aktif,PRODI14,Papua,2
240003353,Samiah Pranowo,P,2020,Aktif,PRODI16,Sulawesi Utara,2
240003354,Ir. Kezia Nashiruddin,P,2022,Aktif,PRODI11,Sulawesi Selatan,2
240003359,drg. Cinthia Hutapea,P,2022,Aktif,PRODI36,Sulawesi Tengah,2
240003361,Karya Jailani,L,2022,Aktif,PRODI34,Kalimantan Timur,2
240003362,H. Johan Sudiati,L,2021,Aktif,PRODI32,Bengkulu,2
240003363,Ir. Ulva Farida,L,2024,Aktif,PRODI12,Sulawesi Tenggara,2
240003364,Putu Rajata,L,2022,Aktif,PRODI35,Sumatera Utara,2
240003366,Gandi Tampubolon,P,2022,Aktif,PRODI12,Sulawesi Barat,2
240003369,Yessi Wibisono,L,2023,Aktif,PRODI23,Kalimantan Utara,2
240003373,R. Rangga Wastuti,P,2022,Aktif,PRODI36,Maluku,2
240003374,Dr. Intan Wibisono,P,2022,Aktif,PRODI10,Papua Barat,1
240003376,Paris Suryatmi,L,2020,Aktif,PRODI09,Riau,1
240003377,Ghaliyati Jailani,P,2022,Aktif,PRODI29,Kepulauan Riau,2
240003379,T. Luwar Melani,L,2023,Aktif,PRODI36,Aceh,2
240003382,Luwar Wastuti,L,2022,Aktif,PRODI33,Jambi,2
240003384,Fathonah Tampubolon,L,2023,Aktif,PRODI35,Gorontalo,2
240003386,Syahrini Haryanti,L,2023,Aktif,PRODI34,Jawa Timur,2
240003387,Syahrini Putra,P,2022,Aktif,PRODI11,Banten,2
240003388,Bakiadi Saptono,L,2022,Aktif,PRODI23,Sulawesi Selatan,2
240003389,Puti Talia Manullang,L,2024,Aktif,PRODI32,Kalimantan Selatan,2
240003390,Ir. Anita Sitorus,L,2023,Cuti,PRODI09,Riau,1
240003392,Marsito Widiastuti,P,2023,Aktif,PRODI21,DKI Jakarta,2
240003393,Nadia Sirait,P,2023,Aktif,PRODI32,Papua Barat,2
240003394,Timbul Purwanti,P,2024,Cuti,PRODI16,Sumatera Utara,2
240003395,Hj. Citra Santoso,P,2021,Aktif,PRODI25,Bengkulu,2
240003396,T. Irwan Rahayu,P,2024,Aktif,PRODI35,Sulawesi Tengah,2
240003398,Ulya Nashiruddin,P,2021,Nonaktif,PRODI16,Lampung,2
240003400,R.M. Bakda Nainggolan,L,2024,Aktif,PRODI16,Lampung,2
240003401,Ami Wahyuni,L,2021,Aktif,PRODI21,Gorontalo,2
240003403,Tira Saptono,L,2022,Aktif,PRODI30,Sulawesi Utara,2
240003404,Hendri Tampubolon,P,2021,Aktif,PRODI37,Banten,2
240003406,Uchita Uwais,P,2020,Aktif,PRODI13,Maluku Utara,2
240003408,Sarah Pratama,L,2023,Aktif,PRODI33,Sumatera Utara,2
240003410,Karja Tampubolon,L,2021,Nonaktif,PRODI09,Riau,1
240003411,Nyoman Widodo,P,2020,Lulus,PRODI12,Sumatera Utara,2
240003412,Ir. Jaka Sitompul,L,2022,Aktif,PRODI16,Jawa Barat,2
240003413,Paulin Widodo,P,2022,Nonaktif,PRODI16,Sumatera Selatan,2
240003414,Agnes Sihombing,P,2023,Aktif,PRODI23,Sulawesi Selatan,2
240003415,Rahmi Wibisono,L,2024,Aktif,PRODI35,Kalimantan Selatan,2
240003416,Nadia Mangunsong,L,2021,Aktif,PRODI04,Gorontalo,1
240003417,Rika Hutapea,L,2024,Aktif,PRODI04,Nusa Tenggara Timur,1
240003418,Mustofa Purwanti,P,2023,Aktif,PRODI18,Kalimantan Barat,2
240003419,Ir. Elisa Wahyuni,L,2024,Aktif,PRODI21,Kalimantan Timur,2
240003423,Ghani Tarihoran,P,2023,Aktif,PRODI14,Sulawesi Selatan,2
240003424,Anastasia Sirait,L,2021,Drop Out,PRODI12,Jawa Barat,2
240003426,Bajragin Rahimah,P,2020,Cuti,PRODI33,Bangka Belitung,2
240003428,H. Danu Purnawati,P,2020,Aktif,PRODI12,Maluku Utara,2
240003430,Hj. Jessica Nuraini,P,2022,Aktif,PRODI18,Maluku,2
240003431,Nasim Astuti,L,2023,Aktif,PRODI37,Bali,2
240003432,Vanesa Puspita,P,2023,Aktif,PRODI36,Sulawesi Tenggara,2
240003433,Devi Yuniar,L,2024,Cuti,PRODI34,Banten,2
240003434,Anggabaya Siregar,P,2020,Nonaktif,PRODI09,Sulawesi Selatan,1
240003437,Nabila Nugroho,L,2022,Aktif,PRODI30,Sumatera Barat,2
240003438,R. Rina Mulyani,P,2022,Aktif,PRODI32,Sulawesi Tengah,2
240003439,Hj. Yessi Simbolon,P,2022,Aktif,PRODI30,Sulawesi Selatan,2
240003440,R. Elisa Pratama,L,2021,Aktif,PRODI23,DKI Jakarta,2
240003443,Ani Haryanti,L,2022,Aktif,PRODI16,Sulawesi Tenggara,2
240003446,Ilsa Haryanto,P,2020,Lulus,PRODI14,Sulawesi Selatan,2
240003447,Tgk. Manah Winarno,L,2020,Aktif,PRODI14,Kalimantan Barat,2
240003448,Purwa Nuraini,P,2024,Aktif,PRODI33,Kalimantan Selatan,2
240003449,Lutfan Anggraini,L,2024,Aktif,PRODI09,DI Yogyakarta,1
240003451,Daliman Thamrin,P,2021,Aktif,PRODI14,Papua,2
240003452,Among Pratama,P,2024,Aktif,PRODI36,Kalimantan Timur,2
240003453,Chelsea Adriansyah,P,2024,Aktif,PRODI11,Bengkulu,2
240003455,dr. Anita Samosir,P,2020,Cuti,PRODI30,Kalimantan Tengah,2
240003457,Dr. Ira Widodo,L,2024,Aktif,PRODI27,Jawa Barat,2
240003458,Sabrina Rajata,L,2021,Aktif,PRODI12,Jambi,2
240003459,Dr. Gadang Samosir,P,2021,Aktif,PRODI18,Sulawesi Utara,2
240003460,Winda Hassanah,L,2021,Aktif,PRODI13,Bali,2
240003461,Febi Wulandari,P,2021,Aktif,PRODI14,Jawa Barat,2
240003462,Cemani Winarno,P,2020,Aktif,PRODI07,Sulawesi Tenggara,2
240003463,Jayadi Nuraini,L,2024,Aktif,PRODI21,Sumatera Utara,2
240003464,Harjasa Hassanah,P,2021,Aktif,PRODI12,Jawa Barat,2
240003466,Zizi Wijaya,P,2023,Aktif,PRODI35,Aceh,2
240003467,Nurul Nuraini,L,2021,Nonaktif,PRODI30,Gorontalo,2
240003469,Nyana Hidayanto,P,2022,Aktif,PRODI11,Bali,2
240003470,Irsad Utama,L,2022,Cuti,PRODI25,DI Yogyakarta,2
240003471,R.A. Bella Lestari,P,2021,Aktif,PRODI23,Maluku,2
240003475,Tedi Mulyani,P,2020,Aktif,PRODI13,Maluku Utara,2
240003476,dr. Jefri Mustofa,P,2022,Aktif,PRODI21,Jawa Timur,2
240003477,H. Sidiq Oktaviani,L,2020,Nonaktif,PRODI10,Sulawesi Tenggara,1
240003479,drg. Samiah Hartati,P,2022,Cuti,PRODI04,DKI Jakarta,1
240003480,R. Vera Rajasa,P,2022,Aktif,PRODI29,Kalimantan Utara,2
240003484,R.M. Olga Budiyanto,P,2022,Aktif,PRODI27,Sumatera Selatan,2
240003485,Martani Iswahyudi,L,2022,Drop Out,PRODI29,Papua,2
240003486,Dr. Kasim Pranowo,L,2023,Aktif,PRODI25,DKI Jakarta,2
240003489,Dr. Ganep Narpati,L,2022,Aktif,PRODI18,Papua,2
240003490,R.A. Zulaikha Wijaya,L,2021,Aktif,PRODI12,Kalimantan Barat,2
240003491,Hasna Widiastuti,L,2020,Drop Out,PRODI23,Kepulauan Riau,2
240003492,Slamet Lestari,P,2020,Nonaktif,PRODI23,Jawa Tengah,2
240003493,Mutia Nasyidah,P,2021,Aktif,PRODI11,Kalimantan Timur,2
240003497,R. Bakiman Suryono,L,2022,Nonaktif,PRODI29,Kalimantan Timur,2
240003498,Rahmat Pranowo,P,2020,Nonaktif,PRODI14,Sumatera Barat,2
240003506,Oman Narpati,L,2021,Aktif,PRODI30,Sulawesi Tenggara,2
240003507,Dwi Waskita,L,2023,Aktif,PRODI16,Kalimantan Timur,2
240003508,Lili Uyainah,P,2024,Aktif,PRODI27,Jambi,2
240003509,Murti Sirait,P,2023,Aktif,PRODI10,Bali,1
240003510,Jaga Sudiati,L,2024,Aktif,PRODI37,Bengkulu,2
240003512,Iriana Pradipta,P,2024,Aktif,PRODI13,Jawa Tengah,2
240003513,Warsa Usada,P,2024,Aktif,PRODI04,Sulawesi Tenggara,1
240003515,Tgk. Wirda Prasetya,P,2020,Lulus,PRODI36,Maluku Utara,2
240003518,Najam Permata,P,2021,Aktif,PRODI29,Maluku,2
240003521,Mahfud Tampubolon,P,2021,Aktif,PRODI14,Papua Barat,2
240003523,Tgk. Galang Haryanto,L,2024,Aktif,PRODI29,Papua Barat,2
240003525,Bambang Utama,P,2021,Aktif,PRODI10,Jawa Tengah,1
240003527,Anom Widiastuti,L,2024,Aktif,PRODI21,Papua,2
240003531,Amelia Hassanah,L,2022,Aktif,PRODI30,Kalimantan Tengah,2
240003532,Lidya Zulkarnain,L,2023,Aktif,PRODI23,Aceh,2
240003533,Ir. Lurhur Suryatmi,L,2023,Aktif,PRODI11,Gorontalo,2
240003534,Gatot Sitorus,P,2020,Lulus,PRODI25,Papua,2
240003535,Hj. Oliva Sitorus,P,2024,Aktif,PRODI14,Maluku Utara,2
240003537,Rendy Setiawan,L,2024,Aktif,PRODI11,Sulawesi Barat,2
240003539,Hilda Andriani,P,2024,Aktif,PRODI33,Kalimantan Selatan,2
240003540,Kunthara Fujiati,L,2023,Aktif,PRODI04,Kepulauan Riau,1
240003547,Fitria Sirait,P,2024,Aktif,PRODI35,Kalimantan Tengah,2
240003548,KH. Cakrabuana Rahmawati,P,2021,Aktif,PRODI11,Sumatera Barat,2
240003550,Novi Budiman,P,2020,Lulus,PRODI27,Kalimantan Barat,2
240003551,Tiara Hutagalung,P,2023,Aktif,PRODI13,Kalimantan Timur,2
240003556,Muni Suryono,P,2022,Cuti,PRODI04,Sumatera Barat,1
240003560,Surya Halimah,L,2022,Aktif,PRODI21,DKI Jakarta,2
240003561,Mustofa Sihombing,L,2024,Aktif,PRODI18,Kepulauan Riau,2
240003563,drg. Danang Wibisono,L,2024,Aktif,PRODI12,Bengkulu,2
240003564,R.M. Perkasa Santoso,L,2020,Aktif,PRODI21,Bali,2
240003565,Iriana Sinaga,P,2024,Aktif,PRODI25,Maluku Utara,2
240003573,Wahyu Widodo,P,2023,Aktif,PRODI04,DKI Jakarta,1
240003574,Imam Saptono,L,2023,Aktif,PRODI34,Jawa Tengah,2
240003576,drg. Setya Pratama,L,2021,Aktif,PRODI23,Bangka Belitung,2
240003577,Vera Rajasa,P,2022,Aktif,PRODI18,Kalimantan Tengah,2
240003578,Dr. Sabri Ramadan,L,2021,Aktif,PRODI21,Jawa Barat,2
240003579,Viman Iswahyudi,P,2024,Aktif,PRODI18,DI Yogyakarta,2
240003581,Victoria Hardiansyah,P,2022,Aktif,PRODI09,Nusa Tenggara Timur,1
240003589,Vanesa Padmasari,P,2022,Aktif,PRODI37,Riau,2
240003590,dr. Tantri Setiawan,P,2022,Aktif,PRODI18,Riau,2
240003594,Juli Pradana,P,2022,Aktif,PRODI09,Jawa Tengah,1
240003595,Cengkal Natsir,P,2020,Aktif,PRODI11,Banten,2
240003596,R.A. Kamaria Prakasa,L,2024,Aktif,PRODI36,Gorontalo,2
240003597,Nadia Wijayanti,P,2024,Aktif,PRODI12,Sulawesi Barat,2
240003601,Umaya Hasanah,L,2024,Aktif,PRODI21,Kalimantan Selatan,2
240003602,R. Farah Habibi,P,2022,Aktif,PRODI13,Banten,2
240003603,R. Gasti Lazuardi,P,2024,Aktif,PRODI34,Aceh,2
240003607,Harto Saptono,L,2023,Aktif,PRODI32,Bengkulu,2
240003610,Genta Ardianto,P,2020,Lulus,PRODI33,Jawa Tengah,2
240003611,Talia Sirait,L,2023,Aktif,PRODI33,Kepulauan Riau,2
240003612,Drs. Janet Iswahyudi,P,2020,Lulus,PRODI13,Sulawesi Tengah,2
240003613,Jaswadi Maryadi,L,2022,Aktif,PRODI36,Gorontalo,2
240003615,Dian Maryati,P,2024,Aktif,PRODI09,DKI Jakarta,1
240003617,Salimah Hassanah,P,2023,Aktif,PRODI09,Lampung,1
240003618,R.A. Clara Lailasari,L,2024,Aktif,PRODI23,Sumatera Utara,2
240003620,Winda Aryani,L,2023,Aktif,PRODI13,Jawa Tengah,2
240003621,dr. Salsabila Rahmawati,L,2023,Drop Out,PRODI18,Sulawesi Selatan,2
240003623,Erik Mayasari,P,2024,Aktif,PRODI12,DKI Jakarta,2
240003627,drg. Tasdik Prastuti,L,2022,Aktif,PRODI33,Aceh,2
240003629,Karimah Pradipta,L,2021,Aktif,PRODI36,Sumatera Selatan,2
240003631,Ina Suryono,L,2024,Aktif,PRODI07,Nusa Tenggara Barat,2
240003632,Banawi Thamrin,L,2021,Aktif,PRODI07,Kalimantan Selatan,2
240003633,Ellis Kusmawati,L,2023,Aktif,PRODI35,DI Yogyakarta,2
240003635,Nurul Wijayanti,L,2023,Aktif,PRODI10,DI Yogyakarta,1
240003636,Cengkir Putra,L,2024,Aktif,PRODI18,Jawa Barat,2
240003637,Yunita Manullang,L,2023,Aktif,PRODI35,Aceh,2
240003638,Usyi Rahmawati,P,2022,Aktif,PRODI09,Sumatera Utara,1
240003639,Laila Hastuti,L,2020,Lulus,PRODI10,Jawa Barat,1
240003640,Jasmani Pratiwi,L,2024,Aktif,PRODI25,Kepulauan Riau,2
240003642,Puspa Haryanto,P,2021,Aktif,PRODI32,Kalimantan Barat,2
240003643,dr. Elvina Wahyudin,L,2024,Aktif,PRODI07,Maluku Utara,2
240003645,Kamidin Permadi,L,2024,Nonaktif,PRODI23,Bali,2
240003646,Mulyanto Utama,P,2021,Aktif,PRODI32,Sulawesi Utara,2
240003648,Ulva Firgantoro,P,2023,Aktif,PRODI25,Jawa Barat,2
240003649,R. Devi Santoso,L,2020,Aktif,PRODI21,Kalimantan Selatan,2
240003651,Eka Anggriawan,L,2022,Aktif,PRODI21,Lampung,2
240003654,T. Maman Januar,P,2024,Aktif,PRODI35,Sulawesi Tenggara,2
240003655,Ir. Karimah Nababan,L,2022,Drop Out,PRODI25,Jawa Barat,2
240003660,Jindra Wijaya,P,2022,Cuti,PRODI29,Papua,2
240003661,Kusuma Widiastuti,L,2021,Aktif,PRODI12,Aceh,2
240003662,Aisyah Firgantoro,L,2020,Lulus,PRODI14,Kalimantan Tengah,2
240003664,KH. Karta Laksmiwati,P,2023,Aktif,PRODI16,Gorontalo,2
240003666,Hj. Zalindra Santoso,L,2024,Aktif,PRODI33,Papua Barat,2
240003667,Gatra Maheswara,P,2024,Aktif,PRODI25,Maluku,2
240003668,Rahayu Saragih,L,2020,Lulus,PRODI25,Sulawesi Tengah,2
240003670,Gamani Utama,P,2020,Lulus,PRODI13,Maluku Utara,2
240003672,Dagel Megantara,L,2024,Aktif,PRODI32,Lampung,2
240003673,H. Ian Wastuti,P,2021,Aktif,PRODI04,Sulawesi Tengah,1
240003674,Candra Nasyidah,P,2022,Aktif,PRODI13,Sulawesi Tenggara,2
240003675,Talia Hidayanto,L,2024,Aktif,PRODI29,DI Yogyakarta,2
240003681,Darman Handayani,L,2022,Aktif,PRODI21,Sumatera Barat,2
240003682,Johan Hutagalung,L,2023,Aktif,PRODI32,Jawa Tengah,2
240003684,R. Mahdi Permata,L,2021,Aktif,PRODI12,Jawa Tengah,2
240003686,Dian Lailasari,P,2023,Aktif,PRODI12,Sulawesi Selatan,2
240003687,dr. Oliva Hutagalung,P,2021,Aktif,PRODI25,Sumatera Utara,2
240003692,R.M. Baktianto Padmasari,P,2023,Aktif,PRODI10,Lampung,1
240003694,Kenzie Habibi,L,2024,Aktif,PRODI09,Sumatera Utara,1
240003696,Harjaya Astuti,L,2021,Aktif,PRODI04,Banten,1
240003697,Unjani Zulaika,P,2020,Aktif,PRODI27,DKI Jakarta,2
240003698,Dr. Cici Prasetya,P,2021,Aktif,PRODI10,Banten,1
240003699,Sutan Mumpuni Yulianti,L,2021,Aktif,PRODI21,Aceh,2
240003700,Janet Firgantoro,P,2022,Nonaktif,PRODI18,Nusa Tenggara Timur,2
240003701,Lasmono Mulyani,P,2023,Aktif,PRODI34,Bali,2
240003702,R.M. Bakidin Rajasa,L,2023,Drop Out,PRODI34,Sumatera Utara,2
240003703,Anastasia Sitorus,L,2023,Aktif,PRODI09,Kalimantan Selatan,1
240003706,Samiah Safitri,L,2020,Lulus,PRODI25,Riau,2
240003707,Kuncara Hidayanto,P,2020,Lulus,PRODI35,Kepulauan Riau,2
240003710,Tri Maheswara,P,2023,Aktif,PRODI32,Sumatera Barat,2
240003711,Ifa Rahmawati,P,2022,Aktif,PRODI10,Bengkulu,1
240003713,Julia Siregar,L,2020,Lulus,PRODI04,Jawa Barat,1
240003714,Unggul Manullang,P,2021,Aktif,PRODI21,DKI Jakarta,2
240003715,Ir. Kajen Rajasa,P,2023,Nonaktif,PRODI37,Nusa Tenggara Timur,2
240003716,Tiara Mustofa,P,2021,Aktif,PRODI25,Bali,2
240003717,Jane Saragih,P,2021,Aktif,PRODI23,Jawa Timur,2
240003718,Legawa Sitorus,L,2023,Aktif,PRODI16,Sumatera Selatan,2
240003719,Taswir Suartini,P,2021,Aktif,PRODI21,Maluku,2
240003722,Dr. Fitria Najmudin,L,2021,Aktif,PRODI07,Kepulauan Riau,2
240003723,Ophelia Tarihoran,P,2023,Aktif,PRODI30,Lampung,2
240003724,Febi Pradana,P,2024,Aktif,PRODI18,Sulawesi Selatan,2
240003725,Jaiman Nugroho,L,2024,Aktif,PRODI32,Kalimantan Tengah,2
240003726,Ir. Cemplunk Yulianti,L,2021,Aktif,PRODI12,Sulawesi Selatan,2
240003727,Dr. Yuni Prasetya,L,2020,Aktif,PRODI04,Lampung,1
240003730,Tira Habibi,P,2022,Aktif,PRODI27,Bangka Belitung,2
240003731,Azalea Susanti,L,2020,Lulus,PRODI07,Kalimantan Selatan,2
240003732,Raden Sinaga,L,2020,Lulus,PRODI29,Riau,2
240003733,Almira Pradana,L,2022,Drop Out,PRODI16,Sumatera Utara,2
240003734,Taufik Hastuti,L,2020,Aktif,PRODI14,Papua,2
240003736,Lasmanto Sudiati,P,2020,Lulus,PRODI10,DKI Jakarta,1
240003738,Tgk. Salimah Halimah,P,2023,Aktif,PRODI37,Maluku Utara,2
240003740,Tirta Dongoran,L,2024,Aktif,PRODI32,Jambi,2
240003746,Karya Suwarno,P,2023,Aktif,PRODI09,Sumatera Selatan,1
240003749,dr. Ghaliyati Sihombing,P,2024,Aktif,PRODI18,Kepulauan Riau,2
240003751,Ismail Nugroho,P,2021,Aktif,PRODI18,Kalimantan Timur,2
240003752,Lembah Hutasoit,P,2021,Aktif,PRODI27,Sulawesi Tenggara,2
240003755,Capa Pratiwi,P,2022,Aktif,PRODI30,Nusa Tenggara Barat,2
240003756,Bahuwarna Hidayanto,P,2023,Cuti,PRODI10,Bali,1
240003757,Imam Zulkarnain,P,2022,Aktif,PRODI07,Sulawesi Barat,2
240003759,Dr. Laksana Nurdiyanti,L,2023,Aktif,PRODI25,Bali,2
240003760,Drs. Karya Sihombing,L,2024,Aktif,PRODI36,Jawa Tengah,2
240003762,Drajat Ardianto,P,2021,Drop Out,PRODI29,Kalimantan Timur,2
240003765,Dr. Lega Puspasari,P,2024,Aktif,PRODI07,Papua,2
240003767,Anita Maulana,P,2021,Aktif,PRODI04,Banten,1
240003768,R. Samiah Hutasoit,P,2020,Aktif,PRODI21,Bangka Belitung,2
240003770,Hasta Purwanti,L,2023,Aktif,PRODI37,Bengkulu,2
240003771,Aurora Prasetya,L,2021,Aktif,PRODI34,Sulawesi Selatan,2
240003772,Raisa Waluyo,L,2022,Aktif,PRODI29,Kalimantan Timur,2
240003774,Tgk. Makuta Lazuardi,P,2020,Lulus,PRODI16,Sulawesi Barat,2
240003776,Cut Nilam Waluyo,L,2021,Aktif,PRODI11,Bangka Belitung,2
240003777,Ellis Wastuti,L,2024,Aktif,PRODI25,Bali,2
240003779,Drs. Vivi Mulyani,P,2022,Cuti,PRODI27,Bangka Belitung,2
240003780,Adhiarja Zulaika,P,2022,Aktif,PRODI18,Gorontalo,2
240003782,Endah Pratiwi,L,2022,Aktif,PRODI27,Sumatera Utara,2
240003783,Dr. Intan Rahmawati,L,2022,Aktif,PRODI11,Sulawesi Selatan,2
240003785,Siska Tarihoran,L,2022,Aktif,PRODI07,Jambi,2
240003786,Tgk. Warsa Haryanto,P,2021,Aktif,PRODI21,Sulawesi Selatan,2
240003790,drg. Teguh Setiawan,L,2022,Aktif,PRODI14,Jawa Barat,2
240003791,T. Gatra Marpaung,P,2023,Aktif,PRODI36,Papua,2
240003792,Olivia Nashiruddin,L,2021,Drop Out,PRODI12,Sulawesi Tenggara,2
240003795,R.M. Muhammad Wacana,L,2024,Cuti,PRODI16,Kalimantan Tengah,2
240003797,Anom Kusmawati,P,2023,Cuti,PRODI14,Jawa Timur,2
240003798,Ajimin Pratama,P,2024,Aktif,PRODI29,Sulawesi Barat,2
240003799,Queen Sihotang,L,2021,Aktif,PRODI23,Kalimantan Tengah,2
240003803,Surya Gunawan,L,2022,Aktif,PRODI11,Kalimantan Selatan,2
240003805,Ani Kuswandari,P,2021,Aktif,PRODI16,Kalimantan Barat,2
240003806,Marsito Yulianti,L,2022,Aktif,PRODI29,Bali,2
240003808,Kusuma Situmorang,P,2020,Lulus,PRODI30,Sumatera Barat,2
240003810,Ganep Nurdiyanti,L,2020,Lulus,PRODI09,Sulawesi Tengah,1
240003811,dr. Wulan Andriani,L,2020,Lulus,PRODI12,Kalimantan Utara,2
240003813,Rahmi Setiawan,P,2020,Lulus,PRODI09,Sulawesi Tengah,1
240003816,Nalar Hutagalung,P,2024,Aktif,PRODI32,Jawa Barat,2
240003817,Citra Maryadi,P,2020,Lulus,PRODI27,Riau,2
240003818,T. Darman Pratama,L,2020,Lulus,PRODI10,Maluku,1
240003821,Ratih Mayasari,L,2022,Drop Out,PRODI07,Jawa Tengah,2
240003822,Ir. Genta Hutapea,P,2021,Aktif,PRODI18,Kalimantan Utara,2
240003825,Jasmin Padmasari,P,2020,Lulus,PRODI23,Kalimantan Tengah,2
240003827,Yance Yuniar,L,2020,Lulus,PRODI35,Bengkulu,2
240003828,Jayeng Mardhiyah,L,2024,Aktif,PRODI30,Bengkulu,2
240003829,Sakura Hastuti,L,2021,Aktif,PRODI04,Kalimantan Tengah,1
240003830,Hani Adriansyah,L,2021,Aktif,PRODI29,Bengkulu,2
240003832,Bahuraksa Damanik,P,2022,Aktif,PRODI14,Sulawesi Barat,2
240003834,R.A. Olivia Hariyah,P,2024,Aktif,PRODI18,Aceh,2
240003835,Surya Haryanto,P,2020,Lulus,PRODI13,Sulawesi Utara,2
240003837,Ani Purwanti,P,2020,Lulus,PRODI14,Kepulauan Riau,2
240003839,Virman Saputra,P,2021,Aktif,PRODI13,Sulawesi Tengah,2
240003840,Kacung Sihombing,P,2021,Aktif,PRODI29,Lampung,2
240003841,Ajiman Melani,L,2021,Aktif,PRODI30,Riau,2
240003842,Jarwadi Rajasa,P,2023,Aktif,PRODI09,Kalimantan Timur,1
240003843,Ana Pangestu,P,2024,Aktif,PRODI07,Sumatera Selatan,2
240003844,Ibrahim Wahyudin,P,2023,Aktif,PRODI12,Jawa Timur,2
240003845,T. Martana Oktaviani,L,2020,Aktif,PRODI30,Maluku,2
240003846,R. Citra Damanik,P,2023,Aktif,PRODI13,Jambi,2
240003847,Ir. Wawan Megantara,P,2021,Aktif,PRODI14,Bengkulu,2
240003848,Cemplunk Laksmiwati,P,2021,Aktif,PRODI13,Kalimantan Timur,2
240003849,Liman Maryadi,L,2024,Aktif,PRODI07,Papua,2
240003851,Salsabila Jailani,L,2024,Aktif,PRODI29,Jambi,2
240003853,drg. Dina Kuswoyo,P,2023,Aktif,PRODI11,DKI Jakarta,2
240003854,Banawi Yolanda,P,2022,Aktif,PRODI34,Jawa Barat,2
240003855,Drs. Labuh Marpaung,L,2023,Nonaktif,PRODI11,Sulawesi Barat,2
240003858,Gamanto Utama,L,2022,Aktif,PRODI30,Kepulauan Riau,2
240003859,Nabila Firgantoro,P,2020,Lulus,PRODI14,Sulawesi Selatan,2
240003860,Bakiman Wijaya,L,2020,Aktif,PRODI21,Lampung,2
240003861,Pandu Kusumo,L,2024,Aktif,PRODI37,Kalimantan Utara,2
240003862,Fitria Mulyani,P,2022,Nonaktif,PRODI34,Bengkulu,2
240003865,Drs. Ghani Yulianti,L,2021,Nonaktif,PRODI25,Banten,2
240003868,Cut Julia Haryanto,L,2020,Lulus,PRODI11,Bengkulu,2
240003869,Artawan Kuswoyo,L,2021,Aktif,PRODI27,Gorontalo,2
240003870,Farhunnisa Firmansyah,L,2020,Lulus,PRODI10,Papua Barat,1
240003871,Gara Damanik,L,2022,Drop Out,PRODI13,Banten,2
240003872,Ganda Hidayanto,P,2020,Lulus,PRODI34,Jawa Tengah,2
240003875,Drs. Ihsan Wahyudin,P,2024,Aktif,PRODI21,Kalimantan Barat,2
240003876,Puti Ayu Dongoran,L,2024,Aktif,PRODI35,Banten,2
240003877,Luluh Winarno,P,2021,Aktif,PRODI23,Kalimantan Timur,2
240003885,Zelda Suryono,P,2021,Aktif,PRODI32,Kalimantan Timur,2
240003886,Tgk. Bakiadi Setiawan,P,2022,Aktif,PRODI33,Bengkulu,2
240003889,Kamal Wibisono,P,2024,Aktif,PRODI14,Nusa Tenggara Barat,2
240003890,Paulin Uyainah,P,2023,Aktif,PRODI23,Kalimantan Timur,2
240003891,Humaira Rahimah,P,2020,Aktif,PRODI21,Bali,2
240003897,R. Karman Wibowo,L,2022,Aktif,PRODI36,Nusa Tenggara Barat,2
240003901,Tania Wasita,P,2022,Drop Out,PRODI11,Sulawesi Tenggara,2
240003902,Febi Novitasari,P,2022,Aktif,PRODI36,Aceh,2
240003903,R.A. Suci Nababan,L,2021,Drop Out,PRODI34,Kalimantan Barat,2
240003904,R.M. Ibrani Usamah,L,2020,Lulus,PRODI21,Kalimantan Barat,2
240003905,Among Wibisono,L,2022,Drop Out,PRODI33,Sulawesi Tenggara,2
240003907,Patricia Suryono,L,2021,Aktif,PRODI34,Nusa Tenggara Timur,2
240003908,Cahyo Habibi,P,2023,Aktif,PRODI23,Jawa Barat,2
240003909,Hadi Marpaung,P,2022,Aktif,PRODI29,Gorontalo,2
240003911,Dr. Asman Riyanti,L,2022,Aktif,PRODI09,Lampung,1
240003912,Ajiman Prastuti,P,2024,Aktif,PRODI14,Riau,2
240003914,Drs. Karman Namaga,P,2021,Aktif,PRODI12,Maluku Utara,2
240003917,Gandi Sirait,L,2023,Aktif,PRODI25,Banten,2
240003920,Daliman Iswahyudi,P,2021,Aktif,PRODI35,Kepulauan Riau,2
240003922,Sutan Cemplunk Kusmawati,P,2020,Cuti,PRODI11,Papua,2
240003926,dr. Latika Utama,P,2020,Lulus,PRODI12,Gorontalo,2
240003927,R.A. Michelle Prastuti,L,2024,Aktif,PRODI37,Papua Barat,2
240003929,Talia Pudjiastuti,L,2023,Aktif,PRODI23,Jawa Barat,2
240003932,Cakrabuana Suwarno,L,2021,Cuti,PRODI35,Nusa Tenggara Timur,2
240003933,Tgk. Raden Maryati,P,2023,Drop Out,PRODI11,Jawa Tengah,2
240003935,Galih Kusumo,P,2024,Aktif,PRODI32,Bali,2
240003936,H. Cayadi Rahmawati,L,2024,Aktif,PRODI35,Bengkulu,2
240003938,dr. Tantri Firgantoro,L,2023,Aktif,PRODI11,Sulawesi Tengah,2
240003940,Rina Najmudin,P,2022,Aktif,PRODI13,Bengkulu,2
240003941,Sutan Ega Rahimah,P,2021,Aktif,PRODI35,Papua Barat,2
240003942,Sadina Haryanto,P,2022,Aktif,PRODI12,Jambi,2
240003944,Dr. Titi Kuswoyo,P,2021,Aktif,PRODI18,Maluku,2
240003948,Tirtayasa Safitri,L,2023,Aktif,PRODI27,Maluku,2
240003949,Nurul Latupono,P,2023,Aktif,PRODI21,Aceh,2
240003950,Ibrani Samosir,P,2024,Cuti,PRODI27,Sulawesi Barat,2
240003951,Nardi Yulianti,P,2024,Aktif,PRODI13,Sulawesi Barat,2
240003953,R.M. Taswir Firmansyah,P,2024,Aktif,PRODI32,Jawa Timur,2
240003956,Zahra Kuswandari,P,2021,Aktif,PRODI27,Jawa Barat,2
240003958,Drs. Galang Yuliarti,L,2022,Aktif,PRODI33,DKI Jakarta,2
240003960,Rahayu Nurdiyanti,P,2020,Lulus,PRODI30,DKI Jakarta,2
240003961,dr. Dadap Hidayat,L,2022,Aktif,PRODI16,Papua Barat,2
240003964,Hj. Oliva Hidayat,P,2024,Aktif,PRODI21,Jawa Tengah,2
240003965,Mulyanto Maryadi,L,2023,Aktif,PRODI32,Maluku,2
240003966,Jayeng Purwanti,P,2024,Aktif,PRODI29,Kalimantan Selatan,2
240003969,Lili Prakasa,P,2023,Aktif,PRODI25,Kalimantan Tengah,2
240003973,Teddy Lazuardi,P,2020,Lulus,PRODI09,Bali,1
240003975,Kania Kusmawati,P,2022,Aktif,PRODI13,Sulawesi Tenggara,2
240003977,Hj. Rina Yuniar,P,2022,Aktif,PRODI12,Kalimantan Timur,2
240003978,Ira Damanik,P,2021,Aktif,PRODI18,Sumatera Selatan,2
240003979,Sutan Gangsar Januar,P,2020,Aktif,PRODI07,Aceh,2
240003980,Jelita Prasasta,P,2023,Aktif,PRODI13,Jambi,2
240003983,H. Danuja Hariyah,P,2021,Aktif,PRODI36,Kalimantan Timur,2
240003984,Eka Kuswoyo,L,2020,Lulus,PRODI32,Banten,2
240003985,Chelsea Prakasa,L,2021,Cuti,PRODI23,Maluku,2
240003987,Wage Sinaga,L,2021,Nonaktif,PRODI29,Sumatera Selatan,2
240003989,Yani Firgantoro,L,2020,Lulus,PRODI16,Sumatera Barat,2
240003992,drg. Cengkal Novitasari,P,2020,Lulus,PRODI09,Kalimantan Utara,1
240003993,Kamaria Sihotang,P,2020,Lulus,PRODI13,DI Yogyakarta,2
240003998,Devi Mangunsong,P,2022,Aktif,PRODI30,Jawa Timur,2
240003999,Patricia Lazuardi,P,2023,Aktif,PRODI23,Sulawesi Tengah,2
240004000,Jessica Aryani,L,2021,Aktif,PRODI12,Sulawesi Barat,2
240004002,Cahyo Tarihoran,P,2021,Aktif,PRODI36,Nusa Tenggara Timur,2
240004003,Tgk. Nadia Mangunsong,P,2024,Aktif,PRODI25,Jambi,2
240004004,Dr. Daru Nasyidah,L,2022,Aktif,PRODI29,Jawa Timur,2
240004005,Nardi Nainggolan,L,2022,Aktif,PRODI33,Sulawesi Selatan,2
240004006,R.A. Irma Farida,L,2024,Aktif,PRODI23,Bengkulu,2
240004007,Iriana Usada,P,2022,Drop Out,PRODI07,Maluku,2
240004009,Sakti Maryati,L,2023,Aktif,PRODI32,Kepulauan Riau,2
240004011,Jayeng Saefullah,P,2020,Lulus,PRODI09,Sumatera Selatan,1
240004013,Yunita Wijayanti,L,2022,Aktif,PRODI27,Maluku,2
240004015,Kamila Marpaung,L,2022,Aktif,PRODI18,Bengkulu,2
240004016,Eka Hidayanto,L,2023,Aktif,PRODI33,Jawa Tengah,2
240004017,Ika Melani,P,2024,Aktif,PRODI23,Sulawesi Barat,2
240004018,H. Nalar Suryono,L,2020,Lulus,PRODI23,Lampung,2
240004019,Drs. Ophelia Purwanti,P,2021,Aktif,PRODI09,Jawa Barat,1
240004020,Sabri Prabowo,P,2024,Aktif,PRODI23,Gorontalo,2
240004021,Sabrina Yuniar,L,2023,Aktif,PRODI23,Jambi,2
240004023,Paramita Sinaga,L,2021,Aktif,PRODI12,Banten,2
240004024,Slamet Tarihoran,L,2022,Aktif,PRODI11,Jawa Timur,2
240004025,Uli Hidayat,L,2021,Aktif,PRODI23,Gorontalo,2
240004027,Kani Wibisono,L,2022,Aktif,PRODI16,Sulawesi Utara,2
240004028,dr. Panji Dabukke,L,2022,Aktif,PRODI18,Sumatera Utara,2
240004029,Edi Pratiwi,L,2021,Aktif,PRODI12,DI Yogyakarta,2
240004031,R.M. Salman Ardianto,P,2022,Aktif,PRODI12,Maluku Utara,2
240004032,Jane Prakasa,L,2023,Aktif,PRODI09,Kalimantan Tengah,1
240004033,Bahuraksa Sihotang,L,2023,Aktif,PRODI25,Papua,2
240004036,Slamet Marbun,P,2023,Aktif,PRODI13,Nusa Tenggara Timur,2
240004038,Mila Najmudin,L,2021,Aktif,PRODI12,Kalimantan Tengah,2
240004042,Hj. Uchita Winarno,P,2023,Aktif,PRODI29,Riau,2
240004044,Heru Samosir,L,2024,Aktif,PRODI10,Jawa Timur,1
240004045,R.M. Cahyanto Prakasa,P,2020,Nonaktif,PRODI12,Maluku,2
240004047,Kayla Kusumo,P,2022,Aktif,PRODI21,Jawa Tengah,2
240004048,Dagel Maulana,P,2023,Aktif,PRODI04,Nusa Tenggara Timur,1
240004052,H. Bakidin Rahmawati,L,2022,Aktif,PRODI18,Sulawesi Tenggara,2
240004054,Citra Widodo,L,2023,Nonaktif,PRODI35,Jawa Tengah,2
240004055,Dr. Mutia Firgantoro,P,2020,Aktif,PRODI11,Sumatera Selatan,2
240004056,Radit Nasyidah,P,2024,Aktif,PRODI34,Kalimantan Selatan,2
240004057,Shania Mandasari,P,2023,Aktif,PRODI35,Kalimantan Selatan,2
240004058,Ajiono Mahendra,P,2020,Lulus,PRODI27,Jawa Timur,2
240004060,Danang Hidayanto,P,2020,Aktif,PRODI10,Papua,1
240004061,Ir. Yono Firmansyah,P,2024,Aktif,PRODI27,Sumatera Selatan,2
240004064,dr. Wage Wijaya,P,2021,Aktif,PRODI32,Kalimantan Timur,2
240004065,Ismail Yuniar,L,2023,Aktif,PRODI04,Kalimantan Timur,1
240004066,Surya Irawan,P,2020,Aktif,PRODI37,Bangka Belitung,2
240004067,Saka Natsir,L,2023,Aktif,PRODI33,Kalimantan Selatan,2
240004072,Jumari Zulaika,P,2022,Aktif,PRODI09,Jambi,1
240004073,Lamar Permadi,L,2021,Aktif,PRODI09,Nusa Tenggara Barat,1
240004074,Dimas Padmasari,L,2021,Aktif,PRODI11,Nusa Tenggara Barat,2
240004075,Ana Mangunsong,L,2023,Aktif,PRODI16,Sulawesi Utara,2
240004076,dr. Yance Mardhiyah,P,2021,Aktif,PRODI12,Aceh,2
240004078,Darijan Farida,P,2024,Aktif,PRODI23,Nusa Tenggara Barat,2
240004079,dr. Karta Hutasoit,L,2020,Nonaktif,PRODI37,Nusa Tenggara Timur,2
240004081,Surya Sihombing,L,2020,Drop Out,PRODI21,Papua,2
240004082,Tgk. Pia Sitompul,P,2022,Aktif,PRODI35,Sumatera Utara,2
240004085,Kamaria Halim,P,2021,Aktif,PRODI04,Kalimantan Selatan,1
240004089,Icha Maulana,P,2020,Lulus,PRODI14,Jambi,2
240004091,Drs. Aisyah Tamba,L,2021,Aktif,PRODI23,Maluku Utara,2
240004094,Kiandra Andriani,P,2024,Aktif,PRODI07,Bangka Belitung,2
240004095,Gangsa Pudjiastuti,P,2024,Aktif,PRODI36,Banten,2
240004096,Hardana Nasyiah,L,2021,Aktif,PRODI32,Sumatera Barat,2
240004097,Eko Mardhiyah,L,2024,Aktif,PRODI27,Sulawesi Selatan,2
240004098,Karman Winarsih,P,2020,Aktif,PRODI27,Nusa Tenggara Barat,2
240004100,Rendy Salahudin,L,2021,Aktif,PRODI33,Maluku,2
240004102,Kariman Prabowo,P,2021,Aktif,PRODI36,Jawa Barat,2
240004103,Rendy Prasetyo,L,2023,Aktif,PRODI29,Bengkulu,2
240004104,Siska Suryatmi,P,2021,Aktif,PRODI30,Kalimantan Timur,2
240004108,Bahuwirya Tamba,P,2022,Aktif,PRODI30,Nusa Tenggara Timur,2
240004110,Jarwadi Najmudin,L,2020,Drop Out,PRODI14,Bangka Belitung,2
240004111,Rudi Prabowo,P,2021,Aktif,PRODI07,Papua,2
240004113,Kardi Hassanah,L,2024,Aktif,PRODI07,Jambi,2
240004115,Sutan Akarsana Novitasari,P,2022,Aktif,PRODI25,Maluku,2
240004116,R.M. Martaka Suwarno,L,2022,Aktif,PRODI07,Kalimantan Timur,2
240004117,Vera Hakim,P,2024,Aktif,PRODI13,Kalimantan Timur,2
240004119,Karta Permadi,L,2023,Nonaktif,PRODI12,Maluku Utara,2
240004120,Cornelia Wibisono,L,2021,Aktif,PRODI21,Sulawesi Utara,2
240004121,Teguh Pudjiastuti,P,2020,Aktif,PRODI18,Bali,2
240004123,Gatra Sihombing,P,2021,Aktif,PRODI18,Sulawesi Tenggara,2
240004126,Gamanto Winarno,L,2024,Aktif,PRODI18,Maluku Utara,2
240004127,Laswi Pudjiastuti,L,2023,Aktif,PRODI27,Sumatera Barat,2
240004128,KH. Setya Jailani,L,2022,Aktif,PRODI25,Jambi,2
240004130,Hj. Almira Rahimah,P,2024,Aktif,PRODI07,Kalimantan Barat,2
240004132,Dalima Wahyuni,L,2021,Aktif,PRODI09,Sulawesi Selatan,1
240004133,Gatot Jailani,L,2020,Lulus,PRODI10,Kalimantan Timur,1
240004135,Jati Lestari,L,2023,Aktif,PRODI27,Jawa Barat,2
240004139,Sakura Winarno,P,2023,Aktif,PRODI12,Maluku Utara,2
240004142,Naradi Saptono,L,2023,Aktif,PRODI04,Sumatera Utara,1
240004143,R.M. Prabu Hasanah,P,2023,Aktif,PRODI14,Sulawesi Tenggara,2
240004146,Paris Puspita,L,2023,Aktif,PRODI21,Sumatera Selatan,2
240004147,Rina Prasetyo,P,2021,Aktif,PRODI12,Sumatera Barat,2
240004149,Rina Zulaika,P,2023,Aktif,PRODI11,Banten,2
240004151,drg. Darmanto Putra,P,2021,Aktif,PRODI25,Lampung,2
240004152,Kunthara Utama,L,2021,Aktif,PRODI16,Sulawesi Utara,2
240004154,Slamet Saragih,L,2022,Drop Out,PRODI18,Kalimantan Barat,2
240004155,Melinda Nababan,P,2021,Aktif,PRODI32,Sulawesi Selatan,2
240004156,Puti Kezia Susanti,P,2023,Aktif,PRODI23,Sumatera Utara,2
240004157,R. Gilang Lailasari,P,2021,Aktif,PRODI09,Bali,1
240004158,Embuh Sinaga,L,2021,Aktif,PRODI37,Lampung,2
240004159,Kemba Saragih,L,2022,Aktif,PRODI23,Kalimantan Tengah,2
240004163,T. Heryanto Nasyiah,P,2021,Aktif,PRODI27,Jawa Timur,2
240004164,Ir. Ika Laksita,P,2024,Aktif,PRODI36,Nusa Tenggara Barat,2
240004165,R.M. Lutfan Budiyanto,P,2021,Aktif,PRODI18,Sulawesi Selatan,2
240004166,Winda Damanik,L,2023,Aktif,PRODI14,DKI Jakarta,2
240004168,Artawan Marpaung,L,2023,Aktif,PRODI32,Maluku Utara,2
240004170,Eka Wahyudin,L,2024,Aktif,PRODI29,Sumatera Utara,2
240004171,Bahuraksa Wijayanti,L,2020,Lulus,PRODI29,Sulawesi Tenggara,2
240004172,drg. Wirda Sihotang,L,2023,Aktif,PRODI16,Sulawesi Tengah,2
240004174,Cut Elma Sitorus,L,2022,Aktif,PRODI23,Sulawesi Utara,2
240004176,Tania Rahimah,L,2020,Aktif,PRODI37,Sulawesi Tenggara,2
240004177,Leo Agustina,P,2021,Nonaktif,PRODI34,Banten,2
240004179,Bakianto Laksita,P,2020,Aktif,PRODI30,Nusa Tenggara Barat,2
240004180,Ina Nasyiah,P,2022,Aktif,PRODI25,Sumatera Barat,2
240004181,Among Prabowo,P,2022,Aktif,PRODI16,Sulawesi Tengah,2
240004182,Elvina Haryanto,P,2021,Aktif,PRODI30,Kalimantan Utara,2
240004184,Cici Maryati,L,2022,Aktif,PRODI10,Bangka Belitung,1
240004187,Mursinin Sihombing,P,2022,Aktif,PRODI07,Sumatera Selatan,2
240004188,Farah Jailani,L,2020,Lulus,PRODI32,Jambi,2
240004189,Fitria Wahyuni,P,2024,Aktif,PRODI09,DI Yogyakarta,1
240004192,Kasiran Sihombing,P,2023,Aktif,PRODI27,Papua Barat,2
240004193,Shania Rahimah,L,2021,Aktif,PRODI25,DKI Jakarta,2
240004194,Michelle Riyanti,L,2023,Aktif,PRODI27,Sulawesi Utara,2
240004195,Ismail Usamah,P,2022,Aktif,PRODI33,Kalimantan Selatan,2
240004196,Sabrina Pratama,P,2020,Lulus,PRODI10,Kepulauan Riau,1
240004197,Drs. Luthfi Prasetya,P,2021,Aktif,PRODI12,Nusa Tenggara Barat,2
240004205,dr. Puti Haryanto,L,2024,Aktif,PRODI30,Riau,2
240004206,R.A. Lili Natsir,P,2020,Aktif,PRODI14,Gorontalo,2
240004207,R. Fitria Hidayanto,L,2024,Aktif,PRODI09,DI Yogyakarta,1
240004208,Malika Yuliarti,L,2022,Aktif,PRODI11,Riau,2
240004209,Tari Simanjuntak,P,2024,Aktif,PRODI11,Bangka Belitung,2
240004212,Kasiran Nainggolan,P,2024,Aktif,PRODI32,Papua,2
240004214,Marsudi Permata,L,2021,Aktif,PRODI35,Kalimantan Utara,2
240004215,Bakianto Samosir,L,2022,Aktif,PRODI35,Papua Barat,2
240004217,Drs. Adhiarja Suryatmi,L,2023,Aktif,PRODI04,Banten,1
240004219,Respati Wibowo,L,2024,Aktif,PRODI07,Gorontalo,2
240004221,Dr. Kemba Hutagalung,L,2024,Aktif,PRODI04,Kalimantan Timur,1
240004222,Ir. Bancar Waskita,P,2022,Aktif,PRODI09,Kalimantan Barat,1
240004223,Nadia Wijaya,L,2020,Lulus,PRODI25,Nusa Tenggara Timur,2
240004224,Dacin Saputra,P,2021,Aktif,PRODI14,DI Yogyakarta,2
240004227,Tgk. Yoga Kurniawan,L,2022,Cuti,PRODI13,Kalimantan Utara,2
240004228,Fitriani Nurdiyanti,P,2021,Aktif,PRODI14,Kalimantan Utara,2
240004232,Yuliana Simanjuntak,P,2022,Aktif,PRODI11,Maluku Utara,2
240004233,Adiarja Zulaika,P,2020,Drop Out,PRODI07,DKI Jakarta,2
240004234,R.A. Ajeng Mandasari,P,2022,Aktif,PRODI30,Jawa Barat,2
240004236,Tgk. Salman Wijayanti,P,2023,Aktif,PRODI04,Sulawesi Selatan,1
240004237,Adhiarja Siregar,P,2022,Aktif,PRODI18,Papua,2
240004239,Tania Purnawati,P,2021,Aktif,PRODI09,Maluku Utara,1
240004242,Tina Riyanti,L,2023,Aktif,PRODI29,Nusa Tenggara Timur,2
240004243,Yuliana Palastri,P,2021,Aktif,PRODI04,Nusa Tenggara Barat,1
240004245,H. Harjo Suryono,L,2023,Aktif,PRODI37,Sulawesi Tenggara,2
240004246,Diah Yuliarti,L,2020,Lulus,PRODI14,Sulawesi Tenggara,2
240004247,R.M. Bajragin Pudjiastuti,L,2021,Aktif,PRODI14,Kalimantan Selatan,2
240004250,drg. Warji Kusumo,L,2022,Aktif,PRODI21,Bali,2
240004253,Gabriella Gunawan,P,2022,Aktif,PRODI32,Bengkulu,2
240004254,Titin Hidayanto,P,2024,Aktif,PRODI13,Maluku Utara,2
240004256,Amelia Utama,L,2020,Nonaktif,PRODI12,Kalimantan Barat,2
240004257,Tgk. Ani Damanik,P,2020,Lulus,PRODI10,Kalimantan Utara,1
240004259,Drs. Elon Aryani,P,2022,Aktif,PRODI27,Jawa Tengah,2
240004260,Tiara Utami,L,2023,Aktif,PRODI18,Sulawesi Selatan,2
240004263,R. Nadine Jailani,P,2024,Aktif,PRODI37,Jambi,2
240004265,dr. Amelia Hassanah,L,2022,Cuti,PRODI29,Maluku,2
240004267,Hani Yulianti,P,2021,Aktif,PRODI33,Gorontalo,2
240004271,Patricia Pertiwi,P,2023,Aktif,PRODI25,DKI Jakarta,2
240004272,Pandu Yolanda,P,2021,Aktif,PRODI18,Lampung,2
240004276,Prima Suryono,P,2024,Aktif,PRODI12,Gorontalo,2
240004277,Hasta Prayoga,L,2021,Aktif,PRODI18,Aceh,2
240004279,dr. Melinda Aryani,P,2024,Aktif,PRODI14,Nusa Tenggara Timur,2
240004282,Kariman Laksmiwati,L,2022,Aktif,PRODI09,Sulawesi Tenggara,1
240004287,Rosman Firgantoro,L,2024,Aktif,PRODI29,Sulawesi Selatan,2
240004288,Heryanto Palastri,L,2023,Aktif,PRODI16,Kepulauan Riau,2
240004289,Irwan Kuswandari,P,2023,Aktif,PRODI32,Gorontalo,2
240004292,Tgk. Zelaya Hartati,L,2021,Cuti,PRODI37,DKI Jakarta,2
240004293,Irma Purnawati,L,2023,Aktif,PRODI10,Sulawesi Tengah,1
240004294,T. Wasis Mulyani,L,2024,Aktif,PRODI21,Bali,2
240004295,Faizah Budiman,L,2023,Nonaktif,PRODI13,Sulawesi Selatan,2
240004296,Dono Suryatmi,P,2021,Cuti,PRODI14,Riau,2
240004297,Cahyono Waskita,L,2023,Aktif,PRODI09,Jambi,1
240004299,Warsa Sirait,L,2022,Aktif,PRODI25,Kepulauan Riau,2
240004301,drg. Paramita Haryanto,P,2020,Aktif,PRODI33,Sulawesi Utara,2
240004302,dr. Mursita Mustofa,P,2020,Lulus,PRODI37,Sumatera Utara,2
240004304,Vera Dongoran,L,2022,Aktif,PRODI14,Gorontalo,2
240004306,Cornelia Nashiruddin,L,2020,Lulus,PRODI29,Nusa Tenggara Barat,2
240004311,Fitria Wijaya,L,2021,Nonaktif,PRODI13,Sulawesi Utara,2
240004314,Ir. Yusuf Budiyanto,L,2022,Cuti,PRODI04,Bengkulu,1
240004316,Ir. Kamila Andriani,P,2021,Aktif,PRODI37,Kalimantan Timur,2
240004317,Anita Hidayat,P,2020,Cuti,PRODI27,Kalimantan Selatan,2
240004319,Iriana Najmudin,P,2023,Aktif,PRODI29,Sumatera Selatan,2
240004320,Fathonah Budiman,P,2020,Lulus,PRODI33,Jambi,2
240004321,Drs. Artawan Megantara,P,2022,Aktif,PRODI04,Kalimantan Barat,1
240004323,Opung Mayasari,P,2024,Aktif,PRODI07,Maluku,2
240004325,Heru Melani,L,2022,Aktif,PRODI27,DI Yogyakarta,2
240004327,Marwata Hutapea,P,2023,Nonaktif,PRODI27,Lampung,2
240004328,Edison Saptono,P,2023,Aktif,PRODI21,Jambi,2
240004329,Dina Handayani,L,2020,Lulus,PRODI34,Sumatera Utara,2
240004330,Kani Usamah,L,2020,Nonaktif,PRODI36,Kalimantan Barat,2
240004331,Galar Pertiwi,P,2020,Nonaktif,PRODI25,Kalimantan Selatan,2
240004333,Olivia Anggriawan,L,2022,Drop Out,PRODI04,Sumatera Selatan,1
240004334,H. Rahmat Natsir,P,2022,Aktif,PRODI21,Sulawesi Tengah,2
240004335,Warsa Permata,P,2022,Cuti,PRODI04,Kalimantan Barat,1
240004337,Keisha Waluyo,L,2023,Aktif,PRODI23,Kalimantan Tengah,2
240004338,Yuni Damanik,P,2021,Aktif,PRODI30,Lampung,2
240004345,Anita Natsir,L,2022,Aktif,PRODI07,Kalimantan Utara,2
240004346,Tgk. Intan Wijaya,L,2021,Nonaktif,PRODI12,Sumatera Selatan,2
240004347,Lalita Sitorus,P,2023,Aktif,PRODI12,Sulawesi Tenggara,2
240004348,Jane Laksita,L,2023,Aktif,PRODI25,Sulawesi Selatan,2
240004350,Prasetyo Sihombing,P,2021,Aktif,PRODI33,Sulawesi Selatan,2
240004351,dr. Cahyadi Lailasari,L,2024,Aktif,PRODI07,DI Yogyakarta,2
240004352,Gandi Manullang,P,2022,Aktif,PRODI32,Papua Barat,2
240004355,Okta Nainggolan,L,2021,Aktif,PRODI37,Sumatera Selatan,2
240004356,Dr. Kayla Wibisono,L,2023,Aktif,PRODI35,Jawa Timur,2
240004357,KH. Mahmud Budiman,P,2024,Aktif,PRODI13,Bangka Belitung,2
240004358,Shania Mandala,P,2021,Aktif,PRODI30,Kalimantan Selatan,2
240004361,Adinata Nugroho,P,2023,Aktif,PRODI32,Sumatera Selatan,2
240004363,drg. Mahesa Suwarno,P,2024,Nonaktif,PRODI23,Sulawesi Tenggara,2
240004365,Shakila Yuliarti,L,2021,Aktif,PRODI10,Jawa Barat,1
240004367,Cindy Simbolon,L,2021,Aktif,PRODI30,Gorontalo,2
240004368,Sabrina Wijayanti,P,2022,Aktif,PRODI27,Jambi,2
240004371,Tirta Andriani,L,2023,Aktif,PRODI18,Kalimantan Barat,2
240004373,Zahra Natsir,L,2020,Lulus,PRODI37,Kepulauan Riau,2
240004374,Ir. Ika Haryanti,L,2023,Aktif,PRODI30,Bali,2
240004378,Paris Natsir,L,2020,Aktif,PRODI25,Bangka Belitung,2
240004379,Fitriani Irawan,L,2024,Aktif,PRODI10,Jawa Tengah,1
240004380,Halima Utami,P,2022,Aktif,PRODI16,Bengkulu,2
240004381,Kuncara Uyainah,P,2024,Aktif,PRODI29,Sulawesi Selatan,2
240004382,Nova Astuti,L,2023,Aktif,PRODI18,Sumatera Selatan,2
240004385,Natalia Salahudin,P,2023,Aktif,PRODI07,DI Yogyakarta,2
240004389,drg. Cornelia Siregar,P,2020,Cuti,PRODI25,Gorontalo,2
240004391,Puti Mansur,L,2020,Lulus,PRODI29,Kepulauan Riau,2
240004394,Hesti Permata,L,2021,Aktif,PRODI34,Nusa Tenggara Timur,2
240004395,Lulut Utama,L,2024,Aktif,PRODI21,Sulawesi Tenggara,2
240004398,Ella Rahmawati,L,2020,Lulus,PRODI12,Sulawesi Selatan,2
240004399,Jinawi Situmorang,P,2023,Aktif,PRODI11,Nusa Tenggara Barat,2
240004401,Kenes Kusumo,L,2020,Lulus,PRODI04,DKI Jakarta,1
240004403,Aisyah Maulana,P,2022,Aktif,PRODI12,Sulawesi Selatan,2
240004404,Dagel Wahyuni,L,2024,Aktif,PRODI29,Jawa Barat,2
240004406,Danuja Agustina,L,2022,Aktif,PRODI25,Nusa Tenggara Timur,2
240004407,R. Vera Prakasa,P,2023,Aktif,PRODI21,Kalimantan Utara,2
240004410,Tgk. Sakura Halim,L,2021,Aktif,PRODI36,Sumatera Utara,2
240004412,Drs. Fitriani Haryanto,P,2023,Aktif,PRODI25,Nusa Tenggara Barat,2
240004413,Alika Wulandari,P,2022,Cuti,PRODI12,Gorontalo,2
240004414,drg. Puput Lestari,L,2022,Aktif,PRODI30,Jambi,2
240004415,dr. Gilda Natsir,L,2022,Aktif,PRODI04,Bangka Belitung,1
240004417,Rika Hardiansyah,L,2020,Aktif,PRODI14,Kalimantan Utara,2
240004418,Sutan Artawan Wijaya,L,2024,Aktif,PRODI12,Jambi,2
240004421,Zalindra Narpati,P,2022,Aktif,PRODI27,Nusa Tenggara Barat,2
240004426,Violet Maryati,P,2023,Aktif,PRODI21,Jawa Barat,2
240004427,Rina Adriansyah,L,2020,Aktif,PRODI25,Jambi,2
240004429,Tgk. Carla Pranowo,P,2024,Aktif,PRODI14,Sulawesi Selatan,2
240004430,Prasetya Lestari,P,2021,Aktif,PRODI23,Nusa Tenggara Barat,2
240004432,Umi Lailasari,P,2024,Aktif,PRODI37,Sumatera Utara,2
240004433,Drs. Viman Susanti,L,2021,Aktif,PRODI11,Jawa Barat,2
240004434,Dr. Tantri Dongoran,L,2021,Aktif,PRODI33,Sulawesi Tengah,2
240004436,Nadine Hidayanto,P,2023,Aktif,PRODI16,DKI Jakarta,2
240004437,Atma Prasetyo,P,2021,Aktif,PRODI11,Sumatera Selatan,2
240004440,Safina Santoso,L,2023,Aktif,PRODI18,Maluku,2
240004441,Queen Halimah,L,2022,Aktif,PRODI35,Kepulauan Riau,2
240004443,Cut Melinda Wahyuni,L,2024,Aktif,PRODI32,Sumatera Utara,2
240004445,Laras Firgantoro,L,2022,Aktif,PRODI30,Gorontalo,2
240004446,Eman Puspasari,L,2022,Drop Out,PRODI23,Nusa Tenggara Barat,2
240004449,Hari Anggriawan,L,2022,Aktif,PRODI23,Kalimantan Timur,2
240004452,Narji Wahyudin,L,2023,Cuti,PRODI30,Kalimantan Tengah,2
240004453,Latika Prasetya,P,2020,Lulus,PRODI27,Riau,2
240004455,Hilda Pertiwi,L,2022,Drop Out,PRODI25,Sulawesi Tenggara,2
240004457,Jamal Utami,L,2020,Lulus,PRODI14,Papua Barat,2
240004459,T. Dasa Wahyuni,L,2020,Aktif,PRODI07,DI Yogyakarta,2
240004463,Cawisono Permadi,P,2020,Aktif,PRODI13,Jawa Timur,2
240004467,Tgk. Titi Maulana,P,2021,Aktif,PRODI04,Sulawesi Barat,1
240004468,Putri Rahayu,P,2024,Cuti,PRODI07,Bangka Belitung,2
240004469,Kezia Prayoga,L,2024,Aktif,PRODI11,Kalimantan Selatan,2
240004473,Septi Rajata,P,2023,Aktif,PRODI33,Papua Barat,2
240004474,Karen Novitasari,L,2020,Aktif,PRODI37,DI Yogyakarta,2
240004475,Devi Marbun,P,2024,Aktif,PRODI14,DKI Jakarta,2
240004477,Siska Saefullah,L,2024,Aktif,PRODI27,Kalimantan Barat,2
240004480,Maya Zulkarnain,P,2024,Aktif,PRODI13,Riau,2
240004481,Maman Zulaika,P,2021,Aktif,PRODI11,Sulawesi Selatan,2
240004485,Drs. Oliva Marbun,P,2024,Cuti,PRODI11,Kalimantan Timur,2
240004487,Puput Haryanto,L,2021,Aktif,PRODI09,Sulawesi Barat,1
240004490,Hendri Pudjiastuti,L,2023,Aktif,PRODI16,Nusa Tenggara Timur,2
240004491,Farhunnisa Pertiwi,L,2021,Aktif,PRODI32,Jawa Timur,2
240004492,Ciaobella Sinaga,P,2020,Lulus,PRODI30,Nusa Tenggara Barat,2
240004493,Winda Utami,L,2021,Aktif,PRODI33,Sumatera Utara,2
240004495,Hj. Queen Natsir,L,2023,Aktif,PRODI37,Riau,2
240004498,Tirtayasa Agustina,L,2023,Aktif,PRODI14,Papua,2
240004499,Drs. Winda Mulyani,L,2024,Cuti,PRODI37,Gorontalo,2
240004502,Amelia Maryati,L,2024,Aktif,PRODI25,Kalimantan Tengah,2
240004503,Bahuraksa Mandala,L,2020,Lulus,PRODI32,Maluku Utara,2
240004505,Okto Wibisono,L,2021,Aktif,PRODI30,Sulawesi Selatan,2
240004508,Jais Winarsih,L,2023,Aktif,PRODI21,Riau,2
240004509,Legawa Situmorang,P,2021,Aktif,PRODI09,Bali,1
240004510,Gading Prastuti,L,2021,Aktif,PRODI09,Sulawesi Utara,1
240004511,Shania Marbun,P,2023,Aktif,PRODI11,Sumatera Utara,2
240004512,Niyaga Hakim,L,2023,Cuti,PRODI29,Kepulauan Riau,2
240004514,Oliva Pradipta,L,2022,Aktif,PRODI25,Bali,2
240004515,Hj. Wani Hakim,L,2022,Aktif,PRODI11,Kalimantan Selatan,2
240004519,Respati Purwanti,P,2022,Aktif,PRODI33,Sulawesi Utara,2
240004520,Sutan Anom Megantara,P,2023,Aktif,PRODI23,Jawa Timur,2
240004521,Hj. Paris Marbun,P,2024,Aktif,PRODI30,Papua,2
240004523,Ir. Wawan Hidayat,L,2024,Aktif,PRODI12,Bali,2
240004524,Dt. Jefri Aryani,L,2022,Aktif,PRODI32,Kepulauan Riau,2
240004525,Simon Mardhiyah,L,2024,Aktif,PRODI35,Sulawesi Utara,2
240004527,Ir. Ibrahim Megantara,P,2021,Aktif,PRODI30,Sulawesi Utara,2
240004529,Diah Manullang,P,2022,Aktif,PRODI18,Bangka Belitung,2
240004533,Vanesa Budiman,L,2022,Aktif,PRODI36,Jawa Timur,2
240004534,Puti Qori Uyainah,P,2021,Aktif,PRODI30,Bali,2
240004537,Patricia Pradana,P,2021,Aktif,PRODI33,DI Yogyakarta,2
240004543,Hj. Ratna Laksmiwati,L,2022,Aktif,PRODI23,Papua,2
240004545,KH. Jarwadi Mayasari,L,2020,Lulus,PRODI11,Bangka Belitung,2
240004546,Nilam Purnawati,P,2022,Aktif,PRODI36,Sumatera Selatan,2
240004547,Janet Suartini,P,2020,Aktif,PRODI29,Nusa Tenggara Barat,2
240004548,Ophelia Mahendra,P,2024,Aktif,PRODI21,Jawa Barat,2
240004549,drg. Sari Usamah,P,2021,Aktif,PRODI30,Bengkulu,2
240004553,Yulia Situmorang,L,2024,Aktif,PRODI11,Sumatera Selatan,2
240004555,Queen Yolanda,P,2020,Aktif,PRODI25,Kalimantan Utara,2
240004556,Gawati Rahayu,P,2024,Aktif,PRODI27,Kalimantan Utara,2
240004557,Aditya Habibi,L,2024,Aktif,PRODI13,Kalimantan Utara,2
240004558,Clara Wahyudin,P,2022,Aktif,PRODI36,Jawa Barat,2
240004560,Vino Susanti,P,2022,Aktif,PRODI04,Sulawesi Barat,1
240004562,Malika Rahmawati,L,2024,Aktif,PRODI21,Banten,2
240004563,drg. Jelita Maheswara,P,2023,Nonaktif,PRODI32,Kepulauan Riau,2
240004565,Ozy Wahyudin,P,2021,Aktif,PRODI14,Jawa Timur,2
240004567,Mursita Winarsih,P,2022,Aktif,PRODI36,Jambi,2
240004568,Budi Wulandari,L,2020,Nonaktif,PRODI36,Lampung,2
240004569,Cindy Rahimah,L,2023,Aktif,PRODI13,Lampung,2
240004571,Jane Prastuti,P,2022,Aktif,PRODI25,Sumatera Barat,2
240004576,Jessica Saputra,L,2020,Lulus,PRODI29,Nusa Tenggara Timur,2
240004579,Safina Riyanti,L,2021,Drop Out,PRODI07,Sumatera Barat,2
240004585,Carub Nurdiyanti,L,2024,Aktif,PRODI34,Sumatera Barat,2
240004587,Vicky Mansur,L,2021,Aktif,PRODI10,Sulawesi Barat,1
240004590,Ida Pudjiastuti,L,2023,Aktif,PRODI13,Sumatera Utara,2
240004591,Bakiono Wahyudin,L,2024,Cuti,PRODI16,Sulawesi Tenggara,2
240004593,Iriana Saragih,P,2022,Nonaktif,PRODI13,Kepulauan Riau,2
240004595,Carub Sihombing,P,2023,Aktif,PRODI29,Sumatera Barat,2
240004597,Sutan Wadi Wasita,L,2024,Aktif,PRODI11,Bali,2
240004598,Lurhur Anggriawan,P,2022,Aktif,PRODI32,Sulawesi Tenggara,2
240004599,Keisha Yuliarti,P,2020,Lulus,PRODI21,Jawa Barat,2
240004602,Tasnim Prastuti,P,2020,Lulus,PRODI12,Kalimantan Tengah,2
240004603,Tugiman Manullang,P,2020,Lulus,PRODI29,Maluku,2
240004605,Paiman Halimah,L,2020,Cuti,PRODI09,Sumatera Selatan,1
240004606,Hamima Waluyo,P,2021,Cuti,PRODI04,Jawa Barat,1
240004608,Rahmi Prasetyo,L,2024,Nonaktif,PRODI33,Kalimantan Tengah,2
240004612,Hesti Wibowo,P,2022,Aktif,PRODI34,Maluku,2
240004613,H. Kusuma Riyanti,P,2020,Lulus,PRODI37,Sulawesi Tenggara,2
240004614,Teguh Zulkarnain,L,2023,Aktif,PRODI18,Sumatera Utara,2
240004616,Drs. Bagya Pranowo,L,2023,Aktif,PRODI33,Kalimantan Barat,2
240004618,Drs. Ani Ardianto,P,2022,Aktif,PRODI35,Papua Barat,2
240004623,Edward Jailani,P,2024,Aktif,PRODI13,Nusa Tenggara Barat,2
240004624,Juli Suryono,P,2023,Aktif,PRODI23,Kalimantan Tengah,2
240004625,Kani Sihombing,P,2021,Aktif,PRODI29,Papua,2
240004626,Asmadi Hassanah,P,2020,Lulus,PRODI30,Kalimantan Timur,2
240004627,Ana Damanik,P,2021,Aktif,PRODI04,Maluku,1
240004630,Oni Adriansyah,P,2020,Nonaktif,PRODI35,Gorontalo,2
240004631,R. Galar Siregar,P,2024,Aktif,PRODI09,Bali,1
240004632,Janet Budiman,P,2023,Aktif,PRODI33,Papua Barat,2
240004634,Drs. Puji Habibi,L,2021,Aktif,PRODI23,Sumatera Barat,2
240004635,Cinthia Wacana,L,2020,Drop Out,PRODI18,Sulawesi Barat,2
240004636,Uchita Yuliarti,L,2020,Lulus,PRODI36,Kalimantan Tengah,2
240004638,Kasiyah Dongoran,P,2020,Aktif,PRODI35,Kalimantan Selatan,2
240004639,Rudi Kusmawati,P,2022,Aktif,PRODI10,Kalimantan Timur,1
240004641,Kunthara Usamah,P,2023,Aktif,PRODI13,Sumatera Barat,2
240004642,Dt. Raditya Namaga,P,2023,Aktif,PRODI27,Kalimantan Timur,2
240004643,drg. Eka Sitompul,P,2020,Lulus,PRODI11,Aceh,2
240004644,Rika Sihombing,L,2020,Lulus,PRODI12,Riau,2
240004646,Wani Hutasoit,L,2020,Lulus,PRODI30,Jawa Tengah,2
240004648,Pranata Sinaga,L,2021,Aktif,PRODI09,Jawa Tengah,1
240004649,Tgk. Tania Setiawan,L,2021,Aktif,PRODI32,DKI Jakarta,2
240004652,Titin Narpati,P,2024,Aktif,PRODI34,Banten,2
240004653,Banara Maulana,P,2024,Aktif,PRODI18,Bengkulu,2
240004655,Chandra Najmudin,L,2020,Lulus,PRODI23,Kalimantan Tengah,2
240004659,Farhunnisa Laksita,L,2022,Aktif,PRODI36,Bangka Belitung,2
240004660,Dr. Bakti Kurniawan,P,2024,Aktif,PRODI23,Gorontalo,2
240004661,Lintang Yuliarti,L,2023,Cuti,PRODI29,Jawa Timur,2
240004663,Akarsana Hassanah,L,2022,Aktif,PRODI30,Gorontalo,2
240004664,KH. Candrakanta Jailani,P,2021,Aktif,PRODI04,Gorontalo,1
240004665,Ir. Ajeng Marbun,P,2023,Aktif,PRODI34,Papua,2
240004667,Rusman Utama,L,2024,Aktif,PRODI12,Jawa Barat,2
240004669,Caket Uwais,L,2020,Cuti,PRODI30,Kalimantan Barat,2
240004670,drg. Raden Pradipta,L,2020,Lulus,PRODI12,Kalimantan Utara,2
240004671,Uda Iswahyudi,P,2023,Aktif,PRODI32,DI Yogyakarta,2
240004672,Jinawi Pertiwi,L,2021,Aktif,PRODI23,Bengkulu,2
240004674,Vega Pangestu,P,2024,Nonaktif,PRODI13,Kalimantan Timur,2
240004676,Zizi Saragih,L,2021,Aktif,PRODI16,Sumatera Utara,2
240004678,Gantar Widodo,P,2023,Aktif,PRODI30,Kepulauan Riau,2
240004681,Waluyo Mayasari,P,2023,Aktif,PRODI37,Papua,2
240004682,Vanya Situmorang,L,2021,Aktif,PRODI11,Bangka Belitung,2
240004683,Aisyah Tarihoran,P,2023,Aktif,PRODI09,Sumatera Selatan,1
240004685,Gantar Aryani,L,2022,Aktif,PRODI35,Kepulauan Riau,2
240004686,R.M. Jaya Sitorus,L,2021,Nonaktif,PRODI21,Bangka Belitung,2
240004687,Dt. Wawan Hastuti,L,2020,Lulus,PRODI35,Kalimantan Selatan,2
240004688,Ratna Prayoga,L,2021,Nonaktif,PRODI07,Papua,2
240004689,Sutan Balamantri Pertiwi,P,2022,Aktif,PRODI10,Sumatera Barat,1
240004693,Ir. Kasiran Rahayu,P,2023,Aktif,PRODI09,Jawa Barat,1
240004696,Azalea Andriani,P,2021,Aktif,PRODI09,Jawa Barat,1
240004697,Daliono Usada,L,2021,Aktif,PRODI04,Kalimantan Barat,1
240004699,Kawaca Budiyanto,L,2021,Aktif,PRODI29,Sulawesi Selatan,2
240004700,drg. Hani Yuliarti,L,2020,Drop Out,PRODI35,Sumatera Barat,2
240004701,Rizki Tarihoran,P,2020,Lulus,PRODI25,Jambi,2
240004703,Ulva Wibisono,P,2020,Aktif,PRODI30,Bengkulu,2
240004704,Cici Lailasari,L,2023,Aktif,PRODI37,Papua,2
240004705,Yuni Rahayu,L,2021,Aktif,PRODI21,Jambi,2
240004706,Amalia Nasyidah,L,2020,Lulus,PRODI35,Jawa Timur,2
240004708,Yance Kuswandari,P,2023,Aktif,PRODI09,Sumatera Selatan,1
240004709,Nurul Damanik,L,2020,Nonaktif,PRODI32,Jawa Tengah,2
240004711,Mumpuni Sihombing,P,2021,Nonaktif,PRODI10,Nusa Tenggara Barat,1
240004714,Gada Nababan,P,2020,Lulus,PRODI04,Maluku,1
240004715,Artawan Ardianto,L,2021,Aktif,PRODI36,DI Yogyakarta,2
240004717,Faizah Suryono,L,2022,Aktif,PRODI27,Nusa Tenggara Barat,2
240004718,Gandewa Iswahyudi,P,2022,Aktif,PRODI11,Bangka Belitung,2
240004720,Juli Usada,L,2022,Aktif,PRODI25,Sumatera Selatan,2
240004721,Hj. Rachel Susanti,L,2021,Aktif,PRODI09,Maluku Utara,1
240004724,Kadir Suryono,P,2024,Aktif,PRODI34,Sulawesi Barat,2
240004725,H. Gaduh Sitompul,L,2022,Aktif,PRODI37,Papua Barat,2
240004726,Asmadi Purnawati,P,2021,Aktif,PRODI36,Gorontalo,2
240004727,Tgk. Garan Hidayat,P,2021,Aktif,PRODI04,Jawa Tengah,1
240004731,Ulva Prakasa,P,2022,Aktif,PRODI27,Nusa Tenggara Barat,2
240004732,H. Estiono Prasetya,L,2024,Aktif,PRODI04,Banten,1
240004734,Drs. Farhunnisa Mulyani,L,2024,Aktif,PRODI21,Bangka Belitung,2
240004736,Lutfan Yuliarti,P,2022,Cuti,PRODI33,Sulawesi Barat,2
240004738,Farhunnisa Palastri,P,2022,Aktif,PRODI29,Jawa Tengah,2
240004740,Anom Gunarto,L,2020,Aktif,PRODI29,Sulawesi Tengah,2
240004743,Sutan Anggabaya Prasetya,P,2021,Aktif,PRODI21,Aceh,2
240004744,dr. Samiah Thamrin,L,2022,Drop Out,PRODI25,Nusa Tenggara Timur,2
240004746,Okta Widodo,L,2020,Lulus,PRODI35,Kepulauan Riau,2
240004747,Rika Hutagalung,P,2024,Aktif,PRODI18,Jambi,2
240004748,Langgeng Sihombing,P,2023,Cuti,PRODI14,Nusa Tenggara Timur,2
240004750,Bahuraksa Agustina,P,2020,Lulus,PRODI14,Bengkulu,2
240004751,Fathonah Firmansyah,L,2020,Lulus,PRODI18,Papua,2
240004752,Heru Prasasta,L,2023,Drop Out,PRODI33,Sulawesi Tenggara,2
240004754,Nasim Wijayanti,P,2023,Aktif,PRODI27,Sulawesi Tenggara,2
240004755,Galur Irawan,P,2024,Aktif,PRODI33,Aceh,2
240004756,Darman Pudjiastuti,L,2023,Aktif,PRODI32,Bengkulu,2
240004758,drg. Adikara Pradipta,L,2023,Aktif,PRODI04,Kalimantan Timur,1
240004760,Puti Gilda Simbolon,P,2020,Lulus,PRODI10,Sulawesi Tengah,1
240004763,Raharja Sinaga,P,2020,Cuti,PRODI07,Kalimantan Selatan,2
240004764,dr. Ami Pratama,L,2024,Aktif,PRODI07,Kalimantan Barat,2
240004765,Kajen Farida,P,2024,Aktif,PRODI23,Bali,2
240004766,Carla Suryono,P,2022,Nonaktif,PRODI12,Kalimantan Barat,2
240004767,Samsul Sihombing,L,2021,Aktif,PRODI35,Sulawesi Barat,2
240004768,T. Harjasa Nasyidah,L,2022,Aktif,PRODI27,Sulawesi Utara,2
240004771,Hilda Sinaga,L,2022,Aktif,PRODI23,Kepulauan Riau,2
240004774,Puti Ciaobella Haryanto,P,2024,Aktif,PRODI16,Bali,2
240004777,Prayoga Laksmiwati,P,2021,Aktif,PRODI14,Sumatera Barat,2
240004778,Yunita Najmudin,P,2022,Aktif,PRODI16,Nusa Tenggara Barat,2
240004779,Artanto Laksita,L,2024,Aktif,PRODI12,Lampung,2
240004780,Sutan Artanto Kusumo,P,2020,Lulus,PRODI10,Gorontalo,1
240004781,Ganep Rahayu,L,2023,Aktif,PRODI27,Maluku Utara,2
240004782,Lurhur Wibowo,P,2024,Aktif,PRODI36,Papua Barat,2
240004783,Olivia Gunawan,P,2024,Aktif,PRODI11,Kalimantan Utara,2
240004784,Kamila Anggriawan,L,2023,Cuti,PRODI13,Sulawesi Tenggara,2
240004788,Fitriani Maryadi,L,2020,Lulus,PRODI07,Bali,2
240004789,Hafshah Marbun,P,2020,Lulus,PRODI16,Sulawesi Utara,2
240004790,drg. Elisa Mustofa,L,2021,Cuti,PRODI11,Sumatera Barat,2
240004791,Ismail Ardianto,P,2022,Aktif,PRODI23,Kalimantan Selatan,2
240004792,Kania Sitompul,P,2023,Aktif,PRODI04,Nusa Tenggara Timur,1
240004794,Raden Kusmawati,L,2023,Aktif,PRODI07,Jawa Tengah,2
240004795,Belinda Sitompul,P,2021,Aktif,PRODI10,Bengkulu,1
240004796,drg. Hari Sihombing,P,2020,Drop Out,PRODI04,Kalimantan Barat,1
240004797,KH. Ihsan Napitupulu,L,2022,Aktif,PRODI27,DKI Jakarta,2
240004799,Kardi Nababan,P,2024,Aktif,PRODI14,Sulawesi Tengah,2
240004801,Irma Fujiati,L,2020,Aktif,PRODI11,Banten,2
240004802,Ir. Nyana Ardianto,P,2023,Aktif,PRODI16,Sumatera Selatan,2
240004806,Paulin Mandasari,P,2023,Aktif,PRODI29,Riau,2
240004807,Surya Hutasoit,L,2021,Aktif,PRODI29,Sulawesi Selatan,2
240004811,Rika Ramadan,P,2023,Aktif,PRODI07,DI Yogyakarta,2
240004812,Mitra Winarsih,P,2024,Aktif,PRODI23,Bengkulu,2
240004813,Aditya Laksita,P,2023,Aktif,PRODI37,Maluku,2
240004814,Tgk. Dodo Waskita,L,2024,Cuti,PRODI35,Nusa Tenggara Barat,2
240004815,Uchita Sihombing,L,2024,Nonaktif,PRODI21,Kalimantan Tengah,2
240004816,R. Cemplunk Winarsih,L,2021,Aktif,PRODI14,Bengkulu,2
240004817,Dt. Liman Saputra,P,2023,Aktif,PRODI27,DKI Jakarta,2
240004818,Agnes Saefullah,P,2022,Aktif,PRODI07,DI Yogyakarta,2
240004820,Yani Marbun,L,2020,Lulus,PRODI04,Jambi,1
240004821,T. Kunthara Manullang,L,2020,Lulus,PRODI10,Sumatera Barat,1
240004822,R. Tami Haryanto,P,2021,Aktif,PRODI07,Papua Barat,2
240004823,Kalim Budiyanto,P,2024,Aktif,PRODI36,Kepulauan Riau,2
240004825,Puti Yulia Mulyani,L,2020,Nonaktif,PRODI13,Sumatera Barat,2
240004827,Amalia Zulkarnain,L,2024,Aktif,PRODI32,Gorontalo,2
240004830,Lanjar Sihombing,L,2020,Aktif,PRODI04,Gorontalo,1
240004833,Kurnia Suwarno,P,2021,Aktif,PRODI36,Nusa Tenggara Barat,2
240004837,R.A. Karen Nasyiah,L,2024,Aktif,PRODI09,DKI Jakarta,1
240004838,Gamblang Permadi,P,2024,Aktif,PRODI07,Kalimantan Tengah,2
240004839,Capa Uwais,L,2021,Aktif,PRODI07,Riau,2
240004841,Genta Uyainah,P,2020,Aktif,PRODI07,Maluku,2
240004843,Emong Hutasoit,P,2020,Drop Out,PRODI21,Riau,2
240004845,Raden Hastuti,L,2021,Aktif,PRODI33,Kalimantan Utara,2
240004846,Halim Santoso,P,2024,Aktif,PRODI21,Sulawesi Tenggara,2
240004847,Bancar Hariyah,L,2023,Aktif,PRODI14,Gorontalo,2
240004848,Rafi Pratiwi,P,2024,Aktif,PRODI18,Sulawesi Utara,2
240004849,Saadat Mangunsong,P,2020,Lulus,PRODI33,DI Yogyakarta,2
240004851,Cut Calista Lestari,P,2020,Aktif,PRODI29,Papua,2
240004852,Gangsa Purwanti,P,2020,Lulus,PRODI09,Kalimantan Timur,1
240004853,Vera Wasita,L,2024,Aktif,PRODI30,Bengkulu,2
240004859,Nadia Padmasari,L,2020,Lulus,PRODI18,Sulawesi Tengah,2
240004861,Parman Fujiati,L,2023,Aktif,PRODI13,Jawa Timur,2
240004865,Maimunah Mandasari,P,2023,Aktif,PRODI25,Kepulauan Riau,2
240004867,Purwa Wacana,L,2023,Aktif,PRODI30,Kalimantan Timur,2
240004869,Ida Laksita,P,2024,Aktif,PRODI32,Kalimantan Utara,2
240004870,H. Catur Nababan,P,2022,Aktif,PRODI10,Sumatera Utara,1
240004871,Bakidin Marbun,L,2023,Aktif,PRODI04,Nusa Tenggara Barat,1
240004877,Elisa Kurniawan,P,2024,Aktif,PRODI18,Sumatera Utara,2
240004880,Farhunnisa Januar,P,2022,Aktif,PRODI35,Sulawesi Barat,2
240004881,Puti Jasmin Sudiati,P,2021,Aktif,PRODI10,Kalimantan Selatan,1
240004885,Drs. Prayitna Lestari,P,2023,Aktif,PRODI23,Jawa Timur,2
240004887,Ajiman Waluyo,L,2024,Aktif,PRODI35,Sumatera Barat,2
240004888,Syahrini Wahyuni,L,2024,Aktif,PRODI36,Kalimantan Selatan,2
240004891,R. Pangeran Budiyanto,L,2023,Aktif,PRODI16,Sumatera Selatan,2
240004893,Tantri Aryani,L,2024,Aktif,PRODI36,Lampung,2
240004894,Martana Budiyanto,L,2021,Aktif,PRODI29,Maluku,2
240004895,dr. Nilam Jailani,L,2023,Aktif,PRODI14,Nusa Tenggara Barat,2
240004896,dr. Daliman Hartati,L,2024,Aktif,PRODI36,Sumatera Selatan,2
240004897,drg. Ade Wasita,P,2020,Lulus,PRODI21,Kalimantan Utara,2
240004898,Shakila Anggraini,L,2021,Aktif,PRODI34,Sulawesi Barat,2
240004901,Ir. Najib Yolanda,P,2023,Aktif,PRODI36,Bengkulu,2
240004909,KH. Jefri Sitorus,P,2024,Aktif,PRODI13,Bengkulu,2
240004911,Drs. Sadina Rahmawati,L,2020,Lulus,PRODI13,Jawa Tengah,2
240004914,Kariman Andriani,P,2021,Aktif,PRODI35,Jawa Tengah,2
240004919,Hani Rahayu,P,2024,Nonaktif,PRODI35,Sumatera Barat,2
240004921,Salwa Wijaya,L,2024,Aktif,PRODI36,Sulawesi Tengah,2
240004922,Tgk. Anita Manullang,L,2022,Aktif,PRODI04,Nusa Tenggara Timur,1
240004925,Ir. Wulan Tamba,L,2024,Nonaktif,PRODI29,Sumatera Barat,2
240004930,Dadi Tamba,P,2023,Aktif,PRODI33,Kalimantan Selatan,2
240004931,Nasab Maulana,L,2022,Cuti,PRODI32,Jawa Timur,2
240004933,dr. Sabar Sihombing,P,2024,Aktif,PRODI18,Gorontalo,2
240004934,Edward Susanti,P,2020,Aktif,PRODI10,Jawa Timur,1
240004935,KH. Chandra Prasetya,L,2024,Aktif,PRODI33,Maluku,2
240004939,Tina Gunarto,P,2021,Aktif,PRODI21,Jawa Barat,2
240004942,R. Atma Maryadi,L,2024,Aktif,PRODI27,DI Yogyakarta,2
240004946,Harjo Salahudin,P,2023,Aktif,PRODI10,Bangka Belitung,1
240004948,Sutan Gandi Hardiansyah,L,2021,Aktif,PRODI18,Jambi,2
240004949,Ivan Kusmawati,P,2022,Aktif,PRODI16,Sumatera Utara,2
240004952,Diana Astuti,L,2020,Aktif,PRODI21,Jambi,2
240004955,Ibrahim Hutagalung,L,2023,Aktif,PRODI21,Sumatera Selatan,2
240004956,Syahrini Astuti,P,2023,Aktif,PRODI12,DKI Jakarta,2
240004957,Humaira Permata,L,2021,Aktif,PRODI33,Jambi,2
240004958,Puti Zaenab Situmorang,P,2024,Aktif,PRODI18,Bangka Belitung,2
240004959,Jayadi Sudiati,P,2024,Aktif,PRODI12,DI Yogyakarta,2
240004960,drg. Fitria Napitupulu,P,2024,Aktif,PRODI11,Riau,2
240004961,Budi Prastuti,P,2021,Aktif,PRODI27,Lampung,2
240004962,Yusuf Anggraini,L,2021,Aktif,PRODI16,Nusa Tenggara Timur,2
240004964,Raden Nasyiah,P,2024,Cuti,PRODI16,Nusa Tenggara Timur,2
240004965,Tgk. Genta Prasetyo,L,2022,Aktif,PRODI12,Jawa Tengah,2
240004967,Pia Prasetyo,L,2020,Drop Out,PRODI18,Sulawesi Barat,2
240004968,Ulva Namaga,L,2021,Aktif,PRODI07,Papua Barat,2
240004970,Emil Tarihoran,L,2020,Aktif,PRODI29,Bengkulu,2
240004972,Banara Lestari,P,2022,Aktif,PRODI10,Jawa Barat,1
240004975,Qori Riyanti,P,2020,Lulus,PRODI32,Kepulauan Riau,2
240004979,Fitriani Pangestu,P,2023,Aktif,PRODI36,Bali,2
240004980,Vinsen Sinaga,P,2020,Lulus,PRODI23,Riau,2
240004981,Intan Kuswandari,P,2023,Aktif,PRODI34,Nusa Tenggara Barat,2
240004982,Genta Prabowo,P,2021,Aktif,PRODI10,Papua,1
240004983,Kusuma Pranowo,P,2022,Aktif,PRODI09,Jawa Tengah,1
240004984,Lurhur Purnawati,L,2023,Cuti,PRODI04,Maluku Utara,1
240004985,Sutan Nyoman Yulianti,P,2020,Lulus,PRODI18,Kalimantan Utara,2
240004988,Ir. Purwadi Suartini,P,2021,Aktif,PRODI13,Sulawesi Tengah,2
240004989,Asman Palastri,P,2020,Lulus,PRODI36,Sumatera Barat,2
240004990,R.M. Prabu Puspasari,L,2021,Aktif,PRODI18,Sulawesi Selatan,2
240004992,Rahmi Tampubolon,L,2021,Aktif,PRODI32,Gorontalo,2
240004993,Septi Napitupulu,P,2020,Aktif,PRODI13,Kalimantan Barat,2
240004994,Lanang Firmansyah,L,2020,Nonaktif,PRODI23,Kalimantan Tengah,2
240004995,Dr. Yusuf Suryatmi,L,2022,Aktif,PRODI12,Papua Barat,2
240004997,Kacung Wacana,P,2020,Cuti,PRODI25,Jawa Timur,2
240004999,Legawa Hutagalung,P,2021,Aktif,PRODI35,Kalimantan Utara,2
240005000,Oliva Puspasari (Baru),P,2023,Aktif,PRODI07,Jawa Barat,2
240005001,Wirda Farida (Baru),L,2023,Aktif,PRODI07,Sumatera Utara,2
240005002,Belinda Wahyuni (Baru),L,2024,Aktif,PRODI32,Jawa Barat,2
240005003,Kayla Budiman (Baru),L,2023,Aktif,PRODI11,Jawa Timur,2
240005004,dr. Cahyadi Lailasari,L,2024,Nonaktif,PRODI07,Kalimantan Selatan,2
240005005,Ganep Rahayu (Baru),L,2023,Aktif,PRODI27,Sumatera Utara,2
240005006,Dt. Jefri Aryani (Baru),L,2022,Aktif,PRODI32,Sulawesi Utara,2
240005007,Daliono Usada (Baru),L,2021,Aktif,PRODI04,Nusa Tenggara Timur,1
240005008,Iriana Tarihoran,P,2024,Aktif,PRODI18,Sumatera Barat,2
240005009,Kayla Prabowo (Baru),L,2022,Drop Out,PRODI35,Nusa Tenggara Barat,2
240005010,Prasetyo Yuniar,P,2021,Aktif,PRODI04,Nusa Tenggara Barat,1
240005011,Daruna Situmorang,P,2024,Aktif,PRODI23,Maluku,2
240005012,Gamblang Permadi (Baru),P,2024,Aktif,PRODI07,Kalimantan Selatan,2
240005013,Aisyah Puspasari (Baru),L,2020,Lulus,PRODI36,DKI Jakarta,2
240005014,Yani Firgantoro (Baru),L,2020,Lulus,PRODI16,Lampung,2
240005015,Paulin Pertiwi (Baru),L,2023,Aktif,PRODI32,Lampung,2
240005016,drg. Raden Pradipta (Baru),L,2020,Aktif,PRODI12,Jambi,2
240005017,Dr. Fitria Najmudin,L,2021,Aktif,PRODI07,Riau,2
240005018,dr. Bella Susanti,P,2020,Aktif,PRODI29,Sulawesi Tenggara,2
240005019,H. Kusuma Riyanti (Baru),P,2020,Cuti,PRODI37,Papua,2
240005020,R. Banara Putra,P,2022,Aktif,PRODI10,Maluku Utara,1
240005021,drg. Kunthara Susanti (Baru),L,2024,Aktif,PRODI14,Sulawesi Barat,2
240005022,Aisyah Tarihoran (Baru),P,2023,Aktif,PRODI09,Papua Barat,1
240005023,Usyi Rahmawati (Baru),P,2022,Aktif,PRODI09,DI Yogyakarta,1
240005024,Ir. Kamila Andriani,P,2021,Aktif,PRODI37,Bengkulu,2
240005025,Ifa Wijaya,L,2022,Aktif,PRODI16,Jawa Barat,2
240005026,R. Intan Aryani (Baru),P,2024,Aktif,PRODI13,Riau,2
240005027,Nurul Wijayanti (Baru),L,2023,Aktif,PRODI10,Kepulauan Riau,1
240005028,Sutan Ibrani Wulandari,L,2024,Aktif,PRODI34,Kalimantan Utara,2
240005029,Devi Mangunsong (Baru),P,2022,Cuti,PRODI30,Jawa Timur,2
240005030,Ir. Ivan Tampubolon (Baru),P,2022,Nonaktif,PRODI36,Gorontalo,2
240005031,Hj. Zalindra Santoso (Baru),L,2024,Aktif,PRODI33,Nusa Tenggara Timur,2
240005032,Sutan Ega Rahimah (Baru),P,2021,Cuti,PRODI35,Banten,2
240005033,Kuncara Hasanah (Baru),L,2020,Lulus,PRODI16,Banten,2
240005034,Drs. Erik Permadi,L,2021,Aktif,PRODI09,Kalimantan Barat,1
240005035,Puti Ella Anggriawan,P,2021,Aktif,PRODI23,Sulawesi Tenggara,2
240005036,Dinda Wibowo (Baru),L,2020,Lulus,PRODI32,Nusa Tenggara Timur,2
240005037,Rendy Setiawan (Baru),L,2024,Aktif,PRODI11,Maluku Utara,2
240005038,Gandi Sirait,L,2023,Aktif,PRODI25,Bengkulu,2
240005039,Ir. Farah Wastuti,L,2024,Aktif,PRODI10,Gorontalo,1
240005040,Oliva Uyainah,L,2023,Aktif,PRODI09,Riau,1
240005041,Ani Kuswandari (Baru),P,2021,Aktif,PRODI16,Bangka Belitung,2
240005042,Paramita Lazuardi,P,2022,Aktif,PRODI32,Lampung,2
240005043,Budi Prastuti (Baru),P,2021,Aktif,PRODI27,Riau,2
240005044,Jamil Permadi (Baru),P,2021,Aktif,PRODI33,Gorontalo,2
240005045,Ir. Lamar Wahyuni (Baru),L,2020,Nonaktif,PRODI32,Kalimantan Tengah,2
240005046,Daliman Thamrin (Baru),P,2021,Aktif,PRODI14,Aceh,2
240005047,Galiono Latupono (Baru),P,2020,Lulus,PRODI34,Sulawesi Barat,2
240005048,Murti Santoso (Baru),P,2023,Aktif,PRODI14,Papua Barat,2
240005049,Sutan Akarsana Novitasari,P,2022,Aktif,PRODI25,Sulawesi Selatan,2
240005050,Hani Permadi (Baru),P,2020,Lulus,PRODI25,Bengkulu,2
240005051,Jais Winarsih (Baru),L,2023,Aktif,PRODI21,Kalimantan Barat,2
240005052,Taswir Agustina (Baru),P,2021,Aktif,PRODI12,Nusa Tenggara Timur,2
240005053,Nilam Purnawati (Baru),P,2022,Aktif,PRODI36,Jawa Timur,2
240005054,Julia Santoso (Baru),L,2020,Lulus,PRODI07,Jambi,2
240005055,Atmaja Wahyudin (Baru),L,2021,Aktif,PRODI10,Sulawesi Utara,1
240005056,Dalima Wahyuni,L,2021,Aktif,PRODI09,Kalimantan Tengah,1
240005057,Warsa Usada (Baru),P,2024,Aktif,PRODI04,Papua,1
240005058,H. Candrakanta Firmansyah,P,2023,Aktif,PRODI37,Jambi,2
240005059,Ir. Ulva Farida (Baru),L,2024,Aktif,PRODI12,Sumatera Utara,2
240005060,Ghani Nashiruddin (Baru),P,2024,Aktif,PRODI14,Kalimantan Tengah,2
240005061,Vino Gunarto (Baru),P,2021,Aktif,PRODI36,Kalimantan Tengah,2
240005062,Gangsar Padmasari,P,2022,Aktif,PRODI09,Jambi,1
240005063,Ilyas Yuliarti (Baru),P,2021,Aktif,PRODI30,Lampung,2
240005064,Wahyu Sirait (Baru),L,2024,Aktif,PRODI13,Papua Barat,2
240005065,Drs. Umi Hassanah (Baru),L,2024,Cuti,PRODI36,Maluku Utara,2
240005066,Tira Narpati (Baru),P,2023,Aktif,PRODI21,Banten,2
240005067,Febi Pradana (Baru),P,2024,Aktif,PRODI18,Jambi,2
240005068,Kacung Utami,P,2023,Aktif,PRODI07,Banten,2
240005069,Raden Kurniawan (Baru),P,2020,Lulus,PRODI14,Jawa Tengah,2
240005070,Suci Sudiati (Baru),L,2023,Aktif,PRODI23,Kalimantan Tengah,2
240005071,Faizah Megantara (Baru),P,2021,Aktif,PRODI29,Maluku Utara,2
240005072,Kasiran Simanjuntak (Baru),L,2024,Aktif,PRODI13,Kepulauan Riau,2
240005073,Puti Yulia Mulyani (Baru),L,2020,Nonaktif,PRODI13,Maluku,2
240005074,Genta Uyainah (Baru),P,2020,Aktif,PRODI07,Jawa Timur,2
240005075,Dian Prasetya (Baru),L,2024,Aktif,PRODI18,Banten,2
240005076,Tgk. Faizah Utama,P,2020,Lulus,PRODI18,Kalimantan Tengah,2
240005077,drg. Setya Pratama,L,2021,Aktif,PRODI23,Jawa Tengah,2
240005078,Kunthara Purnawati (Baru),P,2020,Lulus,PRODI10,Kalimantan Timur,1
240005079,Yuliana Damanik (Baru),L,2023,Aktif,PRODI32,Bangka Belitung,2
240005080,Fitriani Nurdiyanti (Baru),P,2021,Aktif,PRODI14,Sumatera Utara,2
240005081,Kanda Lazuardi (Baru),L,2023,Aktif,PRODI09,Nusa Tenggara Barat,1
240005082,R.A. Salimah Nuraini (Baru),P,2021,Aktif,PRODI12,Nusa Tenggara Barat,2
240005083,Gatra Maheswara,P,2024,Aktif,PRODI25,Banten,2
240005084,Ani Megantara (Baru),L,2024,Aktif,PRODI10,Sumatera Utara,1
240005085,Harsaya Utama (Baru),L,2024,Cuti,PRODI36,Sumatera Utara,2
240005086,Prasetya Nuraini (Baru),P,2024,Aktif,PRODI14,Kalimantan Barat,2
240005087,Harja Nugroho (Baru),P,2023,Aktif,PRODI35,Sulawesi Utara,2
240005088,drg. Teguh Setiawan (Baru),L,2022,Aktif,PRODI14,Kalimantan Timur,2
240005089,Edward Permadi,L,2021,Nonaktif,PRODI25,Jawa Barat,2
240005090,Kasusra Wahyuni (Baru),P,2020,Lulus,PRODI33,Papua,2
240005091,Latika Melani (Baru),L,2020,Lulus,PRODI16,Kalimantan Selatan,2
240005092,Novi Aryani (Baru),P,2021,Aktif,PRODI25,Nusa Tenggara Barat,2
240005093,Ratna Marpaung (Baru),L,2020,Lulus,PRODI37,Gorontalo,2
240005094,Nasim Purnawati (Baru),L,2020,Lulus,PRODI25,Sulawesi Tenggara,2
240005095,Zizi Laksmiwati,P,2024,Aktif,PRODI18,Aceh,2
240005096,Julia Mandasari (Baru),L,2024,Aktif,PRODI37,Kepulauan Riau,2
240005097,Ciaobella Wulandari (Baru),P,2022,Aktif,PRODI27,Kalimantan Barat,2
240005098,Martana Hakim (Baru),P,2020,Aktif,PRODI27,Sulawesi Utara,2
240005099,Puspa Januar,P,2020,Cuti,PRODI12,DKI Jakarta,2
240005100,Cinthia Wijaya (Baru),P,2024,Aktif,PRODI25,Kalimantan Utara,2
240005101,Teddy Lazuardi (Baru),P,2020,Lulus,PRODI09,Kalimantan Tengah,1
240005102,Salsabila Kurniawan (Baru),L,2021,Aktif,PRODI29,Bali,2
240005103,Azalea Andriani (Baru),P,2021,Aktif,PRODI09,Riau,1
240005104,Ellis Wastuti (Baru),L,2024,Aktif,PRODI25,Maluku Utara,2
240005105,Kajen Farida,P,2024,Aktif,PRODI23,Sulawesi Utara,2
240005106,Ir. Najib Hakim (Baru),P,2022,Aktif,PRODI36,Sulawesi Tenggara,2
240005107,Farhunnisa Ramadan,L,2021,Aktif,PRODI27,Maluku Utara,2
240005108,Jayeng Saefullah (Baru),P,2020,Lulus,PRODI09,Lampung,1
240005109,Bajragin Thamrin (Baru),L,2022,Aktif,PRODI04,Papua Barat,1
240005110,Yessi Mandasari (Baru),L,2024,Aktif,PRODI34,Jambi,2
240005111,Kardi Nababan,P,2024,Aktif,PRODI14,Riau,2
240005112,Septi Napitupulu (Baru),P,2020,Lulus,PRODI13,Sulawesi Tenggara,2
240005113,Ir. Kamila Andriani,P,2021,Aktif,PRODI37,Maluku,2
240005114,Ratih Zulkarnain (Baru),L,2021,Aktif,PRODI07,Jawa Timur,2
240005115,R.A. Citra Astuti (Baru),L,2021,Aktif,PRODI27,Nusa Tenggara Timur,2
240005116,Tgk. Pia Sitompul,P,2022,Aktif,PRODI35,Gorontalo,2
240005117,Kania Mangunsong,P,2023,Aktif,PRODI33,Kalimantan Barat,2
240005118,drg. Gilda Manullang,L,2024,Aktif,PRODI12,Kepulauan Riau,2
240005119,Yessi Wibisono (Baru),L,2023,Aktif,PRODI23,Jawa Tengah,2
240005120,Shakila Handayani,L,2024,Aktif,PRODI11,Sumatera Utara,2
240005121,Dr. Michelle Kuswoyo (Baru),P,2020,Lulus,PRODI07,Jawa Barat,2
240005122,Sarah Sitorus (Baru),P,2021,Aktif,PRODI13,Jawa Timur,2
240005123,Iriana Uyainah (Baru),L,2023,Aktif,PRODI04,DI Yogyakarta,1
240005124,Ophelia Hasanah,P,2023,Aktif,PRODI30,Sulawesi Tenggara,2
240005125,Najwa Hidayat,P,2021,Nonaktif,PRODI37,Jambi,2
240005126,Gantar Aryani (Baru),L,2022,Aktif,PRODI35,Jambi,2
240005127,Gamani Firmansyah (Baru),L,2021,Aktif,PRODI12,Bengkulu,2
240005128,Paulin Tarihoran (Baru),P,2024,Aktif,PRODI04,DKI Jakarta,1
240005129,Septi Situmorang (Baru),P,2022,Aktif,PRODI35,Sumatera Barat,2
240005130,Sutan Gamanto Hasanah (Baru),P,2024,Aktif,PRODI16,Gorontalo,2
240005131,Ir. Diah Megantara (Baru),P,2024,Aktif,PRODI09,Jawa Timur,1
240005132,Lutfan Padmasari (Baru),L,2020,Lulus,PRODI04,Riau,1
240005133,Wakiman Nababan (Baru),L,2020,Lulus,PRODI36,Riau,2
240005134,Nabila Lazuardi (Baru),L,2024,Cuti,PRODI34,Nusa Tenggara Barat,2
240005135,Dian Maryati (Baru),P,2024,Aktif,PRODI09,Jawa Barat,1
240005136,KH. Harto Napitupulu (Baru),L,2023,Aktif,PRODI10,Jawa Tengah,1
240005137,Joko Marbun (Baru),P,2022,Cuti,PRODI14,Kalimantan Utara,2
240005138,Eka Hidayanto (Baru),L,2023,Aktif,PRODI33,Kalimantan Tengah,2
240005139,Febi Permata (Baru),L,2020,Lulus,PRODI13,Jambi,2
240005140,Shakila Anggraini (Baru),L,2021,Aktif,PRODI34,Sulawesi Selatan,2
240005141,H. Wakiman Waluyo (Baru),L,2022,Aktif,PRODI27,Maluku Utara,2
240005142,Mustika Halim (Baru),L,2023,Aktif,PRODI30,Kalimantan Timur,2
240005143,Febi Permata (Baru),L,2020,Nonaktif,PRODI13,DI Yogyakarta,2
240005144,Agnes Saragih (Baru),L,2020,Lulus,PRODI32,Bengkulu,2
240005145,Queen Yolanda (Baru),P,2020,Lulus,PRODI25,Jawa Barat,2
240005146,Sarah Haryanto,L,2024,Aktif,PRODI04,Nusa Tenggara Barat,1
240005147,Ir. Cahya Mangunsong (Baru),L,2022,Aktif,PRODI29,Sulawesi Utara,2
240005148,Ir. Tedi Sirait,P,2023,Aktif,PRODI37,Banten,2
240005149,Drs. Icha Pranowo,L,2020,Aktif,PRODI13,Jawa Barat,2
240005150,Lutfan Yuliarti (Baru),P,2022,Aktif,PRODI33,Kalimantan Timur,2
240005151,Hafshah Riyanti (Baru),P,2021,Aktif,PRODI10,Sulawesi Utara,1
240005152,R.A. Lidya Mulyani,P,2024,Aktif,PRODI32,Maluku,2
240005153,R. Yoga Siregar,L,2020,Aktif,PRODI35,Sulawesi Utara,2
240005154,Cinthia Hutapea (Baru),L,2022,Aktif,PRODI34,Banten,2
240005155,Dinda Wibowo (Baru),L,2020,Lulus,PRODI32,Jawa Tengah,2
240005156,Sutan Gamanto Hasanah (Baru),P,2024,Aktif,PRODI16,Sulawesi Tenggara,2
240005157,Lantar Halim (Baru),L,2023,Aktif,PRODI21,Nusa Tenggara Barat,2
240005158,Balijan Pradana (Baru),P,2022,Nonaktif,PRODI04,Bali,1
240005159,Jarwi Maryadi (Baru),P,2022,Aktif,PRODI29,Nusa Tenggara Barat,2
240005160,Taufik Hastuti (Baru),L,2020,Lulus,PRODI14,Sulawesi Tenggara,2
240005161,drg. Jarwa Riyanti,P,2024,Aktif,PRODI36,Nusa Tenggara Timur,2
240005162,Unjani Zulaika (Baru),P,2020,Lulus,PRODI27,Sulawesi Utara,2
240005163,Cecep Dongoran (Baru),P,2024,Aktif,PRODI09,Bengkulu,1
240005164,Eman Puspasari (Baru),L,2022,Aktif,PRODI23,Banten,2
240005165,Yunita Wijayanti (Baru),L,2022,Aktif,PRODI27,Kepulauan Riau,2
240005166,Tgk. Manah Winarno,L,2020,Lulus,PRODI14,Maluku Utara,2
240005167,Jail Tampubolon (Baru),P,2024,Aktif,PRODI27,Jambi,2
240005168,Candra Winarno (Baru),P,2024,Aktif,PRODI25,Papua,2
240005169,Drs. Laras Maryadi (Baru),L,2021,Aktif,PRODI13,Kalimantan Timur,2
240005170,Wahyu Natsir (Baru),L,2023,Aktif,PRODI11,Bangka Belitung,2
240005171,Upik Nuraini (Baru),L,2020,Lulus,PRODI25,Kalimantan Selatan,2
240005172,Eka Yuliarti (Baru),L,2021,Aktif,PRODI37,Sulawesi Utara,2
240005173,Elma Pratiwi (Baru),P,2022,Aktif,PRODI14,Kalimantan Utara,2
240005174,R.A. Kayla Usada (Baru),P,2022,Aktif,PRODI12,Maluku,2
240005175,Cahya Hutagalung,L,2022,Nonaktif,PRODI11,Sulawesi Tenggara,2
240005176,Ilsa Haryanto,P,2020,Nonaktif,PRODI14,Kalimantan Timur,2
240005177,Cut Zalindra Nugroho,P,2020,Aktif,PRODI33,Sumatera Selatan,2
240005178,Nasim Purnawati (Baru),L,2020,Lulus,PRODI25,DI Yogyakarta,2
240005179,Hafshah Hastuti,P,2021,Aktif,PRODI13,Sulawesi Barat,2
240005180,Dina Handayani (Baru),P,2020,Lulus,PRODI07,Kalimantan Utara,2
240005181,Almira Anggraini (Baru),P,2023,Aktif,PRODI33,Jawa Barat,2
240005182,R.M. Muhammad Wacana (Baru),L,2024,Cuti,PRODI16,Sumatera Barat,2
240005183,R.M. Dartono Nugroho (Baru),L,2022,Aktif,PRODI36,Jawa Timur,2
240005184,Ir. Chelsea Maulana,P,2022,Aktif,PRODI37,Sulawesi Tengah,2
240005185,Cahya Pradipta,P,2023,Aktif,PRODI35,Kalimantan Selatan,2
240005186,Ir. Wawan Hidayat,L,2024,Aktif,PRODI12,Kalimantan Utara,2
240005187,Ophelia Halim,P,2021,Aktif,PRODI11,Sumatera Utara,2
240005188,Gamanto Thamrin (Baru),P,2022,Aktif,PRODI29,Kalimantan Tengah,2
240005189,Jasmin Padmasari (Baru),P,2020,Aktif,PRODI23,Kepulauan Riau,2
240005190,Jati Putra (Baru),P,2020,Lulus,PRODI25,Sumatera Barat,2
240005191,Chelsea Prakasa (Baru),P,2022,Aktif,PRODI29,Papua,2
240005192,Jati Putra (Baru),P,2020,Aktif,PRODI25,Maluku Utara,2
240005193,R.A. Karen Nasyiah,L,2024,Aktif,PRODI09,Kalimantan Barat,1
240005194,Vanesa Puspita,P,2023,Aktif,PRODI36,Riau,2
240005195,Kamaria Widiastuti (Baru),L,2021,Aktif,PRODI33,Lampung,2
240005196,Kani Haryanto (Baru),P,2020,Lulus,PRODI11,Sulawesi Tenggara,2
240005197,Saka Santoso,L,2021,Aktif,PRODI12,DI Yogyakarta,2
240005198,Diah Kusmawati (Baru),P,2022,Aktif,PRODI35,DI Yogyakarta,2
240005199,Xanana Jailani (Baru),L,2021,Aktif,PRODI23,Sulawesi Tenggara,2
240005200,Janet Firmansyah (Baru),P,2020,Lulus,PRODI29,Banten,2
240005201,Puji Budiman (Baru),P,2024,Aktif,PRODI07,Kalimantan Selatan,2
240005202,Tgk. Elisa Prasasta,P,2020,Lulus,PRODI36,Sulawesi Tengah,2
240005203,Puti Tari Sihombing (Baru),L,2023,Cuti,PRODI16,Maluku Utara,2
240005204,R.A. Genta Anggraini (Baru),L,2023,Aktif,PRODI10,Jawa Tengah,1
240005205,Farah Gunarto (Baru),L,2022,Aktif,PRODI32,Sumatera Selatan,2
240005206,R.A. Elvina Gunawan (Baru),L,2024,Aktif,PRODI33,Bali,2
240005207,Cawisadi Wijayanti (Baru),P,2021,Aktif,PRODI25,Jawa Barat,2
240005208,Irnanto Yulianti,L,2022,Aktif,PRODI37,Sulawesi Selatan,2
240005209,Zalindra Novitasari (Baru),P,2021,Aktif,PRODI29,Aceh,2
240005210,Kanda Hidayat (Baru),L,2022,Aktif,PRODI11,Papua Barat,2
240005211,Raden Winarsih (Baru),L,2020,Lulus,PRODI14,Sulawesi Barat,2
240005212,Puti Yulia Mulyani (Baru),L,2020,Cuti,PRODI13,Sumatera Barat,2
240005213,Asmadi Hassanah (Baru),P,2020,Lulus,PRODI30,DKI Jakarta,2
240005214,Arsipatra Nuraini (Baru),L,2023,Nonaktif,PRODI32,Papua Barat,2
240005215,Intan Budiyanto (Baru),P,2020,Lulus,PRODI21,Riau,2
240005216,H. Tasnim Damanik,P,2023,Cuti,PRODI07,Sulawesi Utara,2
240005217,Daruna Wahyuni (Baru),P,2022,Aktif,PRODI37,Sulawesi Barat,2
240005218,Vera Rajasa,P,2022,Aktif,PRODI18,Sulawesi Tengah,2
240005219,Zahra Kuswandari (Baru),P,2021,Aktif,PRODI27,Bangka Belitung,2
240005220,Rendy Salahudin (Baru),L,2021,Aktif,PRODI33,Maluku,2
240005221,Ir. Purwadi Suartini,P,2021,Aktif,PRODI13,Kalimantan Barat,2
240005222,Tgk. Pia Sitompul,P,2022,Drop Out,PRODI35,Sumatera Utara,2
240005223,Ivan Hartati (Baru),L,2021,Aktif,PRODI07,Kalimantan Tengah,2
240005224,Jaya Tarihoran (Baru),L,2024,Aktif,PRODI35,Sumatera Barat,2
240005225,Tiara Ramadan (Baru),P,2022,Aktif,PRODI11,Banten,2
240005226,Karta Hariyah (Baru),L,2021,Aktif,PRODI32,Maluku,2
240005227,Hasna Widiastuti (Baru),L,2020,Aktif,PRODI23,DI Yogyakarta,2
240005228,Zamira Firmansyah (Baru),P,2024,Aktif,PRODI07,Jawa Barat,2
240005229,Tgk. Tania Setiawan,L,2021,Aktif,PRODI32,Nusa Tenggara Timur,2
240005230,Silvia Aryani,L,2023,Aktif,PRODI18,Sumatera Barat,2
240005231,Anom Simbolon (Baru),L,2023,Aktif,PRODI10,Sumatera Utara,1
240005232,Opan Haryanti (Baru),P,2023,Aktif,PRODI13,Sulawesi Selatan,2
240005233,Rizki Hutagalung (Baru),P,2024,Aktif,PRODI32,Kalimantan Barat,2
240005234,Gangsa Pudjiastuti (Baru),P,2024,Aktif,PRODI36,Papua Barat,2
240005235,Hamzah Gunawan (Baru),L,2024,Aktif,PRODI36,DI Yogyakarta,2
240005236,drg. Najwa Oktaviani (Baru),P,2023,Aktif,PRODI23,DI Yogyakarta,2
240005237,R. Banara Putra,P,2022,Aktif,PRODI10,Bangka Belitung,1
240005238,T. Jaya Ramadan (Baru),P,2024,Aktif,PRODI25,Sulawesi Selatan,2
240005239,dr. Maimunah Zulaika (Baru),P,2020,Lulus,PRODI12,Kalimantan Tengah,2
240005240,drg. Teguh Setiawan (Baru),L,2022,Nonaktif,PRODI14,Jawa Barat,2
240005241,R.M. Kardi Simbolon (Baru),L,2023,Aktif,PRODI10,Gorontalo,1
240005242,Amelia Pratiwi (Baru),L,2024,Aktif,PRODI25,Sumatera Utara,2
240005243,Prayoga Laksmiwati,P,2021,Aktif,PRODI14,DI Yogyakarta,2
240005244,Rika Hardiansyah,L,2020,Nonaktif,PRODI14,Bali,2
240005245,Bakiadi Saptono (Baru),L,2022,Cuti,PRODI23,Gorontalo,2
240005246,Jarwadi Rajasa (Baru),P,2023,Aktif,PRODI09,Bali,1
240005247,Teguh Nasyidah,P,2022,Nonaktif,PRODI07,DI Yogyakarta,2
240005248,Hafshah Marbun (Baru),P,2020,Aktif,PRODI16,Sumatera Selatan,2
240005249,Ir. Yusuf Budiyanto (Baru),L,2022,Aktif,PRODI04,Kalimantan Timur,1
240005250,R. Danu Uyainah,L,2021,Aktif,PRODI27,Nusa Tenggara Barat,2
240005251,Queen Prasetyo (Baru),L,2024,Drop Out,PRODI29,Sumatera Barat,2
240005252,Hj. Almira Budiyanto,L,2021,Cuti,PRODI13,Sumatera Barat,2
240005253,Atmaja Damanik (Baru),L,2024,Aktif,PRODI14,Nusa Tenggara Barat,2
240005254,Hesti Permadi (Baru),P,2020,Lulus,PRODI11,DKI Jakarta,2
240005255,Lalita Damanik (Baru),P,2022,Aktif,PRODI10,Maluku,1
240005256,Rina Pratiwi,P,2021,Aktif,PRODI29,Aceh,2
240005257,Sakura Yuliarti (Baru),P,2023,Aktif,PRODI27,Kalimantan Tengah,2
240005258,Hana Sihombing (Baru),L,2021,Aktif,PRODI33,Kalimantan Barat,2
240005259,T. Martana Oktaviani (Baru),L,2020,Lulus,PRODI30,Kalimantan Timur,2
240005260,Ivan Marpaung (Baru),P,2024,Drop Out,PRODI09,DI Yogyakarta,1
240005261,Puti Ciaobella Haryanto (Baru),P,2024,Aktif,PRODI16,Jawa Barat,2
240005262,Raden Hastuti (Baru),L,2021,Cuti,PRODI33,Kalimantan Timur,2
240005263,Cut Ratih Simanjuntak (Baru),L,2022,Aktif,PRODI10,Jawa Barat,1
240005264,Yuliana Narpati (Baru),P,2024,Drop Out,PRODI25,Bengkulu,2
240005265,Hj. Citra Santoso,P,2021,Aktif,PRODI25,Kepulauan Riau,2
240005266,Ajimin Pratama (Baru),P,2024,Aktif,PRODI29,Sulawesi Tengah,2
240005267,Puti Devi Wacana,L,2021,Aktif,PRODI11,Kalimantan Barat,2
240005268,Vino Gunawan (Baru),L,2020,Lulus,PRODI33,Sumatera Utara,2
240005269,drg. Latika Wijayanti (Baru),L,2020,Lulus,PRODI04,Sulawesi Selatan,1
240005270,Ir. Mutia Tarihoran (Baru),L,2022,Aktif,PRODI14,Kalimantan Selatan,2
240005271,Dt. Arta Gunarto (Baru),P,2020,Lulus,PRODI34,DKI Jakarta,2
240005272,Argono Sinaga (Baru),P,2023,Cuti,PRODI13,Jawa Barat,2
240005273,Putri Simbolon,P,2021,Aktif,PRODI07,Sulawesi Utara,2
240005274,Ade Nasyidah (Baru),P,2021,Aktif,PRODI27,Bali,2
240005275,Ismail Yuniar (Baru),L,2023,Aktif,PRODI04,Sulawesi Barat,1
240005276,Marsito Susanti (Baru),L,2024,Aktif,PRODI36,Bali,2
240005277,drg. Asmianto Hakim (Baru),L,2024,Aktif,PRODI29,Kepulauan Riau,2
240005278,R.M. Taswir Firmansyah,P,2024,Aktif,PRODI32,Maluku,2
240005279,Puti Yulia Mulyani (Baru),L,2020,Aktif,PRODI13,Maluku Utara,2
240005280,Wisnu Mustofa (Baru),P,2022,Aktif,PRODI30,Sulawesi Tenggara,2
240005281,Vega Pangestu (Baru),P,2024,Aktif,PRODI13,Jambi,2
240005282,Tri Maheswara,P,2023,Aktif,PRODI32,Jawa Tengah,2
240005283,Prasetyo Yuniar,P,2021,Aktif,PRODI04,Nusa Tenggara Timur,1
240005284,Gamani Usada (Baru),P,2024,Aktif,PRODI14,Sumatera Barat,2
240005285,Shakila Firgantoro (Baru),P,2020,Lulus,PRODI16,DKI Jakarta,2
240005286,Reksa Pudjiastuti,P,2023,Aktif,PRODI16,Sulawesi Utara,2
240005287,Harto Saptono (Baru),L,2023,Aktif,PRODI32,Jambi,2
240005288,Hadi Marpaung (Baru),P,2022,Aktif,PRODI29,Aceh,2
240005289,drg. Vanya Nugroho (Baru),L,2024,Aktif,PRODI23,Nusa Tenggara Timur,2
240005290,Dr. Asman Wibowo (Baru),P,2022,Aktif,PRODI12,Banten,2
240005291,Paramita Wibowo,L,2022,Aktif,PRODI25,Kalimantan Tengah,2
240005292,Hj. Zalindra Santoso (Baru),L,2024,Aktif,PRODI33,Sumatera Barat,2
240005293,Gadang Halimah (Baru),L,2020,Lulus,PRODI21,DI Yogyakarta,2
240005294,Baktianto Lazuardi,P,2021,Nonaktif,PRODI35,Aceh,2
240005295,Uchita Pangestu,L,2020,Lulus,PRODI18,Sumatera Utara,2
240005296,Shakila Hidayat (Baru),P,2021,Aktif,PRODI09,Kalimantan Selatan,1
240005297,Ir. Ika Laksita (Baru),P,2024,Aktif,PRODI36,Bengkulu,2
240005298,Paris Dongoran (Baru),L,2024,Aktif,PRODI11,Kalimantan Tengah,2
240005299,Sabri Nuraini,L,2024,Aktif,PRODI33,Papua Barat,2
240005300,Shania Marbun (Baru),P,2023,Aktif,PRODI11,DKI Jakarta,2
240005301,Amalia Salahudin (Baru),P,2023,Aktif,PRODI30,Sulawesi Utara,2
240005302,Cengkal Natsir,P,2020,Lulus,PRODI11,Aceh,2
240005303,Diah Kusmawati (Baru),P,2022,Aktif,PRODI35,Jawa Timur,2
240005304,Wage Mardhiyah (Baru),L,2023,Aktif,PRODI32,Jambi,2
240005305,Dr. Laksana Nurdiyanti,L,2023,Aktif,PRODI25,Nusa Tenggara Timur,2
240005306,Zalindra Prastuti (Baru),L,2023,Aktif,PRODI07,Kalimantan Barat,2
240005307,Hamima Hartati (Baru),P,2024,Aktif,PRODI35,Sulawesi Tengah,2
240005308,drg. Asmianto Hakim (Baru),L,2024,Aktif,PRODI29,Kalimantan Tengah,2
240005309,Kawaya Siregar (Baru),L,2020,Lulus,PRODI32,DI Yogyakarta,2
240005310,Prasetyo Yuniar,P,2021,Aktif,PRODI04,Kalimantan Timur,1
240005311,Sutan Naradi Widodo (Baru),P,2023,Aktif,PRODI10,Papua Barat,1
240005312,R. Sakura Lailasari (Baru),P,2024,Aktif,PRODI29,Gorontalo,2
240005313,Eman Puspasari (Baru),L,2022,Aktif,PRODI23,Papua,2
240005314,Warsa Permata (Baru),P,2022,Aktif,PRODI04,Jawa Timur,1
240005315,Dt. Cakrajiya Hutagalung (Baru),L,2021,Aktif,PRODI37,Kalimantan Timur,2
240005316,Dt. Murti Mandasari (Baru),L,2024,Aktif,PRODI07,Papua Barat,2
240005317,drg. Kamaria Suryatmi (Baru),P,2024,Aktif,PRODI10,DI Yogyakarta,1
240005318,Anggabaya Siregar (Baru),P,2020,Lulus,PRODI09,Papua,1
240005319,Drs. Kalim Sitorus (Baru),P,2020,Aktif,PRODI14,Sulawesi Utara,2
240005320,Waluyo Mayasari,P,2023,Nonaktif,PRODI37,Riau,2
240005321,Wakiman Firmansyah (Baru),L,2020,Cuti,PRODI23,Bengkulu,2
240005322,Latika Kusumo (Baru),P,2022,Aktif,PRODI14,Jawa Timur,2
240005323,Devi Marbun (Baru),P,2024,Aktif,PRODI14,Sulawesi Tengah,2
240005324,T. Kunthara Manullang,L,2020,Lulus,PRODI10,Nusa Tenggara Timur,1
240005325,R. Samiah Hutasoit (Baru),P,2020,Aktif,PRODI21,Jambi,2
240005326,Ida Wijaya (Baru),L,2022,Aktif,PRODI07,Bengkulu,2
240005327,Hj. Paulin Dongoran,L,2023,Aktif,PRODI16,Lampung,2
240005328,Putri Nababan (Baru),L,2022,Aktif,PRODI36,Sulawesi Selatan,2
240005329,Dr. Intan Marpaung (Baru),P,2021,Aktif,PRODI07,Maluku Utara,2
240005330,Ikin Mayasari (Baru),P,2021,Aktif,PRODI37,Sumatera Barat,2
240005331,Kenes Palastri (Baru),P,2021,Cuti,PRODI16,Lampung,2
240005332,Tgk. Wakiman Salahudin (Baru),L,2021,Aktif,PRODI27,Sulawesi Tengah,2
240005333,Emong Hutasoit (Baru),P,2020,Lulus,PRODI21,Sumatera Barat,2
240005334,Jayeng Hutapea (Baru),P,2024,Aktif,PRODI16,Gorontalo,2
240005335,Patricia Yuniar (Baru),L,2023,Aktif,PRODI33,Maluku Utara,2
240005336,Emong Hutasoit (Baru),P,2020,Lulus,PRODI21,Lampung,2
240005337,Ivan Hartati (Baru),P,2021,Aktif,PRODI11,Sulawesi Barat,2
240005338,Drs. Karya Sihombing,L,2024,Aktif,PRODI36,Aceh,2
240005339,Lukman Suwarno,L,2023,Aktif,PRODI33,Sumatera Barat,2
240005340,Nyana Andriani (Baru),P,2024,Aktif,PRODI32,Nusa Tenggara Timur,2
240005341,Karna Maryadi (Baru),L,2024,Aktif,PRODI13,Papua Barat,2
240005342,Bancar Hariyah (Baru),L,2023,Aktif,PRODI14,Papua,2
240005343,Vanesa Padmasari (Baru),P,2022,Aktif,PRODI37,Sumatera Utara,2
240005344,Kadir Suryono (Baru),P,2024,Aktif,PRODI34,Sulawesi Barat,2
240005345,Cut Oliva Nuraini (Baru),P,2024,Aktif,PRODI37,Kalimantan Utara,2
240005346,Gaman Natsir (Baru),P,2020,Lulus,PRODI25,Jawa Timur,2
240005347,R. Cornelia Hasanah,L,2022,Aktif,PRODI16,Sulawesi Selatan,2
240005348,Gantar Widodo (Baru),P,2023,Aktif,PRODI30,Kepulauan Riau,2
240005349,Julia Mandasari (Baru),L,2024,Aktif,PRODI37,Nusa Tenggara Timur,2
240005350,KH. Setya Jailani,L,2022,Aktif,PRODI25,Sumatera Selatan,2
240005351,Rina Tamba,P,2023,Aktif,PRODI09,Riau,1
240005352,Drs. Adhiarja Ramadan,P,2021,Aktif,PRODI18,Gorontalo,2
240005353,dr. Raisa Mangunsong,L,2022,Aktif,PRODI12,Kalimantan Selatan,2
240005354,Gatra Sihombing (Baru),P,2021,Aktif,PRODI18,DI Yogyakarta,2
240005355,Emas Sihombing (Baru),P,2024,Aktif,PRODI29,DKI Jakarta,2
240005356,Daryani Halimah (Baru),L,2023,Aktif,PRODI36,Sulawesi Barat,2
240005357,Sabrina Yuniar (Baru),L,2023,Aktif,PRODI23,Jawa Barat,2
240005358,Jane Prakasa (Baru),L,2023,Aktif,PRODI09,Bengkulu,1
240005359,Bajragin Thamrin (Baru),L,2022,Cuti,PRODI04,Kalimantan Barat,1
240005360,dr. Nadia Sirait,P,2021,Aktif,PRODI10,Bali,1
240005361,Icha Sihotang (Baru),L,2023,Aktif,PRODI10,Sumatera Barat,1
240005362,Syahrini Putra (Baru),P,2022,Aktif,PRODI11,Kalimantan Selatan,2
240005363,Maria Hardiansyah (Baru),P,2023,Aktif,PRODI18,Maluku,2
240005364,Umay Nasyiah (Baru),P,2021,Aktif,PRODI37,Sulawesi Tengah,2
240005365,Gina Maryati (Baru),P,2022,Aktif,PRODI36,Jawa Tengah,2
240005366,Rahmi Budiyanto (Baru),L,2021,Aktif,PRODI07,Jambi,2
240005367,Atmaja Wahyudin (Baru),L,2021,Aktif,PRODI10,DKI Jakarta,1
240005368,Puji Manullang,P,2023,Aktif,PRODI10,Banten,1
240005369,Anom Gunarto,L,2020,Lulus,PRODI29,Sulawesi Barat,2
240005370,Cut Elma Sitorus,L,2022,Drop Out,PRODI23,Papua,2
240005371,Lalita Pradana (Baru),P,2020,Lulus,PRODI29,Maluku,2
240005372,Gina Mandala (Baru),P,2022,Aktif,PRODI11,Bangka Belitung,2
240005373,Hardana Firmansyah,P,2021,Aktif,PRODI07,Jawa Timur,2
240005374,Diana Purwanti (Baru),L,2020,Lulus,PRODI04,Nusa Tenggara Timur,1
240005375,Diana Mahendra (Baru),L,2020,Aktif,PRODI34,Papua Barat,2
240005376,Daruna Rajasa,P,2023,Aktif,PRODI14,Maluku Utara,2
240005377,Emil Usamah (Baru),P,2022,Aktif,PRODI25,Sumatera Barat,2
240005378,Bagya Wastuti (Baru),L,2022,Aktif,PRODI13,Sulawesi Barat,2
240005379,Murti Pertiwi (Baru),P,2024,Aktif,PRODI23,Kalimantan Barat,2
240005380,Cut Salsabila Putra (Baru),P,2024,Aktif,PRODI33,Sumatera Barat,2
240005381,Dr. Lega Puspasari,P,2024,Nonaktif,PRODI07,Jambi,2
240005382,Kawaca Budiyanto (Baru),L,2021,Aktif,PRODI29,Aceh,2
240005383,Raden Nasyiah (Baru),P,2024,Aktif,PRODI16,Aceh,2
240005384,Nova Hassanah (Baru),L,2024,Aktif,PRODI30,Sulawesi Selatan,2
240005385,dr. Lanjar Damanik (Baru),L,2021,Aktif,PRODI12,Sumatera Barat,2
240005386,Budi Mangunsong (Baru),P,2021,Aktif,PRODI11,Papua Barat,2
240005387,Puti Yunita Prakasa (Baru),L,2024,Aktif,PRODI07,Kalimantan Barat,2
240005388,Nasim Wijayanti (Baru),P,2023,Aktif,PRODI27,Sumatera Utara,2
240005389,Dr. Jais Sinaga (Baru),P,2020,Lulus,PRODI36,Jawa Tengah,2
240005390,Lutfan Anggraini (Baru),L,2024,Aktif,PRODI09,Papua Barat,1
240005391,Candra Nasyidah (Baru),P,2022,Aktif,PRODI13,Kalimantan Selatan,2
240005392,Drs. Natalia Uyainah (Baru),P,2021,Aktif,PRODI25,Sulawesi Tengah,2
240005393,Anita Hidayat (Baru),P,2020,Lulus,PRODI27,Jawa Timur,2
240005394,Saka Natsir (Baru),L,2023,Aktif,PRODI33,DI Yogyakarta,2
240005395,Yulia Siregar (Baru),L,2024,Aktif,PRODI36,DKI Jakarta,2
240005396,Yuliana Salahudin (Baru),P,2020,Lulus,PRODI35,Nusa Tenggara Barat,2
240005397,R.A. Febi Pratiwi,P,2024,Aktif,PRODI18,Kalimantan Timur,2
240005398,Purwa Nuraini (Baru),P,2024,Aktif,PRODI33,Sumatera Utara,2
240005399,Rizki Hutagalung (Baru),P,2024,Aktif,PRODI32,Sulawesi Tengah,2
240005400,R.M. Perkasa Santoso (Baru),L,2020,Lulus,PRODI21,Papua,2
240005401,Karen Novitasari,L,2020,Lulus,PRODI37,DI Yogyakarta,2
240005402,Natalia Wahyudin (Baru),L,2022,Aktif,PRODI27,DI Yogyakarta,2
240005403,Hasan Setiawan (Baru),P,2024,Aktif,PRODI29,Kalimantan Utara,2
240005404,Waluyo Mayasari,P,2023,Aktif,PRODI37,Sumatera Selatan,2
240005405,Siska Suryatmi (Baru),P,2021,Aktif,PRODI30,Sumatera Selatan,2
240005406,Ratna Dongoran (Baru),L,2021,Aktif,PRODI07,DI Yogyakarta,2
240005407,Suci Prasetyo (Baru),P,2021,Aktif,PRODI23,Sulawesi Tengah,2
240005408,Ir. Fathonah Suwarno (Baru),P,2022,Aktif,PRODI30,Nusa Tenggara Barat,2
240005409,Janet Ardianto (Baru),P,2024,Cuti,PRODI34,Papua,2
240005410,Cahyono Waskita (Baru),L,2023,Aktif,PRODI09,Jawa Barat,1
240005411,Vino Hidayanto (Baru),P,2020,Lulus,PRODI33,Sulawesi Selatan,2
240005412,Cakrajiya Haryanti (Baru),L,2021,Aktif,PRODI18,Bangka Belitung,2
240005413,Kawaya Purnawati,L,2024,Aktif,PRODI14,Bengkulu,2
240005414,R. Elisa Pratama,L,2021,Aktif,PRODI23,Banten,2
240005415,Dt. Garda Ardianto (Baru),L,2021,Aktif,PRODI04,Kalimantan Barat,1
240005416,Ir. Gandi Kusmawati (Baru),P,2023,Aktif,PRODI25,Lampung,2
240005417,Intan Hariyah (Baru),P,2021,Aktif,PRODI21,Sulawesi Selatan,2
240005418,Maria Yolanda (Baru),L,2023,Aktif,PRODI07,Kalimantan Selatan,2
240005419,Darmana Anggraini (Baru),P,2023,Aktif,PRODI21,Kalimantan Utara,2
240005420,Artanto Dabukke (Baru),L,2022,Aktif,PRODI25,Kalimantan Tengah,2
240005421,Wadi Melani (Baru),P,2024,Aktif,PRODI32,Sulawesi Tenggara,2
240005422,Cakrajiya Fujiati,P,2022,Drop Out,PRODI29,Sumatera Barat,2
240005423,Ulva Najmudin (Baru),L,2022,Aktif,PRODI04,DI Yogyakarta,1
240005424,Intan Puspasari,L,2024,Aktif,PRODI37,Jawa Barat,2
240005425,Among Pradipta,L,2021,Aktif,PRODI07,Nusa Tenggara Barat,2
240005426,Juli Pangestu,P,2020,Cuti,PRODI12,Sumatera Selatan,2
240005427,Lalita Pradana (Baru),P,2020,Lulus,PRODI29,Jambi,2
240005428,Malika Hidayanto (Baru),L,2022,Aktif,PRODI09,Riau,1
240005429,Hafshah Riyanti (Baru),P,2021,Aktif,PRODI10,Sumatera Selatan,1
240005430,drg. Karimah Pradipta (Baru),P,2024,Aktif,PRODI29,Banten,2
240005431,Vero Hutasoit (Baru),P,2023,Aktif,PRODI30,Papua Barat,2
240005432,Tgk. Muhammad Sihotang (Baru),P,2023,Aktif,PRODI21,Banten,2
240005433,Endah Pratiwi (Baru),L,2022,Aktif,PRODI27,Jambi,2
240005434,Jaswadi Maheswara (Baru),L,2022,Aktif,PRODI04,Kepulauan Riau,1
240005435,Daruna Melani (Baru),L,2022,Aktif,PRODI36,Kepulauan Riau,2
240005436,Azalea Susanti,L,2020,Lulus,PRODI07,Kalimantan Selatan,2
240005437,Bagiya Uyainah (Baru),L,2020,Aktif,PRODI34,Sulawesi Tenggara,2
240005438,Novi Nurdiyanti (Baru),P,2023,Aktif,PRODI07,Kalimantan Selatan,2
240005439,Ir. Ivan Tampubolon (Baru),P,2022,Aktif,PRODI36,Papua Barat,2
240005440,Rahman Siregar (Baru),P,2021,Aktif,PRODI23,Sulawesi Tenggara,2
240005441,H. Danu Purnawati (Baru),P,2020,Nonaktif,PRODI12,Kalimantan Utara,2
240005442,drg. Setya Pratama,L,2021,Aktif,PRODI23,Sulawesi Utara,2
240005443,Dasa Purwanti,L,2023,Aktif,PRODI16,Papua Barat,2
240005444,Gangsar Padmasari,P,2022,Aktif,PRODI09,Kalimantan Timur,1
240005445,Hj. Karimah Suwarno,P,2020,Lulus,PRODI13,Sumatera Utara,2
240005446,Safina Laksmiwati (Baru),L,2024,Aktif,PRODI13,Sumatera Utara,2
240005447,Hilda Yuliarti (Baru),L,2020,Lulus,PRODI37,Nusa Tenggara Barat,2
240005448,R.M. Omar Ardianto (Baru),L,2022,Aktif,PRODI32,Banten,2
240005449,Zelaya Natsir,L,2022,Aktif,PRODI21,Bengkulu,2
240005450,Cemplunk Situmorang (Baru),P,2020,Lulus,PRODI37,Bangka Belitung,2
240005451,Ulva Namaga (Baru),L,2021,Aktif,PRODI07,Sulawesi Selatan,2
240005452,Malika Kurniawan (Baru),P,2020,Lulus,PRODI09,Kalimantan Timur,1
240005453,Gantar Sitompul (Baru),P,2023,Aktif,PRODI18,DI Yogyakarta,2
240005454,Mahesa Maulana (Baru),L,2020,Lulus,PRODI34,Sulawesi Utara,2
240005455,Unjani Zulaika (Baru),P,2020,Lulus,PRODI27,Jawa Tengah,2
240005456,drg. Ilsa Hariyah (Baru),P,2020,Aktif,PRODI09,Nusa Tenggara Timur,1
240005457,Drs. Farhunnisa Mulyani (Baru),L,2024,Aktif,PRODI21,Kalimantan Barat,2
240005458,Ir. Clara Gunarto (Baru),P,2024,Aktif,PRODI27,Sulawesi Selatan,2
240005459,Cornelia Wacana,P,2023,Cuti,PRODI11,Kalimantan Timur,2
240005460,Kezia Najmudin,P,2023,Aktif,PRODI13,Kepulauan Riau,2
240005461,Sari Simbolon (Baru),L,2020,Lulus,PRODI11,Kalimantan Tengah,2
240005462,Tgk. Salman Wijayanti,P,2023,Aktif,PRODI04,Sulawesi Utara,1
240005463,Zalindra Narpati (Baru),P,2022,Aktif,PRODI27,Sulawesi Utara,2
240005464,T. Harsanto Sitompul (Baru),L,2023,Aktif,PRODI36,Papua,2
240005465,Among Wibisono (Baru),L,2022,Aktif,PRODI33,Maluku Utara,2
240005466,Koko Suartini (Baru),L,2020,Lulus,PRODI33,Kalimantan Tengah,2
240005467,Kawaya Kurniawan (Baru),P,2020,Lulus,PRODI13,Papua,2
240005468,Jayadi Nuraini (Baru),L,2024,Aktif,PRODI21,Maluku,2
240005469,Mursinin Sihombing (Baru),P,2022,Aktif,PRODI07,Sulawesi Tengah,2
240005470,Ir. Ulva Farida (Baru),L,2024,Aktif,PRODI12,Papua Barat,2
240005471,Ozy Rajata (Baru),P,2020,Lulus,PRODI04,Papua Barat,1
240005472,Artanto Lazuardi (Baru),P,2020,Lulus,PRODI21,Banten,2
240005473,Darmaji Agustina (Baru),P,2020,Lulus,PRODI12,Maluku,2
240005474,Vanesa Padmasari (Baru),P,2022,Aktif,PRODI37,Jawa Tengah,2
240005475,Naradi Saptono (Baru),L,2023,Cuti,PRODI04,Sulawesi Tengah,1
240005476,Virman Saputra (Baru),P,2021,Aktif,PRODI13,DI Yogyakarta,2
240005477,Tirta Dongoran (Baru),L,2024,Aktif,PRODI32,Kalimantan Barat,2
240005478,Kawaya Siregar (Baru),L,2020,Aktif,PRODI32,Maluku Utara,2
240005479,Emong Handayani (Baru),L,2022,Aktif,PRODI35,Aceh,2
240005480,Aurora Haryanti (Baru),L,2024,Aktif,PRODI10,Papua,1
240005481,Dr. Eli Wahyuni,P,2022,Cuti,PRODI27,Kalimantan Barat,2
240005482,Koko Suartini (Baru),L,2020,Lulus,PRODI33,Sulawesi Tenggara,2
240005483,H. Rahmat Natsir (Baru),P,2022,Aktif,PRODI21,Kalimantan Tengah,2
240005484,Kani Usamah,L,2020,Aktif,PRODI36,Kalimantan Timur,2
240005485,Farhunnisa Kusmawati,L,2020,Lulus,PRODI09,Sulawesi Utara,1
240005486,Elvin Pradipta (Baru),L,2024,Aktif,PRODI30,Kalimantan Timur,2
240005487,Kacung Wacana (Baru),P,2020,Lulus,PRODI25,Kalimantan Barat,2
240005488,R. Farah Habibi (Baru),P,2022,Aktif,PRODI13,Bali,2
240005489,Tgk. Elisa Prasasta,P,2020,Lulus,PRODI36,Jawa Barat,2
240005490,Ciaobella Sinaga,P,2020,Lulus,PRODI30,Gorontalo,2
240005491,Jarwi Maryadi (Baru),P,2022,Aktif,PRODI29,Sulawesi Utara,2
240005492,Gandi Pradana,L,2024,Aktif,PRODI37,Lampung,2
240005493,Hafshah Megantara (Baru),L,2022,Aktif,PRODI18,Sulawesi Utara,2
240005494,Hasta Waluyo (Baru),P,2020,Lulus,PRODI13,Sulawesi Barat,2
240005495,Syahrini Yuniar (Baru),L,2020,Lulus,PRODI32,Riau,2
240005496,Jumari Zulaika,P,2022,Aktif,PRODI09,Lampung,1
240005497,Puji Budiman (Baru),P,2024,Aktif,PRODI07,Bengkulu,2
240005498,dr. Jasmani Damanik,L,2021,Aktif,PRODI11,Jawa Timur,2
240005499,Ir. Wardi Dabukke (Baru),L,2023,Aktif,PRODI18,Banten,2
240005500,Safina Laksmiwati (Baru),L,2024,Aktif,PRODI13,Sulawesi Barat,2
240005501,Eka Purnawati (Baru),L,2024,Aktif,PRODI23,Maluku,2
240005502,Dr. Amalia Latupono (Baru),P,2024,Aktif,PRODI32,Gorontalo,2
240005503,Artanto Siregar,P,2023,Aktif,PRODI37,Papua Barat,2
240005504,R. Salwa Siregar (Baru),L,2023,Aktif,PRODI35,Sulawesi Utara,2
240005505,Ilyas Yuliarti (Baru),P,2021,Aktif,PRODI30,Jawa Barat,2
240005506,Salwa Wijaya (Baru),L,2024,Aktif,PRODI36,Bengkulu,2
240005507,Maman Santoso (Baru),P,2021,Aktif,PRODI35,Papua,2
240005508,Sutan Lega Putra,P,2023,Aktif,PRODI23,Sulawesi Utara,2
240005509,Karimah Prayoga (Baru),P,2020,Drop Out,PRODI37,Banten,2
240005510,Gamanto Laksmiwati,P,2024,Aktif,PRODI10,DI Yogyakarta,1
240005511,Dr. Lega Puspasari,P,2024,Aktif,PRODI07,Jawa Timur,2
240005512,Unggul Manullang (Baru),P,2021,Aktif,PRODI21,Aceh,2
240005513,Ophelia Irawan (Baru),L,2020,Lulus,PRODI12,Bali,2
240005514,Kayla Winarno (Baru),L,2024,Aktif,PRODI07,Papua Barat,2
240005515,Oliva Yuniar,P,2021,Nonaktif,PRODI11,Papua Barat,2
240005516,Intan Puspasari,L,2024,Aktif,PRODI37,Bengkulu,2
240005517,Kania Mangunsong,P,2023,Aktif,PRODI33,Jawa Timur,2
240005518,Clara Wahyudin (Baru),P,2022,Aktif,PRODI36,Kalimantan Barat,2
240005519,Tania Nashiruddin (Baru),L,2022,Aktif,PRODI27,Bangka Belitung,2
240005520,dr. Agnes Pudjiastuti,L,2020,Aktif,PRODI09,Kalimantan Timur,1
240005521,Hj. Jessica Nuraini,P,2022,Aktif,PRODI18,DI Yogyakarta,2
240005522,Tgk. Lalita Oktaviani,P,2022,Aktif,PRODI32,Kalimantan Selatan,2
240005523,Gangsa Purwanti (Baru),P,2020,Lulus,PRODI09,Sulawesi Tengah,1
240005524,Reksa Pudjiastuti,P,2023,Aktif,PRODI16,Kalimantan Barat,2
240005525,Candrakanta Suryatmi (Baru),L,2022,Aktif,PRODI11,Jawa Barat,2
240005526,Erik Fujiati,P,2022,Drop Out,PRODI27,Banten,2
240005527,R.M. Makara Nainggolan,P,2020,Lulus,PRODI30,Sulawesi Utara,2
240005528,Amalia Salahudin (Baru),P,2023,Nonaktif,PRODI30,Papua Barat,2
240005529,Sakti Maryati (Baru),L,2023,Aktif,PRODI32,Bali,2
240005530,dr. Maimunah Zulaika (Baru),P,2020,Lulus,PRODI12,Bengkulu,2
240005531,R.A. Febi Manullang,P,2021,Aktif,PRODI27,Gorontalo,2
240005532,Tgk. Zelaya Hartati,L,2021,Aktif,PRODI37,Gorontalo,2
240005533,Teguh Nasyidah,P,2022,Nonaktif,PRODI07,Sumatera Barat,2
240005534,R. Vera Prakasa (Baru),P,2023,Aktif,PRODI21,Papua,2
240005535,Michelle Prasetya,P,2020,Aktif,PRODI35,Papua Barat,2
240005536,Aurora Prakasa (Baru),L,2023,Aktif,PRODI07,Jawa Timur,2
240005537,dr. Ami Pratama (Baru),L,2024,Cuti,PRODI07,Kalimantan Barat,2
240005538,Lutfan Padmasari (Baru),L,2020,Lulus,PRODI04,Sumatera Utara,1
240005539,Dina Handayani,L,2020,Lulus,PRODI34,Jawa Timur,2
240005540,Gangsar Padmasari,P,2022,Aktif,PRODI09,Sulawesi Barat,1
240005541,Rama Kuswoyo (Baru),P,2021,Aktif,PRODI35,Gorontalo,2
240005542,Rizki Lestari,P,2022,Aktif,PRODI12,DI Yogyakarta,2
240005543,Keisha Waluyo (Baru),L,2023,Aktif,PRODI23,Sumatera Barat,2
240005544,Prabawa Wibisono (Baru),P,2023,Aktif,PRODI35,Papua Barat,2
240005545,Cut Rini Marpaung (Baru),P,2021,Aktif,PRODI23,Gorontalo,2
240005546,Dasa Purwanti,L,2023,Aktif,PRODI16,Riau,2
240005547,Lembah Hutasoit,P,2021,Aktif,PRODI27,Jambi,2
240005548,Novi Budiman (Baru),P,2020,Lulus,PRODI27,Jawa Timur,2
240005549,Ir. Ika Laksita (Baru),P,2024,Aktif,PRODI36,Jawa Tengah,2
240005550,Zelaya Natsir,L,2022,Aktif,PRODI21,Papua Barat,2
240005551,T. Argono Jailani,P,2023,Aktif,PRODI36,DKI Jakarta,2
240005552,Julia Mandasari (Baru),L,2024,Aktif,PRODI37,Kalimantan Barat,2
240005553,Kania Kusmawati (Baru),P,2022,Aktif,PRODI13,DI Yogyakarta,2
240005554,Kasiran Simanjuntak (Baru),L,2024,Aktif,PRODI13,Kalimantan Barat,2
240005555,Wirda Sihombing (Baru),P,2021,Cuti,PRODI32,Banten,2
240005556,Emin Saragih (Baru),L,2023,Aktif,PRODI23,Nusa Tenggara Barat,2
240005557,Siska Pradipta (Baru),L,2024,Aktif,PRODI32,Banten,2
240005558,Daruna Hutasoit (Baru),P,2020,Aktif,PRODI12,Aceh,2
240005559,Banara Setiawan (Baru),P,2024,Aktif,PRODI10,Nusa Tenggara Timur,1
240005560,Laras Puspita (Baru),P,2024,Aktif,PRODI34,Kepulauan Riau,2
240005561,H. Harjo Suryono (Baru),L,2023,Cuti,PRODI37,Nusa Tenggara Barat,2
240005562,Hj. Citra Santoso,P,2021,Aktif,PRODI25,Bengkulu,2
240005563,Elvina Haryanto (Baru),P,2021,Aktif,PRODI30,Maluku,2
240005564,Mila Halimah (Baru),L,2024,Aktif,PRODI11,Banten,2
240005565,Makuta Damanik (Baru),L,2022,Aktif,PRODI07,Sumatera Selatan,2
240005566,Gasti Habibi,L,2024,Aktif,PRODI35,Sulawesi Selatan,2
240005567,Melinda Maryadi (Baru),P,2021,Aktif,PRODI13,Jawa Timur,2
240005568,R.M. Ganda Yuniar,L,2024,Aktif,PRODI16,DKI Jakarta,2
240005569,Elma Siregar,P,2022,Aktif,PRODI37,Sulawesi Tengah,2
240005570,Aurora Prasetya (Baru),L,2021,Nonaktif,PRODI34,Nusa Tenggara Barat,2
240005571,Unjani Wahyudin,L,2023,Aktif,PRODI36,Sulawesi Tenggara,2
240005572,Bakidin Handayani,L,2022,Aktif,PRODI07,Bangka Belitung,2
240005573,Harja Gunawan (Baru),L,2020,Aktif,PRODI35,Sulawesi Tenggara,2
240005574,Gaduh Anggraini (Baru),L,2024,Aktif,PRODI07,Gorontalo,2
240005575,Prima Suryono (Baru),P,2024,Aktif,PRODI12,Maluku,2
240005576,Ir. Lurhur Suryatmi,L,2023,Aktif,PRODI11,Riau,2
240005577,Ir. Latika Halim (Baru),L,2020,Cuti,PRODI12,Lampung,2
240005578,Yuliana Damanik (Baru),L,2023,Aktif,PRODI32,Kalimantan Selatan,2
240005579,Murti Rajata (Baru),P,2024,Aktif,PRODI23,Jawa Timur,2
240005580,Cici Wulandari,L,2024,Aktif,PRODI09,Kalimantan Selatan,1
240005581,Amelia Saragih (Baru),P,2021,Drop Out,PRODI18,DI Yogyakarta,2
240005582,T. Nalar Pradana,P,2020,Lulus,PRODI25,Kalimantan Selatan,2
240005583,Cakrajiya Fujiati,P,2022,Aktif,PRODI29,Jawa Tengah,2
240005584,Hardana Nasyiah,L,2021,Aktif,PRODI32,Kalimantan Selatan,2
240005585,Intan Novitasari (Baru),L,2020,Lulus,PRODI10,Kalimantan Tengah,1
240005586,Drs. Uli Damanik (Baru),L,2022,Aktif,PRODI35,Kalimantan Selatan,2
240005587,R.M. Lutfan Budiyanto (Baru),P,2021,Aktif,PRODI18,Sulawesi Barat,2
240005588,Gasti Habibi,L,2024,Aktif,PRODI35,Bengkulu,2
240005589,Septi Situmorang (Baru),P,2022,Aktif,PRODI35,Sulawesi Selatan,2
240005590,Victoria Hardiansyah,P,2022,Aktif,PRODI09,Gorontalo,1
240005591,Karta Suartini (Baru),P,2021,Drop Out,PRODI12,Sulawesi Barat,2
240005592,H. Bakidin Rahmawati,L,2022,Aktif,PRODI18,Kalimantan Barat,2
240005593,Among Prabowo (Baru),P,2022,Aktif,PRODI16,Lampung,2
240005594,Dt. Jono Wijayanti,P,2023,Aktif,PRODI21,Sumatera Barat,2
240005595,Soleh Mangunsong (Baru),L,2024,Aktif,PRODI32,Maluku Utara,2
240005596,R.A. Ratih Yulianti,P,2020,Lulus,PRODI04,Jawa Timur,1
240005597,Sakura Yuliarti (Baru),P,2023,Aktif,PRODI27,Lampung,2
240005598,Tgk. Gangsa Widiastuti (Baru),P,2022,Aktif,PRODI18,Kalimantan Selatan,2
240005599,H. Wakiman Waluyo (Baru),L,2022,Aktif,PRODI27,Lampung,2
240005600,Tgk. Usyi Permadi,L,2023,Aktif,PRODI23,Gorontalo,2
240005601,R. Heru Budiman,L,2024,Aktif,PRODI23,Banten,2
240005602,Hendri Tampubolon (Baru),P,2021,Aktif,PRODI37,Gorontalo,2
240005603,Ulva Prakasa (Baru),P,2022,Cuti,PRODI27,Kalimantan Tengah,2
240005604,Kariman Andriani,P,2021,Aktif,PRODI35,Sumatera Barat,2
240005605,Galuh Waskita,L,2020,Lulus,PRODI33,Sulawesi Barat,2
240005606,Kanda Lazuardi (Baru),L,2023,Aktif,PRODI09,Sulawesi Tenggara,1
240005607,Puti Yunita Laksita (Baru),L,2021,Aktif,PRODI11,Maluku,2
240005608,Najib Pudjiastuti (Baru),P,2020,Lulus,PRODI04,Kalimantan Utara,1
240005609,Keisha Rahayu (Baru),L,2023,Aktif,PRODI27,Kalimantan Utara,2
240005610,Kayla Budiman (Baru),L,2023,Aktif,PRODI11,Jawa Tengah,2
240005611,Hani Permadi (Baru),P,2020,Aktif,PRODI25,Kalimantan Utara,2
240005612,Embuh Purnawati,L,2024,Drop Out,PRODI21,Sulawesi Barat,2
240005613,Bajragin Firmansyah (Baru),P,2021,Aktif,PRODI07,Sumatera Selatan,2
240005614,Drs. Jindra Suryatmi (Baru),P,2020,Lulus,PRODI27,Aceh,2
240005615,R. Elisa Pratama,L,2021,Aktif,PRODI23,DI Yogyakarta,2
240005616,Tgk. Genta Prasetyo (Baru),L,2022,Drop Out,PRODI12,Jambi,2
240005617,Harsaya Utama (Baru),L,2024,Aktif,PRODI23,Sulawesi Tengah,2
240005618,Cahyadi Puspasari (Baru),P,2020,Lulus,PRODI29,Jawa Tengah,2
240005619,Balamantri Rajasa (Baru),L,2020,Lulus,PRODI37,Aceh,2
240005620,Gamanto Laksmiwati,P,2024,Aktif,PRODI10,Riau,1
240005621,T. Gatra Marpaung,P,2023,Aktif,PRODI36,Sulawesi Utara,2
240005622,Yuliana Salahudin (Baru),P,2020,Aktif,PRODI35,Kalimantan Barat,2
240005623,Erik Mayasari (Baru),P,2024,Aktif,PRODI12,Bangka Belitung,2
240005624,Cornelia Nashiruddin (Baru),L,2020,Aktif,PRODI29,Kepulauan Riau,2
240005625,KH. Bakti Nababan (Baru),P,2021,Aktif,PRODI34,Jawa Tengah,2
240005626,Pranata Sinaga (Baru),L,2021,Aktif,PRODI09,Jawa Barat,1
240005627,Wahyu Wasita (Baru),L,2023,Aktif,PRODI09,Maluku Utara,1
240005628,Diana Kusmawati (Baru),P,2021,Aktif,PRODI29,Bangka Belitung,2
240005629,Kani Haryanto (Baru),P,2020,Lulus,PRODI11,Sulawesi Tenggara,2
240005630,Daruna Rajasa,P,2023,Aktif,PRODI14,Lampung,2
240005631,Dr. Amalia Latupono (Baru),P,2024,Aktif,PRODI32,Papua,2
240005632,Uchita Uwais (Baru),P,2020,Drop Out,PRODI13,Papua,2
240005633,Ulya Nashiruddin (Baru),P,2021,Aktif,PRODI16,Maluku,2
240005634,drg. Jelita Maheswara,P,2023,Aktif,PRODI32,Jawa Tengah,2
240005635,Dalima Wahyuni,L,2021,Aktif,PRODI09,Lampung,1
240005636,Safina Utama (Baru),L,2021,Aktif,PRODI36,Jawa Timur,2
240005637,Shakila Yuliarti (Baru),L,2021,Aktif,PRODI10,Sulawesi Utara,1
240005638,Bahuraksa Damanik (Baru),P,2022,Aktif,PRODI14,Kalimantan Selatan,2
240005639,R. Salimah Napitupulu (Baru),L,2023,Aktif,PRODI32,Sumatera Selatan,2
240005640,Ajiman Prastuti (Baru),P,2024,Aktif,PRODI14,Papua,2
240005641,Yani Marbun (Baru),L,2020,Lulus,PRODI04,DKI Jakarta,1
240005642,Septi Narpati (Baru),P,2024,Aktif,PRODI10,Sumatera Selatan,1
240005643,Ir. Gantar Suryono (Baru),L,2024,Aktif,PRODI23,Jambi,2
240005644,Cut Ifa Haryanto (Baru),L,2024,Aktif,PRODI34,Jawa Timur,2
240005645,Rangga Fujiati,L,2022,Aktif,PRODI18,Riau,2
240005646,Janet Budiman (Baru),P,2023,Cuti,PRODI33,DKI Jakarta,2
240005647,Chelsea Usamah (Baru),L,2020,Nonaktif,PRODI33,Kalimantan Barat,2
240005648,R.A. Latika Rajasa (Baru),P,2022,Aktif,PRODI34,Bangka Belitung,2
240005649,Rendy Pudjiastuti (Baru),P,2023,Aktif,PRODI16,Sulawesi Barat,2
240005650,R. Digdaya Winarsih,L,2024,Aktif,PRODI04,DKI Jakarta,1
240005651,H. Uda Sihombing,L,2020,Lulus,PRODI35,DKI Jakarta,2
240005652,Pangestu Siregar (Baru),P,2023,Aktif,PRODI34,Jawa Timur,2
240005653,Makuta Maheswara (Baru),L,2023,Aktif,PRODI34,Sulawesi Tenggara,2
240005654,Julia Siregar,L,2020,Lulus,PRODI04,Sulawesi Barat,1
240005655,Zalindra Narpati (Baru),P,2022,Aktif,PRODI27,Lampung,2
240005656,Latika Farida (Baru),P,2020,Lulus,PRODI12,Jawa Barat,2
240005657,H. Sidiq Oktaviani (Baru),L,2020,Lulus,PRODI10,Sulawesi Selatan,1
240005658,Drs. Paiman Astuti (Baru),L,2020,Drop Out,PRODI12,Papua Barat,2
240005659,Hj. Ifa Saefullah,L,2020,Lulus,PRODI16,Bengkulu,2
240005660,R.M. Bakidin Rajasa (Baru),L,2023,Aktif,PRODI34,Bengkulu,2
240005661,Elvina Rajasa (Baru),L,2024,Aktif,PRODI07,Bengkulu,2
240005662,Gina Mardhiyah,L,2024,Aktif,PRODI36,Jawa Timur,2
240005663,Irwan Kuswandari (Baru),P,2023,Aktif,PRODI32,Bali,2
240005664,Gatra Maheswara,P,2024,Aktif,PRODI25,Sumatera Utara,2
240005665,R.M. Tasdik Tarihoran,L,2024,Aktif,PRODI30,Maluku,2
240005666,KH. Hartana Saefullah (Baru),L,2024,Nonaktif,PRODI18,Jawa Tengah,2
240005667,Kayla Permata (Baru),L,2023,Aktif,PRODI16,Bengkulu,2
240005668,Gantar Sitompul (Baru),P,2023,Aktif,PRODI18,Kepulauan Riau,2
240005669,Melinda Nababan (Baru),P,2021,Cuti,PRODI32,DI Yogyakarta,2
240005670,Sadina Haryanto,P,2022,Aktif,PRODI12,Sumatera Barat,2
240005671,Slamet Marbun (Baru),P,2023,Drop Out,PRODI13,Sumatera Utara,2
240005672,Hasta Waluyo (Baru),P,2020,Lulus,PRODI13,Riau,2
240005673,Jarwa Budiman,L,2024,Aktif,PRODI18,Sulawesi Selatan,2
240005674,Karta Mulyani (Baru),P,2020,Lulus,PRODI11,Maluku Utara,2
240005675,Putri Hassanah (Baru),L,2024,Aktif,PRODI23,Jawa Timur,2
240005676,Paulin Uyainah (Baru),P,2023,Aktif,PRODI23,DKI Jakarta,2
240005677,Wirda Farida (Baru),L,2023,Aktif,PRODI07,Sulawesi Selatan,2
240005678,R.A. Dian Zulaika (Baru),L,2022,Aktif,PRODI16,Riau,2
240005679,Nabila Setiawan (Baru),P,2023,Aktif,PRODI25,Jawa Tengah,2
240005680,Cut Ratih Simanjuntak (Baru),L,2022,Aktif,PRODI10,Kalimantan Tengah,1
240005681,Ghaliyati Prasetya (Baru),L,2020,Nonaktif,PRODI07,Lampung,2
240005682,Ivan Hartati (Baru),P,2021,Aktif,PRODI11,Jawa Barat,2
240005683,Victoria Pangestu (Baru),P,2021,Aktif,PRODI34,Papua,2
240005684,Puti Jasmin Sudiati,P,2021,Aktif,PRODI10,Jambi,1
240005685,drg. Tiara Pangestu,L,2024,Aktif,PRODI09,Kepulauan Riau,1
240005686,R.M. Gada Thamrin (Baru),P,2022,Aktif,PRODI21,Sumatera Barat,2
240005687,Cemplunk Laksmiwati (Baru),P,2021,Aktif,PRODI13,Bali,2
240005688,Winda Damanik,L,2023,Aktif,PRODI14,Sumatera Selatan,2
240005689,R.M. Muhammad Wacana (Baru),L,2024,Aktif,PRODI16,Riau,2
240005690,Samsul Sihombing,L,2021,Cuti,PRODI35,Kalimantan Utara,2
240005691,Drs. Erik Permadi,L,2021,Aktif,PRODI09,Sulawesi Tenggara,1
240005692,Sutan Mumpuni Yulianti (Baru),L,2021,Aktif,PRODI21,Kalimantan Barat,2
240005693,Hairyanto Rajata,P,2022,Aktif,PRODI21,Papua,2
240005694,Yani Marbun (Baru),L,2020,Aktif,PRODI04,DKI Jakarta,1
240005695,Karimah Siregar (Baru),L,2022,Aktif,PRODI25,Jawa Timur,2
240005696,Cut Oliva Nuraini (Baru),P,2024,Aktif,PRODI37,Papua,2
240005697,Edi Rajata (Baru),P,2021,Drop Out,PRODI09,Jawa Timur,1
240005698,dr. Darman Prastuti,L,2024,Aktif,PRODI29,Jawa Timur,2
240005699,Tira Saptono (Baru),L,2022,Aktif,PRODI30,Jawa Timur,2
240005700,dr. Karta Hutasoit,L,2020,Aktif,PRODI37,Lampung,2
240005701,Teguh Hutasoit (Baru),P,2024,Nonaktif,PRODI30,Kalimantan Selatan,2
240005702,Balamantri Sihotang,P,2024,Aktif,PRODI25,Maluku,2
240005703,Simon Mardhiyah (Baru),L,2024,Nonaktif,PRODI35,Sulawesi Tengah,2
240005704,Irsad Utama (Baru),L,2022,Aktif,PRODI25,Nusa Tenggara Barat,2
240005705,Kamaria Sihotang (Baru),P,2020,Lulus,PRODI13,Sumatera Utara,2
240005706,Tasdik Nababan (Baru),L,2022,Aktif,PRODI11,Papua,2
240005707,H. Johan Sudiati (Baru),L,2021,Aktif,PRODI32,Sumatera Utara,2
240005708,Zizi Nasyidah (Baru),L,2021,Aktif,PRODI36,Bali,2
240005709,Unjani Wahyudin,L,2023,Aktif,PRODI36,Sulawesi Selatan,2
240005710,Jail Tampubolon (Baru),P,2024,Aktif,PRODI27,Sulawesi Tengah,2
240005711,Cakrajiya Wahyudin,P,2024,Aktif,PRODI21,Bangka Belitung,2
240005712,Cornelia Aryani (Baru),L,2023,Aktif,PRODI10,Riau,1
240005713,Yulia Situmorang (Baru),L,2024,Aktif,PRODI11,Kalimantan Selatan,2
240005714,Fitriani Kuswandari,L,2022,Nonaktif,PRODI10,Gorontalo,1
240005715,Darmaji Agustina (Baru),P,2020,Cuti,PRODI12,Maluku Utara,2
240005716,Edward Farida (Baru),P,2023,Aktif,PRODI29,Maluku Utara,2
240005717,Hj. Devi Saragih (Baru),L,2020,Lulus,PRODI23,Papua,2
240005718,Iriana Sinaga (Baru),P,2024,Aktif,PRODI25,Papua Barat,2
240005719,Winda Usamah,P,2022,Aktif,PRODI13,Bangka Belitung,2
240005720,Murti Rajata (Baru),P,2024,Aktif,PRODI23,Kalimantan Timur,2
240005721,Shakila Handayani,L,2024,Cuti,PRODI11,DI Yogyakarta,2
240005722,Cut Karen Mustofa,L,2023,Aktif,PRODI27,Aceh,2
240005723,T. Kunthara Manullang,L,2020,Aktif,PRODI10,Sulawesi Tengah,1
240005724,Puspa Januar,P,2020,Nonaktif,PRODI12,Papua,2
240005725,Nyoman Widodo (Baru),P,2020,Lulus,PRODI12,Maluku Utara,2
240005726,Shania Situmorang,P,2020,Lulus,PRODI29,Bangka Belitung,2
240005727,Hj. Devi Saragih (Baru),L,2020,Lulus,PRODI23,Jambi,2
240005728,Dian Maryati (Baru),P,2024,Cuti,PRODI09,Jawa Timur,1
240005729,R. Danu Uyainah,L,2021,Aktif,PRODI27,Jawa Tengah,2
240005730,Elma Siregar,P,2022,Aktif,PRODI37,Sulawesi Selatan,2
240005731,Drs. Fitriani Haryanto (Baru),P,2023,Aktif,PRODI25,Sulawesi Selatan,2
240005732,drg. Mahesa Suwarno,P,2024,Aktif,PRODI23,Lampung,2
240005733,Banara Setiawan (Baru),P,2024,Aktif,PRODI10,Lampung,1
240005734,Slamet Marbun (Baru),P,2023,Drop Out,PRODI13,Sumatera Utara,2
240005735,Tgk. Intan Wijaya (Baru),L,2021,Aktif,PRODI12,Papua,2
240005736,drg. Mahesa Suwarno,P,2024,Aktif,PRODI23,Nusa Tenggara Barat,2
240005737,Langgeng Sihombing (Baru),P,2023,Aktif,PRODI14,Sulawesi Utara,2
240005738,R.M. Perkasa Yulianti (Baru),L,2024,Aktif,PRODI32,Nusa Tenggara Barat,2
240005739,Hesti Salahudin,L,2023,Aktif,PRODI13,Sumatera Utara,2
240005740,T. Mahfud Saragih,P,2020,Lulus,PRODI13,Kepulauan Riau,2
240005741,Martani Iswahyudi,L,2022,Aktif,PRODI29,Maluku Utara,2
240005742,H. Bagiya Saefullah (Baru),P,2022,Aktif,PRODI13,Sumatera Selatan,2
240005743,Legawa Hutagalung,P,2021,Cuti,PRODI35,DKI Jakarta,2
240005744,Jatmiko Maryadi (Baru),P,2023,Aktif,PRODI12,Aceh,2
240005745,Cahyo Tarihoran (Baru),P,2021,Aktif,PRODI36,Papua Barat,2
240005746,Drs. Vicky Sitompul,L,2023,Aktif,PRODI34,Nusa Tenggara Barat,2
240005747,Latika Farida (Baru),P,2021,Aktif,PRODI37,Kalimantan Barat,2
240005748,Rendy Salahudin (Baru),L,2021,Aktif,PRODI33,Sulawesi Tenggara,2
240005749,Carla Natsir (Baru),L,2024,Aktif,PRODI34,Kepulauan Riau,2
240005750,Joko Kuswandari (Baru),P,2022,Aktif,PRODI09,Banten,1
240005751,Ajimin Pratama (Baru),P,2024,Aktif,PRODI29,Gorontalo,2
240005752,Shania Lestari (Baru),P,2024,Aktif,PRODI14,Kalimantan Selatan,2
240005753,Halima Utami (Baru),P,2022,Aktif,PRODI16,Sumatera Utara,2
240005754,Bambang Pratiwi (Baru),L,2024,Aktif,PRODI36,Kalimantan Barat,2
240005755,Vera Kusmawati (Baru),P,2024,Aktif,PRODI12,Lampung,2
240005756,Cakrajiya Wahyudin,P,2024,Cuti,PRODI21,Kalimantan Selatan,2
240005757,Aditya Laksita (Baru),P,2023,Drop Out,PRODI37,Sumatera Utara,2
240005758,Cut Natalia Nugroho (Baru),P,2020,Lulus,PRODI25,Sumatera Selatan,2
240005759,T. Jaya Ramadan (Baru),P,2024,Aktif,PRODI25,Jawa Timur,2
240005760,Alambana Purwanti (Baru),P,2023,Aktif,PRODI16,Nusa Tenggara Timur,2
240005761,Jamalia Melani (Baru),L,2024,Aktif,PRODI16,Sulawesi Selatan,2
240005762,Drs. Erik Permadi,L,2021,Aktif,PRODI09,Jambi,1
240005763,Syahrini Prasetyo (Baru),P,2023,Drop Out,PRODI34,Kepulauan Riau,2
240005764,Mila Prabowo (Baru),L,2020,Nonaktif,PRODI16,Bangka Belitung,2
240005765,Heru Melani (Baru),L,2022,Nonaktif,PRODI27,Kalimantan Utara,2
240005766,Dt. Balijan Maulana,L,2022,Aktif,PRODI37,Jawa Tengah,2
240005767,Ani Hutagalung (Baru),P,2021,Aktif,PRODI07,Sulawesi Tenggara,2
240005768,Siska Tarihoran,L,2022,Drop Out,PRODI07,Maluku,2
240005769,Mala Hastuti (Baru),P,2024,Aktif,PRODI25,Sumatera Utara,2
240005770,Kawaya Purnawati,L,2024,Aktif,PRODI14,Sulawesi Tengah,2
240005771,Hafshah Hastuti,P,2021,Cuti,PRODI13,Bali,2
240005772,Vega Habibi (Baru),L,2024,Aktif,PRODI33,Bengkulu,2
240005773,Hartana Astuti (Baru),P,2024,Aktif,PRODI12,Jawa Barat,2
240005774,Raden Winarsih (Baru),L,2020,Lulus,PRODI14,Maluku Utara,2
240005775,Prabawa Narpati (Baru),P,2020,Lulus,PRODI12,Kalimantan Barat,2
240005776,Artanto Prastuti,P,2024,Aktif,PRODI18,Sumatera Barat,2
240005777,H. Sidiq Oktaviani (Baru),L,2020,Lulus,PRODI10,Jawa Timur,1
240005778,Lalita Pradana (Baru),P,2020,Aktif,PRODI29,Jawa Barat,2
240005779,Chelsea Prakasa (Baru),P,2022,Cuti,PRODI29,Maluku Utara,2
240005780,R. Digdaya Winarsih,L,2024,Aktif,PRODI04,Kepulauan Riau,1
240005781,Hana Fujiati (Baru),P,2021,Cuti,PRODI13,Kepulauan Riau,2
240005782,Amalia Zulkarnain (Baru),L,2024,Aktif,PRODI32,Kalimantan Barat,2
240005783,Lasmanto Sudiati (Baru),P,2020,Lulus,PRODI10,DKI Jakarta,1
240005784,Queen Sihotang (Baru),L,2021,Aktif,PRODI23,Sumatera Selatan,2
240005785,Adinata Agustina,P,2020,Drop Out,PRODI37,Bengkulu,2
240005786,Tgk. Lurhur Handayani,P,2021,Aktif,PRODI14,Kepulauan Riau,2
240005787,Surya Hutasoit (Baru),L,2021,Aktif,PRODI29,Papua,2
240005788,Nilam Handayani (Baru),P,2021,Cuti,PRODI35,Kepulauan Riau,2
240005789,Eka Mansur (Baru),P,2024,Nonaktif,PRODI23,Lampung,2
240005790,Virman Saputra (Baru),P,2021,Aktif,PRODI13,Sumatera Utara,2
240005791,Prakosa Sinaga (Baru),L,2023,Aktif,PRODI30,Lampung,2
240005792,Jarwadi Najmudin (Baru),L,2020,Lulus,PRODI14,Lampung,2
240005793,Embuh Purnawati,L,2024,Aktif,PRODI21,Kalimantan Tengah,2
240005794,Dt. Jono Wijayanti,P,2023,Aktif,PRODI21,Papua,2
240005795,Elisa Kurniawan,P,2024,Aktif,PRODI18,Bangka Belitung,2
240005796,Jamalia Hutasoit (Baru),L,2023,Aktif,PRODI25,Maluku Utara,2
240005797,Ella Mandasari,P,2023,Aktif,PRODI37,Sumatera Barat,2
240005798,Ir. Ibrahim Megantara,P,2021,Drop Out,PRODI30,Maluku,2
240005799,Maman Zulaika (Baru),P,2021,Nonaktif,PRODI11,Jambi,2
240005800,Marsito Widiastuti (Baru),P,2023,Aktif,PRODI21,Sulawesi Barat,2
240005801,Ir. Harjo Susanti (Baru),P,2020,Aktif,PRODI07,Bali,2
240005802,Calista Andriani (Baru),L,2020,Lulus,PRODI33,Sulawesi Selatan,2
240005803,Ir. Agnes Sitompul,L,2024,Aktif,PRODI21,Kalimantan Barat,2
240005804,Damar Anggraini (Baru),L,2023,Aktif,PRODI37,Sumatera Barat,2
240005805,Suci Prasetyo (Baru),P,2021,Aktif,PRODI23,Bengkulu,2
240005806,drg. Gatot Zulaika (Baru),L,2022,Aktif,PRODI25,DKI Jakarta,2
240005807,Mursita Tamba (Baru),P,2020,Lulus,PRODI29,Sulawesi Tenggara,2
240005808,Fitriani Nurdiyanti (Baru),P,2021,Aktif,PRODI14,Sulawesi Barat,2
240005809,Endah Salahudin (Baru),L,2024,Aktif,PRODI16,Jambi,2
240005810,Mulyanto Maryadi (Baru),L,2023,Aktif,PRODI32,Jambi,2
240005811,Drs. Ghani Yulianti (Baru),L,2021,Cuti,PRODI25,Maluku Utara,2
240005812,Karta Suartini (Baru),P,2021,Drop Out,PRODI12,Maluku,2
240005813,Jefri Dongoran (Baru),L,2022,Aktif,PRODI30,Sulawesi Tengah,2
240005814,Ian Thamrin (Baru),L,2021,Aktif,PRODI16,Sulawesi Selatan,2
240005815,Tgk. Adhiarja Pratama,P,2023,Aktif,PRODI12,Jambi,2
240005816,Salman Wastuti (Baru),P,2020,Lulus,PRODI25,Maluku Utara,2
240005817,Diah Situmorang (Baru),P,2021,Aktif,PRODI14,Kepulauan Riau,2
240005818,Ana Pangestu (Baru),P,2024,Aktif,PRODI07,Gorontalo,2
240005819,Lurhur Santoso (Baru),L,2024,Aktif,PRODI29,Kepulauan Riau,2
240005820,Dt. Prayoga Wasita,P,2020,Lulus,PRODI37,Sumatera Utara,2
240005821,Kawaya Purnawati,L,2024,Aktif,PRODI14,Maluku Utara,2
240005822,Ir. Clara Gunarto (Baru),P,2024,Aktif,PRODI27,Gorontalo,2
240005823,Cayadi Rahmawati,L,2024,Aktif,PRODI23,Kalimantan Selatan,2
240005824,Drs. Adhiarja Ramadan,P,2021,Aktif,PRODI18,Kalimantan Utara,2
240005825,Nasim Astuti (Baru),L,2023,Aktif,PRODI37,Nusa Tenggara Timur,2
240005826,Artanto Dabukke (Baru),L,2022,Aktif,PRODI25,Sulawesi Selatan,2
240005827,Jayeng Permadi,P,2021,Aktif,PRODI35,Sulawesi Tengah,2
240005828,Tiara Mustofa,P,2021,Aktif,PRODI25,Jawa Barat,2
240005829,Alika Mandasari (Baru),P,2020,Aktif,PRODI04,Maluku Utara,1
240005830,Kacung Anggriawan (Baru),P,2022,Aktif,PRODI14,Bengkulu,2
240005831,Ifa Mardhiyah (Baru),P,2021,Aktif,PRODI09,Kalimantan Barat,1
240005832,KH. Sakti Oktaviani,P,2023,Aktif,PRODI14,Jambi,2
240005833,Dt. Jono Wijayanti,P,2023,Aktif,PRODI21,Lampung,2
240005834,dr. Dagel Aryani,P,2024,Aktif,PRODI16,Kalimantan Utara,2
240005835,Puti Michelle Habibi,L,2021,Aktif,PRODI27,Nusa Tenggara Timur,2
240005836,Yessi Pranowo (Baru),P,2020,Lulus,PRODI36,Jawa Barat,2
240005837,Jane Laksita (Baru),L,2023,Aktif,PRODI25,Jawa Timur,2
240005838,Salman Wastuti (Baru),P,2020,Nonaktif,PRODI25,Bengkulu,2
240005839,Ilsa Suryono (Baru),P,2021,Aktif,PRODI18,Jambi,2
240005840,Heru Nugroho (Baru),L,2024,Nonaktif,PRODI36,Kalimantan Selatan,2
240005841,Dr. Sakura Yulianti (Baru),L,2024,Aktif,PRODI13,Riau,2
240005842,Lasmanto Pudjiastuti (Baru),L,2020,Lulus,PRODI04,Kalimantan Tengah,1
240005843,Yuni Damanik (Baru),P,2021,Aktif,PRODI30,Bengkulu,2
240005844,R.M. Muhammad Wacana (Baru),L,2024,Aktif,PRODI16,Jambi,2
240005845,R.M. Surya Siregar (Baru),L,2022,Aktif,PRODI29,Riau,2
240005846,Belinda Wahyuni (Baru),L,2024,Aktif,PRODI32,Sulawesi Utara,2
240005847,Chelsea Kuswandari (Baru),P,2021,Aktif,PRODI25,Nusa Tenggara Timur,2
240005848,Uchita Yuliarti (Baru),L,2020,Lulus,PRODI36,Papua Barat,2
240005849,Drs. Farhunnisa Hassanah (Baru),P,2022,Drop Out,PRODI11,Sumatera Utara,2
240005850,Cut Kania Usada (Baru),L,2024,Aktif,PRODI32,Bali,2
240005851,Kardi Wasita (Baru),P,2021,Aktif,PRODI16,Maluku Utara,2
240005852,Jaya Mayasari (Baru),L,2024,Aktif,PRODI16,DKI Jakarta,2
240005853,Wirda Farida (Baru),L,2023,Aktif,PRODI07,DI Yogyakarta,2
240005854,R. Vera Prakasa (Baru),P,2023,Aktif,PRODI21,DKI Jakarta,2
240005855,Kacung Anggriawan (Baru),P,2022,Aktif,PRODI14,Jawa Timur,2
240005856,R.M. Wardi Haryanti,L,2023,Aktif,PRODI37,Sulawesi Tengah,2
240005857,Karta Ardianto,L,2023,Aktif,PRODI11,DKI Jakarta,2
240005858,Amelia Melani (Baru),P,2024,Aktif,PRODI21,Sulawesi Utara,2
240005859,Cayadi Rahmawati,L,2024,Aktif,PRODI23,Jawa Timur,2
240005860,Bagya Wastuti (Baru),L,2022,Aktif,PRODI13,Banten,2
240005861,Ghaliyati Jailani (Baru),P,2022,Aktif,PRODI29,Riau,2
240005862,Kuncara Hasanah (Baru),L,2020,Nonaktif,PRODI16,Sumatera Utara,2
240005863,Titin Dabukke (Baru),L,2020,Lulus,PRODI04,Jawa Timur,1
240005864,Rama Kuswoyo (Baru),P,2021,Aktif,PRODI35,Kalimantan Selatan,2
240005865,Danuja Pudjiastuti (Baru),P,2020,Lulus,PRODI21,Jawa Tengah,2
240005866,Karsa Manullang (Baru),P,2023,Aktif,PRODI30,Papua,2
240005867,Unjani Zulaika (Baru),P,2020,Cuti,PRODI27,Papua,2
240005868,Kemba Puspita (Baru),P,2020,Lulus,PRODI23,Jawa Barat,2
240005869,Tirtayasa Agustina,L,2023,Aktif,PRODI14,Aceh,2
240005870,Kanda Pratama (Baru),L,2021,Aktif,PRODI25,Sumatera Utara,2
240005871,Melinda Maryadi (Baru),P,2021,Aktif,PRODI13,Kalimantan Utara,2
240005872,Carla Jailani (Baru),L,2021,Aktif,PRODI13,Maluku,2
240005873,Azalea Kuswoyo (Baru),P,2020,Lulus,PRODI36,Jawa Tengah,2
240005874,Cemplunk Situmorang (Baru),P,2020,Lulus,PRODI37,Papua,2
240005875,Karimah Siregar (Baru),L,2022,Aktif,PRODI25,Banten,2
240005876,Heru Nugroho (Baru),L,2024,Aktif,PRODI36,Gorontalo,2
240005877,Zelda Rahmawati (Baru),L,2023,Aktif,PRODI10,Bangka Belitung,1
240005878,Sarah Pratama (Baru),L,2023,Aktif,PRODI33,Sulawesi Tengah,2
240005879,Gading Nainggolan (Baru),P,2023,Aktif,PRODI25,Maluku,2
240005880,Hj. Oliva Permadi (Baru),L,2023,Aktif,PRODI04,Papua Barat,1
240005881,Wardaya Rajata (Baru),L,2024,Aktif,PRODI10,Sulawesi Selatan,1
240005882,Uchita Pangestu,L,2020,Aktif,PRODI18,Bangka Belitung,2
240005883,Jayeng Hutapea (Baru),P,2024,Aktif,PRODI16,Jambi,2
240005884,Malika Kurniawan (Baru),P,2020,Lulus,PRODI09,Bangka Belitung,1
240005885,Ir. Jayeng Napitupulu,L,2022,Aktif,PRODI32,Jawa Timur,2
240005886,H. Paiman Ramadan,L,2023,Nonaktif,PRODI23,Sulawesi Selatan,2
240005887,Puti Nadine Rajasa,L,2020,Cuti,PRODI23,DKI Jakarta,2
240005888,Dr. Titin Wastuti (Baru),L,2024,Aktif,PRODI21,Bengkulu,2
240005889,Ir. Karimah Nababan (Baru),L,2022,Aktif,PRODI25,Banten,2
240005890,Eka Purnawati (Baru),L,2024,Cuti,PRODI23,Banten,2
240005891,Lintang Yuliarti (Baru),L,2023,Aktif,PRODI29,Nusa Tenggara Timur,2
240005892,Paiman Tampubolon (Baru),P,2022,Aktif,PRODI07,Jambi,2
240005893,Ghani Tarihoran (Baru),P,2023,Aktif,PRODI14,Jawa Barat,2
240005894,Oman Pranowo (Baru),L,2021,Nonaktif,PRODI10,Bengkulu,1
240005895,Tgk. Anita Manullang,L,2022,Aktif,PRODI04,Papua Barat,1
240005896,Faizah Budiman (Baru),L,2023,Aktif,PRODI13,Gorontalo,2
240005897,Puti Kezia Saragih,P,2023,Cuti,PRODI33,Nusa Tenggara Barat,2
240005898,Drajat Ardianto (Baru),P,2021,Aktif,PRODI29,Jawa Timur,2
240005899,Hana Tarihoran (Baru),P,2020,Lulus,PRODI10,Jambi,1
240005900,Sutan Gandi Hardiansyah (Baru),L,2021,Aktif,PRODI18,Kalimantan Selatan,2
240005901,drg. Najwa Oktaviani (Baru),P,2023,Aktif,PRODI23,Riau,2
240005902,Julia Siregar,L,2020,Aktif,PRODI04,Nusa Tenggara Barat,1
240005903,Yuliana Firmansyah (Baru),L,2024,Aktif,PRODI12,Maluku Utara,2
240005904,Lasmanto Pudjiastuti (Baru),L,2020,Nonaktif,PRODI04,Sumatera Selatan,1
240005905,Juli Usada (Baru),L,2022,Aktif,PRODI25,Sumatera Selatan,2
240005906,Tiara Ramadan (Baru),P,2022,Aktif,PRODI11,Sulawesi Utara,2
240005907,Artawan Ardianto (Baru),L,2021,Aktif,PRODI36,Maluku Utara,2
240005908,Emas Sihombing (Baru),P,2024,Aktif,PRODI29,DI Yogyakarta,2
240005909,Nabila Setiawan (Baru),P,2023,Aktif,PRODI25,Jambi,2
240005910,Sarah Waskita (Baru),L,2023,Aktif,PRODI16,DKI Jakarta,2
240005911,Devi Marbun (Baru),P,2024,Aktif,PRODI14,Sumatera Barat,2
240005912,Tgk. Intan Wijaya (Baru),L,2021,Aktif,PRODI12,Sulawesi Utara,2
240005913,Cut Kania Usada (Baru),L,2024,Aktif,PRODI32,Aceh,2
240005914,Julia Santoso (Baru),L,2020,Lulus,PRODI07,Riau,2
240005915,Halim Waskita,L,2023,Aktif,PRODI14,Kalimantan Utara,2
240005916,Sutan Cengkal Firmansyah,P,2022,Aktif,PRODI21,Sumatera Barat,2
240005917,Surya Gunawan (Baru),L,2022,Drop Out,PRODI11,Sulawesi Tenggara,2
240005918,Galak Nasyiah (Baru),L,2020,Lulus,PRODI07,Kalimantan Tengah,2
240005919,Limar Hasanah (Baru),P,2023,Aktif,PRODI04,Banten,1
240005920,Caket Simbolon,L,2022,Aktif,PRODI11,Sumatera Barat,2
240005921,Imam Zulkarnain (Baru),P,2022,Aktif,PRODI07,Bengkulu,2
240005922,Emin Saragih (Baru),L,2023,Aktif,PRODI23,Jawa Timur,2
240005923,Julia Mandasari (Baru),L,2024,Aktif,PRODI37,Sulawesi Utara,2
240005924,Paulin Pertiwi (Baru),L,2023,Aktif,PRODI32,Sulawesi Tenggara,2
240005925,Wirda Farida (Baru),L,2023,Aktif,PRODI07,Sulawesi Utara,2
240005926,R.A. Ira Suartini (Baru),L,2021,Aktif,PRODI32,Kalimantan Utara,2
240005927,R. Lalita Sihombing,P,2024,Aktif,PRODI10,Kalimantan Utara,1
240005928,Reza Prasasta (Baru),L,2021,Aktif,PRODI30,Jawa Barat,2
240005929,R. Oni Hidayat (Baru),L,2023,Aktif,PRODI12,Sulawesi Tenggara,2
240005930,Unjani Wahyudin,L,2023,Aktif,PRODI36,DI Yogyakarta,2
240005931,Mahfud Latupono,P,2022,Aktif,PRODI27,Sulawesi Tengah,2
240005932,Cici Pratiwi (Baru),L,2023,Drop Out,PRODI13,Sumatera Selatan,2
240005933,Jayadi Nuraini (Baru),L,2024,Aktif,PRODI21,Jambi,2
240005934,Harsana Novitasari (Baru),P,2021,Aktif,PRODI30,Sulawesi Tengah,2
240005935,Muni Suryono (Baru),P,2022,Aktif,PRODI04,Papua Barat,1
240005936,Eka Hidayanto (Baru),L,2023,Aktif,PRODI33,Lampung,2
240005937,Kunthara Purnawati (Baru),P,2020,Lulus,PRODI10,Gorontalo,1
240005938,Gawati Rahayu (Baru),P,2024,Aktif,PRODI27,Sulawesi Utara,2
240005939,Ir. Kamila Andriani,P,2021,Aktif,PRODI37,Lampung,2
240005940,Dr. Joko Siregar,L,2022,Aktif,PRODI12,Sulawesi Utara,2
240005941,T. Daru Lestari,L,2022,Nonaktif,PRODI27,Sulawesi Utara,2
240005942,Kayla Budiyanto (Baru),L,2024,Aktif,PRODI33,Kalimantan Selatan,2
240005943,Kemba Saragih (Baru),L,2022,Aktif,PRODI23,Jawa Barat,2
240005944,dr. Raditya Hutasoit,P,2021,Aktif,PRODI21,Sumatera Utara,2
240005945,Bahuraksa Sihotang (Baru),L,2023,Aktif,PRODI25,Riau,2
240005946,Makuta Damanik (Baru),L,2022,Aktif,PRODI07,Kalimantan Timur,2
240005947,Faizah Megantara (Baru),P,2021,Aktif,PRODI29,Kalimantan Barat,2
240005948,Raihan Sudiati (Baru),P,2021,Aktif,PRODI07,Kalimantan Timur,2
240005949,Upik Hutapea,P,2021,Aktif,PRODI37,Papua,2
240005950,H. Kusuma Riyanti (Baru),P,2020,Aktif,PRODI37,Jawa Timur,2
240005951,Maman Wibowo (Baru),L,2021,Aktif,PRODI29,Papua,2
240005952,Kawaya Purnawati,L,2024,Aktif,PRODI14,Bengkulu,2
240005953,Hj. Rina Yuniar (Baru),P,2022,Aktif,PRODI12,Sulawesi Utara,2
240005954,Drs. Laras Tamba (Baru),P,2024,Aktif,PRODI25,Kalimantan Timur,2
240005955,dr. Puput Hardiansyah,P,2022,Aktif,PRODI18,Papua Barat,2
240005956,Dr. Lega Puspasari,P,2024,Aktif,PRODI07,Sulawesi Tengah,2
240005957,Zizi Laksmiwati,P,2024,Nonaktif,PRODI18,Kepulauan Riau,2
240005958,Melinda Fujiati (Baru),P,2023,Aktif,PRODI04,Kalimantan Timur,1
240005959,Bakiono Gunarto (Baru),L,2024,Aktif,PRODI25,Jawa Tengah,2
240005960,Yuliana Melani (Baru),P,2021,Cuti,PRODI10,Bali,1
240005961,Ani Hutagalung (Baru),P,2021,Aktif,PRODI07,Kalimantan Selatan,2
240005962,Agnes Wibowo (Baru),L,2024,Aktif,PRODI35,Kalimantan Selatan,2
240005963,Mahfud Tampubolon (Baru),P,2021,Aktif,PRODI14,Riau,2
240005964,Siska Saefullah,L,2024,Aktif,PRODI27,Papua Barat,2
240005965,Martana Budiyanto (Baru),L,2021,Aktif,PRODI29,Bali,2
240005966,Kalim Budiyanto (Baru),P,2024,Aktif,PRODI36,Papua Barat,2
240005967,dr. Dagel Aryani,P,2024,Aktif,PRODI16,Sulawesi Tenggara,2
240005968,Cut Puji Hidayat (Baru),L,2024,Aktif,PRODI23,Nusa Tenggara Barat,2
240005969,Limar Fujiati,P,2023,Aktif,PRODI32,Kepulauan Riau,2
240005970,Dr. Najam Budiman (Baru),L,2020,Cuti,PRODI10,Sumatera Barat,1
240005971,Dewi Mandala (Baru),P,2024,Aktif,PRODI21,Sumatera Utara,2
240005972,Dalima Saptono (Baru),P,2024,Aktif,PRODI11,Jawa Timur,2
240005973,Ani Hutagalung (Baru),P,2021,Aktif,PRODI07,Kalimantan Selatan,2
240005974,Legawa Sitorus (Baru),L,2023,Aktif,PRODI16,Bangka Belitung,2
240005975,R. Ina Haryanti,L,2023,Aktif,PRODI34,Jawa Tengah,2
240005976,Ellis Maryati,L,2023,Aktif,PRODI35,Kalimantan Barat,2
240005977,Ir. Najib Yolanda,P,2023,Aktif,PRODI36,Banten,2
240005978,R. Cagak Suartini (Baru),L,2020,Aktif,PRODI12,Kalimantan Selatan,2
240005979,Ismail Nugroho,P,2021,Aktif,PRODI18,Sulawesi Tenggara,2
240005980,Hj. Ajeng Mansur,L,2023,Aktif,PRODI16,Sumatera Barat,2
240005981,Puti Ella Anggriawan,P,2021,Cuti,PRODI23,Bali,2
240005982,Siska Pradipta (Baru),L,2024,Aktif,PRODI32,Sulawesi Tengah,2
240005983,R.A. Samiah Suryono (Baru),L,2022,Aktif,PRODI29,Bengkulu,2
240005984,Ir. Wawan Megantara,P,2021,Aktif,PRODI14,Sulawesi Selatan,2
240005985,Ian Thamrin (Baru),L,2021,Aktif,PRODI16,Jawa Timur,2
240005986,T. Jaya Siregar,P,2024,Nonaktif,PRODI37,Sulawesi Tenggara,2
240005987,R.M. Wardi Haryanti,L,2023,Aktif,PRODI37,Bangka Belitung,2
240005988,Amelia Wijaya (Baru),P,2022,Aktif,PRODI37,Nusa Tenggara Barat,2
240005989,Drs. Ellis Utami (Baru),P,2024,Aktif,PRODI23,Jawa Timur,2
240005990,H. Saiful Andriani (Baru),P,2024,Aktif,PRODI30,Kalimantan Selatan,2
240005991,Adikara Santoso (Baru),L,2021,Aktif,PRODI23,Nusa Tenggara Timur,2
240005992,Elvin Hakim (Baru),L,2021,Aktif,PRODI10,Kepulauan Riau,1
240005993,Capa Pratiwi (Baru),P,2022,Aktif,PRODI30,Bengkulu,2
240005994,dr. Puti Hutapea (Baru),L,2023,Aktif,PRODI04,Banten,1
240005995,Pangeran Tampubolon (Baru),L,2020,Lulus,PRODI14,Riau,2
240005996,Kamidin Permadi,L,2024,Aktif,PRODI23,Kepulauan Riau,2
240005997,Kusuma Situmorang (Baru),P,2020,Cuti,PRODI30,DI Yogyakarta,2
240005998,Martaka Nurdiyanti,L,2023,Drop Out,PRODI21,Sumatera Selatan,2
240005999,Ratih Zulkarnain (Baru),L,2021,Aktif,PRODI07,Maluku,2
240006000,Ir. Uchita Aryani,P,2020,Lulus,PRODI21,Gorontalo,2
240006001,Edward Jailani (Baru),P,2024,Aktif,PRODI13,Kalimantan Utara,2
240006002,Amelia Melani (Baru),P,2024,Aktif,PRODI21,Jawa Timur,2
240006003,Aurora Habibi (Baru),L,2022,Aktif,PRODI21,Jawa Tengah,2
240006004,dr. Lanjar Damanik (Baru),L,2021,Aktif,PRODI12,Kalimantan Selatan,2
240006005,Ulya Latupono (Baru),P,2022,Aktif,PRODI30,Papua,2
240006006,Ir. Darsirah Kuswandari (Baru),P,2022,Aktif,PRODI32,Papua,2
240006007,Edward Jailani (Baru),P,2024,Aktif,PRODI13,Maluku,2
240006008,Tina Prasetyo,P,2020,Aktif,PRODI07,Kalimantan Utara,2
240006009,Jati Lestari (Baru),L,2023,Aktif,PRODI27,Bengkulu,2
240006010,Vino Hidayanto (Baru),P,2020,Aktif,PRODI33,DKI Jakarta,2
240006011,Elvin Hakim (Baru),L,2021,Aktif,PRODI10,Jambi,1
240006012,Wahyu Sudiati (Baru),L,2024,Aktif,PRODI09,DI Yogyakarta,1
240006013,T. Jaya Siregar,P,2024,Aktif,PRODI37,Papua,2
240006014,Tugiman Marpaung (Baru),P,2020,Lulus,PRODI16,Bali,2
240006015,Prasetyo Waluyo (Baru),P,2021,Aktif,PRODI21,Kalimantan Timur,2
240006016,dr. Opung Situmorang,P,2022,Aktif,PRODI11,Aceh,2
240006017,dr. Oliva Hutagalung (Baru),P,2021,Aktif,PRODI25,Bengkulu,2
240006018,Ibrani Samosir (Baru),P,2024,Aktif,PRODI27,Banten,2
240006019,Eman Puspasari (Baru),L,2022,Aktif,PRODI23,Sulawesi Barat,2
240006020,Budi Wulandari (Baru),L,2020,Lulus,PRODI36,Lampung,2
240006021,Farah Gunarto (Baru),L,2022,Aktif,PRODI32,DI Yogyakarta,2
240006022,dr. Puti Hutapea (Baru),L,2023,Aktif,PRODI04,Jambi,1
240006023,Ir. Kamila Andriani,P,2021,Aktif,PRODI37,Banten,2
240006024,Mitra Winarsih (Baru),P,2024,Aktif,PRODI23,Kalimantan Tengah,2
240006025,Jaswadi Maheswara (Baru),L,2022,Aktif,PRODI04,Kalimantan Tengah,1
240006026,Kariman Tamba,L,2023,Aktif,PRODI36,Sulawesi Utara,2
240006027,Sabrina Wijayanti,P,2022,Aktif,PRODI27,Bengkulu,2
240006028,Garan Rahmawati,P,2024,Aktif,PRODI33,Kepulauan Riau,2
240006029,Ilsa Haryanto,P,2020,Aktif,PRODI14,Kalimantan Barat,2
240006030,drg. Edi Nuraini,P,2021,Aktif,PRODI13,Kalimantan Barat,2
240006031,Amelia Wijaya (Baru),P,2022,Aktif,PRODI37,Maluku Utara,2
240006032,H. Darsirah Nurdiyanti,P,2023,Aktif,PRODI10,Jambi,1
240006033,Cinthia Hutapea (Baru),L,2022,Aktif,PRODI34,Banten,2
240006034,Jatmiko Maryadi (Baru),P,2023,Aktif,PRODI12,Papua,2
240006035,Amelia Wijaya (Baru),P,2022,Drop Out,PRODI37,Bangka Belitung,2
240006036,Jumadi Santoso,P,2022,Aktif,PRODI30,Sumatera Utara,2
240006037,Suci Sudiati (Baru),L,2023,Aktif,PRODI23,Aceh,2
240006038,Nalar Hutagalung (Baru),P,2024,Aktif,PRODI32,Bali,2
240006039,Dirja Kusumo (Baru),L,2021,Aktif,PRODI14,Kalimantan Tengah,2
240006040,Kayla Budiman (Baru),L,2023,Aktif,PRODI11,Banten,2
240006041,Yuni Rahayu (Baru),L,2024,Nonaktif,PRODI32,Maluku,2
240006042,Dian Maryati (Baru),P,2024,Drop Out,PRODI09,Jawa Timur,1
240006043,Ghaliyati Prasetya (Baru),L,2020,Lulus,PRODI07,Maluku,2
240006044,Ira Mandasari (Baru),P,2024,Aktif,PRODI37,Bangka Belitung,2
240006045,Adhiarja Mayasari (Baru),P,2022,Cuti,PRODI18,Jawa Timur,2
240006046,Mahdi Wibisono,L,2024,Aktif,PRODI07,Sumatera Selatan,2
240006047,Lutfan Yuliarti (Baru),P,2022,Aktif,PRODI33,Kalimantan Selatan,2
240006048,Yance Hutagalung,P,2023,Aktif,PRODI30,Sumatera Utara,2
240006049,Niyaga Hakim (Baru),L,2023,Aktif,PRODI29,Sulawesi Barat,2
240006050,Ir. Ivan Tampubolon (Baru),P,2022,Aktif,PRODI36,Banten,2
240006051,Rika Mahendra (Baru),L,2021,Aktif,PRODI04,Kalimantan Selatan,1
240006052,Gina Mandala (Baru),P,2022,Aktif,PRODI11,Sulawesi Selatan,2
240006053,H. Pangestu Wahyuni (Baru),P,2023,Aktif,PRODI14,DI Yogyakarta,2
240006054,Bajragin Rahimah (Baru),P,2020,Lulus,PRODI33,Sumatera Selatan,2
240006055,Jane Prastuti (Baru),P,2022,Aktif,PRODI25,Kalimantan Timur,2
240006056,Iriana Saragih,P,2022,Aktif,PRODI13,Kalimantan Selatan,2
240006057,Yance Kuswandari (Baru),P,2023,Aktif,PRODI09,Kalimantan Barat,1
240006058,Agnes Sihombing,P,2023,Aktif,PRODI23,Bali,2
240006059,drg. Najwa Oktaviani (Baru),P,2023,Aktif,PRODI23,Lampung,2
240006060,Drs. Sadina Rahmawati (Baru),L,2020,Lulus,PRODI13,Papua Barat,2
240006061,Tira Narpati (Baru),P,2023,Aktif,PRODI21,Kalimantan Utara,2
240006062,Zalindra Prastuti (Baru),L,2023,Aktif,PRODI07,Sulawesi Tenggara,2
240006063,Fitriani Mahendra (Baru),P,2020,Drop Out,PRODI25,DI Yogyakarta,2
240006064,Lalita Sitorus,P,2023,Drop Out,PRODI12,DKI Jakarta,2
240006065,Paulin Uyainah (Baru),P,2023,Aktif,PRODI23,DI Yogyakarta,2
240006066,Bajragin Firmansyah (Baru),P,2021,Aktif,PRODI07,Kepulauan Riau,2
240006067,Ina Setiawan (Baru),L,2024,Aktif,PRODI10,Jawa Timur,1
240006068,Artawan Kuswoyo (Baru),L,2021,Aktif,PRODI27,Papua Barat,2
240006069,Titi Puspita (Baru),P,2021,Aktif,PRODI18,Kalimantan Barat,2
240006070,Drs. Viman Susanti (Baru),L,2021,Aktif,PRODI11,Sulawesi Selatan,2
240006071,Muhammad Adriansyah (Baru),L,2020,Lulus,PRODI37,Bangka Belitung,2
240006072,Tgk. Lurhur Handayani,P,2021,Nonaktif,PRODI14,Aceh,2
240006073,Hj. Ifa Saefullah,L,2020,Lulus,PRODI16,Sumatera Barat,2
240006074,Lalita Sitorus,P,2023,Aktif,PRODI12,Sulawesi Tenggara,2
240006075,Iriana Najmudin (Baru),P,2023,Cuti,PRODI29,Lampung,2
240006076,R.A. Bella Lestari (Baru),P,2021,Aktif,PRODI23,Lampung,2
240006077,Gina Iswahyudi (Baru),P,2020,Nonaktif,PRODI16,Sulawesi Barat,2
240006078,Hj. Vicky Usamah,L,2021,Aktif,PRODI37,Papua Barat,2
240006079,Iriana Sinaga (Baru),P,2024,Drop Out,PRODI25,Kepulauan Riau,2
240006080,Hafshah Hutapea (Baru),L,2020,Aktif,PRODI33,Maluku Utara,2
240006081,Darmana Anggraini (Baru),P,2023,Aktif,PRODI21,Riau,2
240006082,Paiman Padmasari (Baru),L,2024,Aktif,PRODI32,Bengkulu,2
240006083,Irwan Wacana (Baru),L,2021,Aktif,PRODI27,Kalimantan Timur,2
240006084,Dagel Maulana (Baru),P,2023,Aktif,PRODI04,Sulawesi Tenggara,1
240006085,Saadat Mangunsong (Baru),P,2020,Lulus,PRODI33,Sulawesi Barat,2
240006086,Emas Sihombing (Baru),P,2024,Aktif,PRODI29,Kepulauan Riau,2
240006087,Liman Winarno (Baru),P,2020,Lulus,PRODI04,Banten,1
240006088,Intan Mandasari (Baru),L,2022,Aktif,PRODI37,Kepulauan Riau,2
240006089,Intan Gunarto (Baru),P,2020,Lulus,PRODI37,Papua Barat,2
240006090,dr. Melinda Aryani,P,2024,Aktif,PRODI14,Sulawesi Tengah,2
240006091,T. Kadir Permata,L,2023,Aktif,PRODI34,Nusa Tenggara Timur,2
240006092,Puspa Haryanto (Baru),P,2021,Aktif,PRODI32,Sumatera Utara,2
240006093,Paris Safitri,L,2020,Lulus,PRODI09,Sumatera Barat,1
240006094,Amelia Hassanah,L,2022,Aktif,PRODI30,Papua Barat,2
240006095,R.M. Samsul Prasasta,P,2023,Aktif,PRODI16,Bali,2
240006096,Tedi Sitompul (Baru),P,2024,Aktif,PRODI07,Maluku,2
240006097,Ghani Nashiruddin (Baru),P,2024,Aktif,PRODI14,Bengkulu,2
240006098,Zahra Natsir (Baru),L,2020,Lulus,PRODI37,Jawa Timur,2
240006099,Murti Santoso (Baru),P,2023,Aktif,PRODI14,Sulawesi Selatan,2
240006100,Dr. Michelle Kuswoyo (Baru),P,2020,Lulus,PRODI07,Kalimantan Timur,2
240006101,Clara Riyanti (Baru),L,2023,Aktif,PRODI36,Jambi,2
240006102,Talia Pudjiastuti (Baru),L,2023,Aktif,PRODI23,Sulawesi Utara,2
240006103,Pangestu Siregar (Baru),P,2023,Aktif,PRODI34,DKI Jakarta,2
240006104,Puji Padmasari,P,2022,Aktif,PRODI10,DKI Jakarta,1
240006105,Puti Ciaobella Haryanto (Baru),P,2024,Aktif,PRODI16,Papua Barat,2
240006106,Akarsana Siregar (Baru),P,2024,Aktif,PRODI12,Kalimantan Utara,2
240006107,T. Nalar Pradana,P,2020,Lulus,PRODI25,Kalimantan Barat,2
240006108,Karya Nugroho (Baru),P,2020,Lulus,PRODI11,Kalimantan Barat,2
240006109,Najwa Hidayat,P,2021,Aktif,PRODI37,Sulawesi Selatan,2
240006110,Jono Sihombing (Baru),L,2022,Aktif,PRODI13,Kalimantan Barat,2
240006111,Vino Hidayanto (Baru),P,2020,Lulus,PRODI33,Papua Barat,2
240006112,Heru Nugroho (Baru),L,2024,Aktif,PRODI36,Nusa Tenggara Barat,2
240006113,R.A. Ratih Yulianti,P,2020,Aktif,PRODI04,Jawa Tengah,1
240006114,Juli Siregar (Baru),L,2020,Lulus,PRODI27,Aceh,2
240006115,Tira Narpati (Baru),P,2023,Aktif,PRODI21,Sulawesi Tengah,2
240006116,Rahayu Yolanda (Baru),P,2020,Lulus,PRODI07,Jawa Tengah,2
240006117,Gada Nababan,P,2020,Cuti,PRODI04,Jawa Tengah,1
240006118,Jati Putra (Baru),P,2020,Lulus,PRODI25,Bengkulu,2
240006119,Daruna Hutasoit (Baru),P,2020,Nonaktif,PRODI12,Jambi,2
240006120,Diah Situmorang (Baru),P,2021,Aktif,PRODI14,Aceh,2
240006121,Humaira Rahimah,P,2020,Lulus,PRODI21,Bangka Belitung,2
240006122,Malika Hidayanto (Baru),L,2022,Aktif,PRODI09,Sumatera Barat,1
240006123,Amalia Salahudin (Baru),P,2023,Aktif,PRODI30,Kepulauan Riau,2
240006124,Rendy Prasetyo (Baru),L,2023,Aktif,PRODI29,Kalimantan Barat,2
240006125,Maras Jailani,L,2024,Aktif,PRODI11,Sumatera Barat,2
240006126,Drs. Elon Aryani (Baru),P,2022,Aktif,PRODI27,Bangka Belitung,2
240006127,Damu Dabukke,P,2022,Aktif,PRODI09,Bengkulu,1
240006128,dr. Tantri Setiawan (Baru),P,2022,Aktif,PRODI18,DI Yogyakarta,2
240006129,Ani Haryanti (Baru),L,2022,Aktif,PRODI16,Gorontalo,2
240006130,Cut Nadia Simanjuntak,L,2022,Aktif,PRODI14,Kalimantan Selatan,2
240006131,Legawa Sitorus (Baru),L,2023,Aktif,PRODI16,Sulawesi Selatan,2
240006132,Drs. Kalim Sitorus (Baru),P,2020,Lulus,PRODI14,Kepulauan Riau,2
240006133,Tira Narpati (Baru),P,2023,Aktif,PRODI21,Jawa Tengah,2
240006134,Balamantri Mahendra,P,2022,Aktif,PRODI13,Nusa Tenggara Timur,2
240006135,Tgk. Yani Wulandari (Baru),L,2020,Lulus,PRODI21,Sulawesi Utara,2
240006136,Shakila Utama (Baru),P,2022,Aktif,PRODI36,Sulawesi Tenggara,2
240006137,Wage Mustofa (Baru),L,2021,Nonaktif,PRODI23,Aceh,2
240006138,Ir. Padmi Januar,L,2021,Nonaktif,PRODI21,Sumatera Selatan,2
240006139,Drs. Jindra Suryatmi (Baru),P,2020,Aktif,PRODI27,Maluku,2
240006140,Aisyah Puspasari (Baru),L,2020,Lulus,PRODI36,Jawa Timur,2
240006141,Murti Santoso (Baru),P,2023,Aktif,PRODI14,Sulawesi Tengah,2
240006142,Kenari Maryati,L,2021,Aktif,PRODI21,Sulawesi Tengah,2
240006143,Usyi Hartati (Baru),L,2022,Aktif,PRODI23,Sumatera Barat,2
240006144,Harsaya Utama (Baru),L,2024,Aktif,PRODI23,Jawa Barat,2
240006145,Yulia Simbolon (Baru),P,2020,Lulus,PRODI09,Jawa Tengah,1
240006146,Martaka Nurdiyanti,L,2023,Aktif,PRODI21,Bali,2
240006147,Wahyu Sudiati (Baru),L,2024,Aktif,PRODI09,Sulawesi Selatan,1
240006148,Farah Jailani (Baru),L,2020,Lulus,PRODI32,Bali,2
240006149,Ulva Wibisono (Baru),P,2020,Lulus,PRODI30,Sumatera Selatan,2
240006150,R. Paulin Kurniawan,P,2020,Lulus,PRODI30,Sulawesi Tenggara,2
240006151,Yuliana Damanik (Baru),L,2023,Aktif,PRODI32,Kalimantan Timur,2
240006152,Ir. Ika Laksita (Baru),P,2024,Aktif,PRODI36,Maluku,2
240006153,Dr. Lega Puspasari,P,2024,Aktif,PRODI07,Jambi,2
240006154,Nilam Handayani (Baru),P,2021,Aktif,PRODI35,Jawa Tengah,2
240006155,Azalea Andriani (Baru),P,2021,Aktif,PRODI09,Bengkulu,1
240006156,drg. Samiah Hartati,P,2022,Aktif,PRODI04,Gorontalo,1
240006157,Anastasia Sirait (Baru),L,2021,Aktif,PRODI12,Nusa Tenggara Barat,2
240006158,R. Fitria Hidayanto,L,2024,Aktif,PRODI09,Nusa Tenggara Timur,1
240006159,Purwa Nuraini (Baru),P,2024,Aktif,PRODI33,Aceh,2
240006160,drg. Cinthia Hutapea (Baru),P,2022,Aktif,PRODI36,Nusa Tenggara Timur,2
240006161,drg. Samiah Sinaga,L,2024,Aktif,PRODI09,Bangka Belitung,1
240006162,Mutia Rahmawati (Baru),P,2023,Aktif,PRODI29,Sumatera Selatan,2
240006163,dr. Salsabila Rahmawati (Baru),L,2023,Aktif,PRODI18,Kepulauan Riau,2
240006164,R.A. Elvina Gunawan (Baru),L,2024,Aktif,PRODI33,Bali,2
240006165,R.M. Lutfan Agustina (Baru),L,2021,Aktif,PRODI07,Sulawesi Tenggara,2
240006166,Cakrawala Rajata (Baru),L,2022,Aktif,PRODI33,Kalimantan Tengah,2
240006167,Banara Maulana (Baru),P,2024,Aktif,PRODI18,Sulawesi Tengah,2
240006168,Zamira Firmansyah (Baru),P,2024,Drop Out,PRODI07,Maluku Utara,2
240006169,Queen Sihotang (Baru),L,2021,Cuti,PRODI23,Lampung,2
240006170,R. Waluyo Utami,L,2021,Aktif,PRODI07,Gorontalo,2
240006171,Bakiono Wahyudin (Baru),L,2024,Aktif,PRODI16,Kalimantan Utara,2
240006172,Ophelia Hasanah,P,2023,Aktif,PRODI30,Maluku,2
240006173,Kemba Saragih (Baru),L,2022,Nonaktif,PRODI23,Maluku Utara,2
240006174,Kariman Napitupulu (Baru),L,2022,Aktif,PRODI09,Sulawesi Selatan,1
240006175,Heru Melani (Baru),L,2022,Aktif,PRODI27,Kalimantan Selatan,2
240006176,Puji Marbun (Baru),L,2024,Aktif,PRODI35,Kalimantan Barat,2
240006177,Usman Utami (Baru),L,2020,Lulus,PRODI37,Papua,2
240006178,Karimah Dabukke (Baru),P,2024,Aktif,PRODI35,Sulawesi Selatan,2
240006179,Kani Usamah,L,2020,Lulus,PRODI36,Gorontalo,2
240006180,Agnes Sihombing,P,2023,Aktif,PRODI23,Sulawesi Tengah,2
240006181,Oni Adriansyah (Baru),P,2020,Lulus,PRODI35,Sulawesi Utara,2
240006182,Nyana Andriani (Baru),P,2024,Nonaktif,PRODI32,Banten,2
240006183,Pangestu Siregar (Baru),P,2023,Cuti,PRODI34,Lampung,2
240006184,Diah Yuliarti (Baru),L,2020,Cuti,PRODI14,Kalimantan Utara,2
240006185,Calista Andriani (Baru),L,2020,Nonaktif,PRODI33,Jawa Tengah,2
240006186,Almira Susanti,P,2021,Nonaktif,PRODI35,Kalimantan Utara,2
240006187,Ir. Artanto Usada,P,2024,Cuti,PRODI34,DI Yogyakarta,2
240006188,Salsabila Habibi (Baru),L,2022,Aktif,PRODI16,Kalimantan Timur,2
240006189,Omar Saragih,L,2021,Aktif,PRODI21,Kepulauan Riau,2
240006190,Galih Susanti,P,2024,Aktif,PRODI18,Sumatera Barat,2
240006191,Dt. Jail Fujiati (Baru),L,2021,Aktif,PRODI34,Lampung,2
240006192,Devi Mangunsong (Baru),P,2022,Aktif,PRODI30,Sumatera Selatan,2
240006193,Latika Farida (Baru),P,2020,Aktif,PRODI12,Kalimantan Utara,2
240006194,Karya Wastuti (Baru),P,2021,Aktif,PRODI29,Kalimantan Barat,2
240006195,Vero Hutasoit (Baru),P,2023,Aktif,PRODI30,Sulawesi Tenggara,2
240006196,dr. Hafshah Mangunsong (Baru),L,2021,Aktif,PRODI21,Sumatera Utara,2
240006197,Sabri Prabowo (Baru),P,2024,Aktif,PRODI23,Kalimantan Selatan,2
240006198,T. Luwar Melani (Baru),L,2023,Aktif,PRODI36,Jawa Timur,2
240006199,drg. Danang Wibisono,L,2024,Aktif,PRODI12,Jambi,2
240006200,Kani Usamah,L,2020,Drop Out,PRODI36,Kalimantan Timur,2
240006201,R. Rina Yulianti (Baru),P,2023,Aktif,PRODI25,Sulawesi Utara,2
240006202,Tiara Utami,L,2023,Aktif,PRODI18,Papua Barat,2
240006203,Sutan Ega Rahimah (Baru),P,2021,Aktif,PRODI35,Jambi,2
240006204,Anastasia Megantara,P,2020,Lulus,PRODI07,Gorontalo,2
240006205,drg. Julia Rajata (Baru),P,2024,Aktif,PRODI27,Nusa Tenggara Timur,2
240006206,Ir. Farah Wastuti,L,2024,Aktif,PRODI10,Lampung,1
240006207,Hj. Ratna Laksmiwati (Baru),L,2022,Aktif,PRODI23,Kalimantan Tengah,2
240006208,Sari Pratama (Baru),L,2024,Cuti,PRODI18,Sulawesi Tengah,2
240006209,Queen Prasetyo (Baru),L,2024,Aktif,PRODI29,Kepulauan Riau,2
240006210,Ika Melani (Baru),P,2024,Aktif,PRODI23,Sulawesi Tenggara,2
240006211,Dr. Tantri Dongoran,L,2021,Aktif,PRODI33,Kalimantan Utara,2
240006212,Tgk. Carla Pranowo,P,2024,Aktif,PRODI14,Riau,2
240006213,Drs. Vivi Mulyani,P,2022,Nonaktif,PRODI27,Kalimantan Barat,2
240006214,Gamanto Wijayanti,P,2020,Aktif,PRODI30,Bengkulu,2
240006215,KH. Cakrabuana Rahmawati (Baru),P,2021,Aktif,PRODI11,Jambi,2
240006216,R. Baktianto Anggriawan (Baru),P,2021,Aktif,PRODI13,Sumatera Utara,2
240006217,Salsabila Riyanti (Baru),P,2021,Aktif,PRODI09,Gorontalo,1
240006218,Dt. Taufik Halimah (Baru),L,2021,Aktif,PRODI33,Jambi,2
240006219,Puti Qori Uyainah (Baru),P,2021,Aktif,PRODI30,Maluku Utara,2
240006220,Agnes Saragih (Baru),L,2020,Cuti,PRODI32,Kalimantan Tengah,2
240006221,Edi Rajata (Baru),P,2021,Aktif,PRODI09,Sulawesi Tenggara,1
240006222,Elvina Haryanto (Baru),P,2021,Aktif,PRODI30,Sulawesi Barat,2
240006223,Cut Diah Pratiwi,P,2023,Aktif,PRODI23,Kalimantan Utara,2
240006224,Anom Gunarto,L,2020,Lulus,PRODI29,Aceh,2
240006225,Tgk. Calista Usamah,L,2022,Aktif,PRODI14,Kalimantan Timur,2
240006226,Rahayu Nashiruddin (Baru),L,2021,Aktif,PRODI32,Sumatera Utara,2
240006227,Diah Kusmawati (Baru),P,2022,Aktif,PRODI35,Kalimantan Selatan,2
240006228,Intan Permata (Baru),L,2020,Lulus,PRODI13,Papua,2
240006229,Sutan Umay Rahimah (Baru),P,2024,Aktif,PRODI27,Sulawesi Tengah,2
240006230,R. Gasti Lazuardi,P,2024,Aktif,PRODI34,Sulawesi Selatan,2
240006231,Citra Firmansyah,L,2021,Aktif,PRODI11,Papua Barat,2
240006232,Elma Hastuti (Baru),P,2023,Aktif,PRODI35,Kalimantan Timur,2
240006233,Harjasa Hassanah,P,2021,Aktif,PRODI12,Sulawesi Selatan,2
240006234,Paulin Widodo (Baru),P,2022,Aktif,PRODI16,Sulawesi Tengah,2
240006235,R. Rina Yulianti (Baru),P,2023,Drop Out,PRODI25,Sumatera Barat,2
240006236,Kenes Palastri (Baru),P,2021,Aktif,PRODI16,Aceh,2
240006237,Vega Pangestu (Baru),P,2024,Aktif,PRODI13,Kepulauan Riau,2
240006238,Ir. Ellis Jailani (Baru),P,2022,Aktif,PRODI09,Kalimantan Tengah,1
240006239,Kalim Laksmiwati,P,2021,Aktif,PRODI04,Jambi,1
240006240,Bajragin Saefullah,L,2024,Aktif,PRODI07,Sulawesi Barat,2
240006241,Dr. Joko Siregar,L,2022,Aktif,PRODI12,DKI Jakarta,2
240006242,Dt. Garda Ardianto (Baru),L,2021,Aktif,PRODI04,Jawa Barat,1
240006243,Puti Tari Sihombing (Baru),L,2023,Aktif,PRODI16,Sulawesi Tengah,2
240006244,Yuliana Firmansyah (Baru),L,2024,Aktif,PRODI12,DKI Jakarta,2
240006245,Intan Puspasari,L,2024,Aktif,PRODI37,Bali,2
240006246,Lulut Utama (Baru),L,2024,Aktif,PRODI21,Nusa Tenggara Timur,2
240006247,Tgk. Rina Prasasta,L,2024,Aktif,PRODI13,Maluku,2
240006248,Vanesa Hariyah (Baru),P,2020,Lulus,PRODI23,Sulawesi Barat,2
240006249,Karimah Halimah,L,2020,Nonaktif,PRODI18,Sumatera Utara,2
240006250,Maman Wibowo (Baru),L,2021,Aktif,PRODI29,Papua Barat,2
240006251,Drs. Ghani Yulianti (Baru),L,2021,Drop Out,PRODI25,Bali,2
240006252,Jumari Zulaika,P,2022,Aktif,PRODI09,Aceh,1
240006253,Diana Mahendra (Baru),L,2020,Lulus,PRODI34,Bali,2
240006254,Radit Situmorang (Baru),L,2024,Aktif,PRODI11,Maluku,2
240006255,Paris Natsir,L,2020,Lulus,PRODI25,Kalimantan Utara,2
240006256,drg. Najwa Oktaviani (Baru),P,2023,Aktif,PRODI23,Maluku,2
240006257,Irma Purnawati (Baru),L,2023,Cuti,PRODI10,DI Yogyakarta,1
240006258,Balijan Habibi (Baru),L,2020,Lulus,PRODI09,Kalimantan Utara,1
240006259,drg. Vivi Usada (Baru),P,2024,Aktif,PRODI09,Aceh,1
240006260,Bagiya Uyainah (Baru),L,2020,Lulus,PRODI34,Sumatera Utara,2
240006261,Kezia Adriansyah,P,2021,Aktif,PRODI25,Kalimantan Utara,2
240006262,Yuliana Salahudin (Baru),P,2020,Lulus,PRODI35,Sulawesi Barat,2
240006263,Harja Maheswara (Baru),L,2024,Cuti,PRODI29,Gorontalo,2
240006264,Novi Aryani (Baru),P,2021,Aktif,PRODI25,Sulawesi Tengah,2
240006265,R.M. Martaka Suwarno,L,2022,Drop Out,PRODI07,Banten,2
240006266,Shania Marbun (Baru),P,2023,Aktif,PRODI11,Jawa Tengah,2
240006267,Intan Hariyah (Baru),P,2021,Aktif,PRODI21,Kalimantan Utara,2
240006268,Dr. Asman Riyanti,L,2022,Aktif,PRODI09,Riau,1
240006269,Okto Wibisono (Baru),L,2021,Drop Out,PRODI30,Kalimantan Selatan,2
240006270,Niyaga Hakim (Baru),L,2023,Aktif,PRODI29,Sumatera Barat,2
240006271,Tgk. Ira Hakim (Baru),P,2020,Lulus,PRODI29,Maluku Utara,2
240006272,T. Harsanto Sitompul (Baru),L,2023,Aktif,PRODI36,Sumatera Selatan,2
240006273,Dr. Kemba Hutagalung,L,2024,Aktif,PRODI04,Bangka Belitung,1
240006274,Ganjaran Wijaya,L,2022,Aktif,PRODI27,Maluku Utara,2
240006275,drg. Kamaria Suryatmi (Baru),P,2024,Aktif,PRODI10,Lampung,1
240006276,R. Icha Mustofa (Baru),P,2023,Aktif,PRODI10,Jawa Timur,1
240006277,Cinthia Halim (Baru),L,2024,Aktif,PRODI23,Jawa Barat,2
240006278,Capa Maryadi (Baru),P,2023,Aktif,PRODI21,Papua,2
240006279,Hilda Yuliarti (Baru),L,2020,Lulus,PRODI37,Riau,2
240006280,Rusman Simbolon,P,2022,Nonaktif,PRODI25,Kalimantan Selatan,2
240006281,Raden Sinaga,L,2020,Lulus,PRODI29,DI Yogyakarta,2
240006282,Pangeran Tampubolon (Baru),L,2020,Drop Out,PRODI14,Jawa Barat,2
240006283,Vera Hakim,P,2024,Aktif,PRODI13,Riau,2
240006284,Anita Maulana,P,2021,Drop Out,PRODI04,Jawa Barat,1
240006285,Adiarja Zulaika (Baru),P,2020,Drop Out,PRODI07,Kalimantan Barat,2
240006286,Gangsa Purwanti (Baru),P,2020,Lulus,PRODI09,Nusa Tenggara Barat,1
240006287,Farhunnisa Iswahyudi (Baru),P,2022,Aktif,PRODI37,Maluku Utara,2
240006288,Chelsea Adriansyah (Baru),P,2024,Aktif,PRODI11,Jawa Barat,2
240006289,Syahrini Putra (Baru),P,2022,Aktif,PRODI11,Jawa Barat,2
240006290,Jane Saragih (Baru),P,2021,Aktif,PRODI23,Bengkulu,2
240006291,Ir. Slamet Utami,L,2020,Lulus,PRODI09,Kepulauan Riau,1
240006292,Farhunnisa Firmansyah (Baru),L,2020,Aktif,PRODI10,Papua Barat,1
240006293,Darmaji Agustina (Baru),P,2020,Lulus,PRODI12,Maluku Utara,2
240006294,drg. Edi Nuraini,P,2021,Cuti,PRODI13,Riau,2
240006295,Gada Nababan,P,2020,Lulus,PRODI04,Kalimantan Utara,1
240006296,drg. Hani Yuliarti,L,2020,Lulus,PRODI35,Gorontalo,2
240006297,Zizi Saragih (Baru),L,2021,Aktif,PRODI16,Riau,2
240006298,Kayla Budiman (Baru),L,2023,Aktif,PRODI11,Nusa Tenggara Barat,2
240006299,R. Yessi Fujiati (Baru),L,2021,Aktif,PRODI10,Banten,1
240006300,R.M. Prabu Hasanah (Baru),P,2023,Cuti,PRODI14,Bangka Belitung,2
240006301,Drs. Oliva Marbun (Baru),P,2024,Aktif,PRODI11,Bengkulu,2
240006302,Yuni Rahayu (Baru),L,2021,Aktif,PRODI21,Kepulauan Riau,2
240006303,Kani Usamah,L,2020,Drop Out,PRODI36,Kepulauan Riau,2
240006304,dr. Nilam Jailani (Baru),L,2023,Aktif,PRODI14,Lampung,2
240006305,Viman Usada (Baru),P,2022,Aktif,PRODI16,DI Yogyakarta,2
240006306,Harjo Salahudin (Baru),P,2023,Aktif,PRODI10,Jawa Barat,1
240006307,Laswi Santoso (Baru),P,2023,Nonaktif,PRODI18,Papua,2
240006308,Paulin Mandasari (Baru),P,2023,Aktif,PRODI29,Kalimantan Timur,2
240006309,R. Vera Rajasa,P,2022,Aktif,PRODI29,Papua Barat,2
240006310,Garan Mandasari (Baru),L,2020,Lulus,PRODI30,Sulawesi Tenggara,2
240006311,R. Padma Rajasa (Baru),P,2022,Aktif,PRODI33,Kalimantan Tengah,2
240006312,R.A. Genta Usada (Baru),L,2022,Aktif,PRODI25,DI Yogyakarta,2
240006313,Nadia Sirait (Baru),P,2023,Aktif,PRODI32,Sulawesi Selatan,2
240006314,Tgk. Salimah Halimah (Baru),P,2023,Aktif,PRODI37,Jambi,2
240006315,Ade Hutagalung (Baru),P,2022,Aktif,PRODI21,Aceh,2
240006316,Shakila Hidayat (Baru),P,2021,Aktif,PRODI09,Sulawesi Selatan,1
240006317,Cinthia Hutapea (Baru),L,2022,Aktif,PRODI34,Kepulauan Riau,2
240006318,Ira Mandasari (Baru),P,2024,Aktif,PRODI37,Sumatera Utara,2
240006319,Teguh Zulkarnain (Baru),L,2023,Aktif,PRODI18,Lampung,2
240006320,Sarah Pratama (Baru),L,2023,Aktif,PRODI33,DKI Jakarta,2
240006321,drg. Puput Prasetya (Baru),L,2022,Aktif,PRODI37,Sulawesi Utara,2
240006322,Mutia Nasyidah (Baru),P,2021,Aktif,PRODI11,Papua Barat,2
240006323,Harsanto Pranowo (Baru),L,2022,Aktif,PRODI14,Kepulauan Riau,2
240006324,Juli Siregar (Baru),L,2020,Lulus,PRODI27,Sulawesi Tenggara,2
240006325,Aisyah Hasanah (Baru),P,2020,Aktif,PRODI23,Kalimantan Timur,2
240006326,Dr. Kemba Hutagalung,L,2024,Aktif,PRODI04,Kalimantan Barat,1
240006327,Hj. Yani Hassanah,P,2023,Aktif,PRODI27,Maluku Utara,2
240006328,Lanjar Sihombing (Baru),L,2020,Lulus,PRODI04,Bengkulu,1
240006329,Puji Siregar (Baru),P,2020,Lulus,PRODI37,Sumatera Utara,2
240006330,Paiman Tamba (Baru),P,2024,Aktif,PRODI10,Jambi,1
240006331,Agnes Sihombing,P,2023,Aktif,PRODI23,Papua Barat,2
240006332,R.A. Sakura Maheswara (Baru),P,2024,Aktif,PRODI34,Jambi,2
240006333,Unjani Sinaga (Baru),P,2024,Aktif,PRODI21,DKI Jakarta,2
240006334,Vega Habibi (Baru),L,2024,Cuti,PRODI33,Kalimantan Selatan,2
240006335,Gamanto Utama (Baru),L,2022,Aktif,PRODI30,Lampung,2
240006336,Sutan Ibrani Wulandari,L,2024,Nonaktif,PRODI34,Maluku,2
240006337,drg. Puput Lestari (Baru),L,2022,Aktif,PRODI30,Gorontalo,2
240006338,Faizah Budiman (Baru),L,2023,Aktif,PRODI13,Papua Barat,2
240006339,Gatot Jailani (Baru),L,2020,Aktif,PRODI10,Kalimantan Barat,1
240006340,Umay Nasyiah (Baru),P,2021,Aktif,PRODI37,Kalimantan Utara,2
240006341,Warsa Thamrin (Baru),P,2022,Aktif,PRODI23,Nusa Tenggara Barat,2
240006342,Reza Prasasta (Baru),L,2021,Aktif,PRODI30,Kalimantan Selatan,2
240006343,Dono Santoso,L,2024,Aktif,PRODI29,Bangka Belitung,2
240006344,Drs. Umi Hassanah (Baru),L,2024,Aktif,PRODI36,Jawa Barat,2
240006345,Yuni Rahayu (Baru),L,2021,Aktif,PRODI21,Sulawesi Tenggara,2
240006346,R.M. Jais Novitasari,L,2021,Aktif,PRODI25,Papua Barat,2
240006347,Ir. Najib Hakim (Baru),P,2022,Aktif,PRODI36,Sulawesi Tenggara,2
240006348,Tgk. Genta Suryono (Baru),P,2023,Aktif,PRODI21,Bengkulu,2
240006349,Oman Narpati (Baru),L,2021,Nonaktif,PRODI30,Kalimantan Timur,2
240006350,Alambana Purwanti (Baru),P,2023,Aktif,PRODI16,Kalimantan Selatan,2
240006351,Marsito Yulianti,L,2022,Nonaktif,PRODI29,Maluku,2
240006352,Langgeng Sihombing (Baru),P,2023,Aktif,PRODI14,Bangka Belitung,2
240006353,Candra Mahendra (Baru),L,2020,Lulus,PRODI35,Maluku,2
240006354,Jagapati Jailani (Baru),L,2024,Aktif,PRODI09,Bali,1
240006355,Sarah Waskita (Baru),L,2023,Aktif,PRODI16,DKI Jakarta,2
240006356,Dr. Elvina Winarno (Baru),L,2020,Lulus,PRODI36,DI Yogyakarta,2
240006357,Drs. Janet Iswahyudi (Baru),P,2020,Lulus,PRODI13,Gorontalo,2
240006358,Ir. Queen Suwarno,P,2022,Aktif,PRODI27,Kalimantan Timur,2
240006359,Ciaobella Wulandari (Baru),P,2022,Drop Out,PRODI27,Sulawesi Barat,2
240006360,Indah Dabukke (Baru),P,2022,Aktif,PRODI33,Jawa Tengah,2
240006361,Cut Diah Pratiwi,P,2023,Aktif,PRODI23,Papua,2
240006362,Jayeng Mardhiyah (Baru),L,2024,Aktif,PRODI30,Sumatera Selatan,2
240006363,Victoria Mustofa (Baru),P,2020,Lulus,PRODI14,Sumatera Utara,2
240006364,dr. Tina Purwanti (Baru),L,2021,Drop Out,PRODI10,Nusa Tenggara Timur,1
240006365,Amalia Prastuti (Baru),L,2022,Aktif,PRODI37,Sulawesi Utara,2
240006366,Samsul Hastuti,P,2022,Aktif,PRODI37,Kalimantan Barat,2
240006367,Ir. Gara Astuti (Baru),P,2021,Nonaktif,PRODI23,Aceh,2
240006368,Nyana Nasyiah (Baru),L,2020,Nonaktif,PRODI33,Sumatera Selatan,2
240006369,Rahmi Narpati,P,2020,Aktif,PRODI04,Kalimantan Barat,1
240006370,Bajragin Firmansyah (Baru),P,2021,Aktif,PRODI07,Sulawesi Tenggara,2
240006371,Simon Mardhiyah (Baru),L,2024,Aktif,PRODI35,Jawa Tengah,2
240006372,Ira Pranowo (Baru),P,2020,Aktif,PRODI32,Papua Barat,2
240006373,Putri Namaga,P,2023,Cuti,PRODI27,Kalimantan Tengah,2
240006374,Yusuf Anggraini,P,2022,Aktif,PRODI27,Aceh,2
240006375,Ismail Yuniar (Baru),L,2023,Aktif,PRODI04,Papua,1
240006376,Zulaikha Widodo (Baru),L,2024,Aktif,PRODI18,Jawa Barat,2
240006377,dr. Gandi Pradipta,L,2021,Aktif,PRODI33,Lampung,2
240006378,Among Manullang (Baru),L,2021,Aktif,PRODI27,Papua Barat,2
240006379,Hairyanto Rajata,P,2022,Aktif,PRODI21,Banten,2
240006380,Danang Palastri (Baru),L,2024,Aktif,PRODI32,DKI Jakarta,2
240006381,Devi Marbun (Baru),P,2024,Aktif,PRODI14,Sumatera Barat,2
240006382,Kamila Mustofa (Baru),L,2024,Aktif,PRODI12,Sulawesi Tenggara,2
240006383,Zamira Firmansyah (Baru),P,2024,Aktif,PRODI07,Maluku,2
240006384,Winda Usamah,P,2022,Aktif,PRODI13,Bengkulu,2
240006385,Wirda Sihombing (Baru),P,2021,Aktif,PRODI32,Sulawesi Utara,2
240006386,Drs. Laras Maryadi (Baru),L,2021,Aktif,PRODI13,Jawa Barat,2
240006387,T. Eko Saputra (Baru),L,2022,Aktif,PRODI33,Jambi,2
240006388,Hj. Devi Saragih (Baru),L,2020,Lulus,PRODI23,Bangka Belitung,2
240006389,drg. Jelita Maheswara,P,2023,Aktif,PRODI32,Sulawesi Barat,2
240006390,Amalia Prastuti (Baru),L,2022,Aktif,PRODI37,Sulawesi Tengah,2
240006391,Cut Iriana Prasetya,L,2024,Aktif,PRODI13,Lampung,2
240006392,Irma Fujiati (Baru),L,2020,Lulus,PRODI11,Sumatera Barat,2
240006393,Vera Wasita (Baru),L,2024,Aktif,PRODI30,Maluku,2
240006394,Tgk. Lalita Oktaviani,P,2022,Drop Out,PRODI32,Papua,2
240006395,Cinthia Wijaya (Baru),P,2024,Aktif,PRODI25,Lampung,2
240006396,Ajiono Mahendra (Baru),P,2020,Aktif,PRODI27,Sumatera Utara,2
240006397,Hj. Oliva Sitorus,P,2024,Aktif,PRODI14,Sumatera Utara,2
240006398,Queen Prasetyo (Baru),L,2024,Aktif,PRODI29,Nusa Tenggara Timur,2
240006399,Jefri Dongoran (Baru),L,2022,Aktif,PRODI30,Sulawesi Utara,2
240006400,Danuja Agustina (Baru),L,2022,Drop Out,PRODI25,Aceh,2
240006401,Pardi Widodo (Baru),P,2024,Aktif,PRODI18,Kalimantan Tengah,2
240006402,Imam Saptono (Baru),L,2023,Aktif,PRODI34,Bangka Belitung,2
240006403,Dr. Gina Maryati,L,2021,Aktif,PRODI14,Kalimantan Utara,2
240006404,Fathonah Mardhiyah (Baru),L,2022,Aktif,PRODI13,Sumatera Barat,2
240006405,Siti Pratama,L,2024,Nonaktif,PRODI35,Gorontalo,2
240006406,Wardi Maulana (Baru),L,2020,Lulus,PRODI30,Jawa Timur,2
240006407,Ir. Mutia Tarihoran (Baru),L,2022,Aktif,PRODI14,Sumatera Selatan,2
240006408,Cemplunk Situmorang (Baru),P,2020,Lulus,PRODI37,Lampung,2
240006409,Putri Nababan (Baru),L,2022,Aktif,PRODI36,Bali,2
240006410,Titin Hidayanto (Baru),P,2024,Aktif,PRODI13,Sumatera Utara,2
240006411,dr. Darman Prastuti,L,2024,Aktif,PRODI29,DI Yogyakarta,2
240006412,R.M. Ganda Yuniar,L,2024,Aktif,PRODI16,Jawa Timur,2
240006413,Adhiarja Mayasari (Baru),P,2022,Aktif,PRODI18,Riau,2
240006414,T. Jaya Ramadan (Baru),P,2024,Aktif,PRODI25,Maluku,2
240006415,Sabrina Rajata,L,2021,Aktif,PRODI12,Maluku Utara,2
240006416,Farah Nuraini (Baru),P,2020,Lulus,PRODI32,Sulawesi Tenggara,2
240006417,T. Dacin Hasanah,P,2024,Cuti,PRODI18,Banten,2
240006418,Michelle Prasetya,P,2020,Aktif,PRODI35,Papua,2
240006419,Jaswadi Maheswara (Baru),L,2022,Aktif,PRODI04,Maluku Utara,1
240006420,Nyana Nasyiah (Baru),L,2020,Lulus,PRODI33,Nusa Tenggara Timur,2
240006421,Dr. Eli Wahyuni,P,2022,Aktif,PRODI27,Bengkulu,2
240006422,dr. Karta Hutasoit,L,2020,Lulus,PRODI37,Jawa Barat,2
240006423,Heryanto Lestari (Baru),L,2024,Aktif,PRODI09,Bali,1
240006424,Imam Nasyiah (Baru),L,2021,Aktif,PRODI35,Maluku,2
240006425,Sari Firgantoro (Baru),L,2023,Aktif,PRODI13,DI Yogyakarta,2
240006426,Dr. Yuni Prasetya,L,2020,Nonaktif,PRODI04,Sulawesi Barat,1
240006427,Kemal Aryani (Baru),P,2021,Aktif,PRODI12,Nusa Tenggara Barat,2
240006428,Sutan Balamantri Pertiwi,P,2022,Drop Out,PRODI10,Lampung,1
240006429,Lurhur Anggriawan (Baru),P,2022,Aktif,PRODI32,DI Yogyakarta,2
240006430,Ir. Cemplunk Yulianti,L,2021,Aktif,PRODI12,Bengkulu,2
240006431,Laswi Santoso (Baru),P,2023,Aktif,PRODI18,Aceh,2
240006432,Ghani Puspita (Baru),P,2022,Aktif,PRODI25,Maluku Utara,2
240006433,Drs. Tina Prasetyo (Baru),L,2022,Aktif,PRODI27,DI Yogyakarta,2
240006434,Unggul Prabowo,L,2023,Aktif,PRODI29,Sulawesi Tenggara,2
240006435,Dasa Purwanti,L,2023,Aktif,PRODI16,Nusa Tenggara Timur,2
240006436,Elisa Andriani (Baru),P,2022,Aktif,PRODI37,Jawa Tengah,2
240006437,Eka Anggriawan,L,2022,Aktif,PRODI21,Jawa Tengah,2
240006438,Lanjar Irawan (Baru),L,2020,Lulus,PRODI34,Maluku,2
240006439,Cut Anastasia Prayoga (Baru),L,2023,Aktif,PRODI18,Bengkulu,2
240006440,R. Icha Mustofa (Baru),P,2023,Aktif,PRODI10,Bali,1
240006441,Endah Wibisono (Baru),L,2024,Aktif,PRODI33,Kalimantan Timur,2
240006442,Novi Susanti (Baru),L,2020,Lulus,PRODI09,Kalimantan Utara,1
240006443,Dr. Luwes Siregar (Baru),L,2023,Aktif,PRODI35,Sulawesi Selatan,2
240006444,Cut Irma Mustofa (Baru),P,2024,Aktif,PRODI10,Maluku Utara,1
240006445,Drs. Oliva Marbun (Baru),P,2024,Cuti,PRODI11,Sumatera Utara,2
240006446,Artawan Astuti (Baru),L,2022,Nonaktif,PRODI36,Kalimantan Timur,2
240006447,Dimaz Ramadan (Baru),L,2020,Lulus,PRODI30,Nusa Tenggara Timur,2
240006448,Sabrina Rajata,L,2021,Aktif,PRODI12,Jambi,2
240006449,Aditya Laksita (Baru),P,2023,Aktif,PRODI37,Nusa Tenggara Timur,2
240006450,KH. Martani Wacana,L,2021,Aktif,PRODI09,Kalimantan Selatan,1
240006451,Maya Zulkarnain (Baru),P,2024,Aktif,PRODI13,Maluku,2
240006452,R.A. Citra Astuti (Baru),L,2021,Aktif,PRODI27,Sulawesi Utara,2
240006453,Heryanto Nashiruddin (Baru),L,2024,Aktif,PRODI07,Sulawesi Tenggara,2
240006454,Hesti Permata,L,2021,Aktif,PRODI34,Sulawesi Barat,2
240006455,Dr. Lega Puspasari,P,2024,Aktif,PRODI07,DKI Jakarta,2
240006456,Prasetyo Yuniar,P,2021,Drop Out,PRODI04,Papua,1
240006457,Putri Nababan (Baru),L,2022,Aktif,PRODI36,Riau,2
240006458,Kania Kurniawan (Baru),P,2022,Aktif,PRODI34,Sumatera Utara,2
240006459,Patricia Suryono,L,2021,Aktif,PRODI34,Kalimantan Timur,2
240006460,Paiman Tampubolon (Baru),P,2022,Aktif,PRODI07,Sulawesi Tenggara,2
240006461,Tgk. Muhammad Sihotang (Baru),P,2023,Aktif,PRODI21,Sulawesi Utara,2
240006462,Cut Kania Usada (Baru),L,2024,Aktif,PRODI32,Sumatera Selatan,2
240006463,Leo Prakasa (Baru),L,2023,Aktif,PRODI11,Gorontalo,2
240006464,Pangestu Siregar (Baru),P,2023,Aktif,PRODI34,Sulawesi Tengah,2
240006465,Amalia Zulkarnain (Baru),L,2024,Aktif,PRODI32,Riau,2
240006466,Artanto Dabukke (Baru),L,2022,Aktif,PRODI25,Aceh,2
240006467,Hadi Iswahyudi (Baru),L,2021,Aktif,PRODI36,Kalimantan Utara,2
240006468,Lantar Halim (Baru),L,2023,Aktif,PRODI21,Bengkulu,2
240006469,Balijan Habibi (Baru),L,2020,Aktif,PRODI09,Sulawesi Selatan,1
240006470,Puti Nadine Rajasa,L,2020,Lulus,PRODI23,Sulawesi Tengah,2
240006471,Fathonah Budiman (Baru),P,2020,Lulus,PRODI33,Sulawesi Tengah,2
240006472,Mustofa Purwanti (Baru),P,2023,Aktif,PRODI18,Maluku Utara,2
240006473,Shakila Anggraini (Baru),L,2021,Aktif,PRODI34,Sumatera Selatan,2
240006474,Tedi Sitompul (Baru),P,2024,Aktif,PRODI07,Lampung,2
240006475,Banara Maulana (Baru),P,2024,Aktif,PRODI18,Jawa Timur,2
240006476,Rizki Lestari,P,2022,Aktif,PRODI12,Kalimantan Barat,2
240006477,Raden Hastuti (Baru),L,2021,Aktif,PRODI33,Riau,2
240006478,Umay Nasyiah (Baru),P,2021,Aktif,PRODI37,Papua Barat,2
240006479,Zizi Saragih (Baru),L,2021,Aktif,PRODI16,Riau,2
240006480,Artanto Siregar,P,2023,Aktif,PRODI37,DI Yogyakarta,2
240006481,Drs. Cecep Narpati (Baru),P,2020,Cuti,PRODI25,Sumatera Utara,2
240006482,Humaira Hakim (Baru),P,2021,Aktif,PRODI12,Lampung,2
240006483,Nyana Nasyiah (Baru),L,2020,Aktif,PRODI33,Kalimantan Timur,2
240006484,R. Gilang Lailasari,P,2021,Aktif,PRODI09,Riau,1
240006485,Galih Kusumo (Baru),P,2024,Aktif,PRODI32,Sulawesi Tenggara,2
240006486,Adhiarja Zulaika (Baru),P,2022,Aktif,PRODI18,Aceh,2
240006487,Dagel Maulana (Baru),P,2023,Aktif,PRODI04,Aceh,1
240006488,Janet Hutasoit (Baru),L,2020,Aktif,PRODI23,Sumatera Selatan,2
240006489,R. Citra Damanik (Baru),P,2023,Aktif,PRODI13,Lampung,2
240006490,Silvia Samosir (Baru),P,2021,Cuti,PRODI12,Sulawesi Tenggara,2
240006491,Jelita Prasasta (Baru),P,2023,Aktif,PRODI13,Bali,2
240006492,Raina Habibi,L,2022,Aktif,PRODI18,DI Yogyakarta,2
240006493,Aisyah Maulana (Baru),P,2022,Aktif,PRODI12,Jawa Tengah,2
240006494,Hesti Prabowo (Baru),P,2024,Aktif,PRODI35,Nusa Tenggara Barat,2
240006495,Tina Riyanti (Baru),L,2023,Aktif,PRODI29,Jawa Tengah,2
240006496,KH. Candrakanta Jailani (Baru),P,2021,Aktif,PRODI04,Sulawesi Barat,1
240006497,T. Kunthara Manullang,L,2020,Lulus,PRODI10,Kalimantan Timur,1
240006498,R. Baktianto Anggriawan (Baru),P,2021,Cuti,PRODI13,Kalimantan Utara,2
240006499,Kani Haryanto (Baru),P,2020,Lulus,PRODI11,Sulawesi Barat,2
240006500,Hasan Wastuti (Baru),L,2021,Aktif,PRODI14,Sulawesi Tengah,2
240006501,drg. Martana Tampubolon (Baru),L,2021,Aktif,PRODI11,Sumatera Barat,2
240006502,Artanto Dabukke (Baru),L,2022,Aktif,PRODI25,Jambi,2
240006503,Emas Sihombing (Baru),P,2024,Aktif,PRODI29,Sulawesi Utara,2
240006504,Tri Maheswara,P,2023,Aktif,PRODI32,Gorontalo,2
240006505,Gandewa Iswahyudi (Baru),P,2022,Aktif,PRODI11,Jawa Tengah,2
240006506,Ciaobella Situmorang (Baru),L,2021,Aktif,PRODI35,Sumatera Barat,2
240006507,Xanana Jailani (Baru),L,2021,Nonaktif,PRODI23,Banten,2
240006508,Zizi Saragih (Baru),L,2021,Aktif,PRODI16,Nusa Tenggara Timur,2
240006509,Lukman Maryati,L,2024,Aktif,PRODI13,Sulawesi Utara,2
240006510,drg. Tiara Pangestu,L,2024,Aktif,PRODI09,Bali,1
240006511,Bakidin Marbun (Baru),L,2023,Aktif,PRODI04,DKI Jakarta,1
240006512,drg. Cengkal Novitasari (Baru),P,2020,Lulus,PRODI09,Nusa Tenggara Timur,1
240006513,Widya Sihombing,L,2023,Aktif,PRODI25,Kepulauan Riau,2
240006514,Queen Usamah (Baru),P,2023,Aktif,PRODI37,Bangka Belitung,2
240006515,Oman Pranowo (Baru),L,2021,Aktif,PRODI10,Jawa Barat,1
240006516,Gangsa Purwanti (Baru),P,2020,Lulus,PRODI09,Kalimantan Barat,1
240006517,Hartana Ardianto (Baru),L,2024,Aktif,PRODI18,DKI Jakarta,2
240006518,Cut Puji Hidayat (Baru),L,2024,Aktif,PRODI23,Lampung,2
240006519,Surya Haryanto (Baru),P,2020,Lulus,PRODI13,Papua,2
240006520,Yulia Simbolon (Baru),P,2020,Lulus,PRODI09,Jawa Barat,1
240006521,Puti Rahmi Latupono (Baru),L,2021,Aktif,PRODI16,Lampung,2
240006522,R.A. Kayla Usada (Baru),P,2022,Aktif,PRODI12,Maluku,2
240006523,Ismail Sirait (Baru),L,2020,Lulus,PRODI30,Jawa Timur,2
240006524,drg. Gatot Zulaika (Baru),L,2022,Drop Out,PRODI25,Sulawesi Barat,2
240006525,Estiono Susanti,L,2023,Aktif,PRODI18,Maluku,2
240006526,Ir. Jaka Sitompul (Baru),L,2022,Drop Out,PRODI16,Jawa Barat,2
240006527,Bakidin Saragih (Baru),L,2021,Aktif,PRODI12,Jawa Tengah,2
240006528,Ilsa Haryanto,P,2020,Drop Out,PRODI14,Maluku,2
240006529,Anastasia Sitorus (Baru),L,2023,Aktif,PRODI09,Kalimantan Barat,1
240006530,Nyana Andriani (Baru),P,2024,Aktif,PRODI32,Sumatera Utara,2
240006531,R. Atma Maryadi,L,2024,Aktif,PRODI27,Riau,2
240006532,Bahuraksa Mandala (Baru),L,2020,Aktif,PRODI32,Kalimantan Timur,2
240006533,Cut Indah Siregar,L,2020,Lulus,PRODI07,Jawa Barat,2
240006534,Shania Rahimah (Baru),L,2021,Aktif,PRODI25,Kalimantan Tengah,2
240006535,KH. Viktor Budiman,L,2024,Aktif,PRODI27,Kepulauan Riau,2
240006536,Siti Yulianti,P,2021,Nonaktif,PRODI23,Sulawesi Barat,2
240006537,Pangeran Yuniar (Baru),P,2024,Aktif,PRODI12,DI Yogyakarta,2
240006538,Citra Maryadi (Baru),P,2020,Nonaktif,PRODI27,Kalimantan Tengah,2
240006539,Juli Latupono (Baru),P,2022,Aktif,PRODI23,Bangka Belitung,2
240006540,Eja Handayani (Baru),P,2023,Aktif,PRODI07,Papua,2
240006541,Bajragin Rahimah (Baru),P,2020,Aktif,PRODI33,Kepulauan Riau,2
240006542,Ami Jailani,P,2023,Aktif,PRODI10,Gorontalo,1
240006543,KH. Martani Wacana,L,2021,Nonaktif,PRODI09,Jawa Barat,1
240006544,Edi Purnawati (Baru),L,2022,Aktif,PRODI25,Bali,2
240006545,Mahesa Puspita (Baru),P,2024,Aktif,PRODI29,Maluku Utara,2
240006546,R. Cornelia Hasanah,L,2022,Aktif,PRODI16,Papua,2
240006547,Gina Maryati (Baru),P,2022,Nonaktif,PRODI36,Sulawesi Tenggara,2
240006548,Wadi Suwarno (Baru),L,2024,Aktif,PRODI37,Papua,2
240006549,Intan Hariyah (Baru),P,2021,Aktif,PRODI21,Kalimantan Tengah,2
240006550,Azalea Kuswoyo (Baru),P,2020,Lulus,PRODI36,Bengkulu,2
240006551,Puti Ayu Dongoran (Baru),L,2024,Aktif,PRODI35,Sumatera Selatan,2
240006552,Rahmi Narpati,P,2020,Aktif,PRODI04,Kepulauan Riau,1
240006553,Amelia Hassanah,L,2022,Aktif,PRODI30,Nusa Tenggara Barat,2
240006554,T. Heryanto Nasyiah (Baru),P,2021,Aktif,PRODI27,Jawa Barat,2
240006555,Bahuraksa Damanik (Baru),P,2022,Aktif,PRODI14,Kalimantan Utara,2
240006556,Ir. Genta Hutapea,P,2021,Aktif,PRODI18,Sumatera Utara,2
240006557,Waluyo Maulana (Baru),P,2020,Aktif,PRODI14,Banten,2
240006558,dr. Sabar Sihombing (Baru),P,2024,Aktif,PRODI18,Kalimantan Barat,2
240006559,Yuni Rahayu (Baru),L,2024,Aktif,PRODI32,Gorontalo,2
240006560,Yono Wijayanti (Baru),L,2023,Aktif,PRODI37,Sulawesi Utara,2
240006561,Kajen Farida,P,2024,Cuti,PRODI23,Banten,2
240006562,Jono Hidayanto (Baru),L,2022,Aktif,PRODI04,Papua Barat,1
240006563,Ciaobella Situmorang (Baru),L,2021,Aktif,PRODI35,Kalimantan Utara,2
240006564,Ana Salahudin (Baru),L,2022,Cuti,PRODI13,DI Yogyakarta,2
240006565,Padmi Wibowo (Baru),L,2020,Lulus,PRODI36,Kalimantan Timur,2
240006566,Hana Sihombing (Baru),L,2021,Aktif,PRODI33,Sumatera Selatan,2
240006567,Drs. Oliva Marbun (Baru),P,2024,Aktif,PRODI11,Maluku,2
240006568,Gara Damanik (Baru),L,2022,Nonaktif,PRODI13,Nusa Tenggara Barat,2
240006569,Latika Widiastuti (Baru),L,2020,Cuti,PRODI18,Jawa Timur,2
240006570,Janet Hutasoit (Baru),L,2020,Lulus,PRODI23,Kalimantan Barat,2
240006571,Ir. Teddy Tampubolon,L,2021,Drop Out,PRODI14,Aceh,2
240006572,Elvina Kusumo (Baru),L,2022,Aktif,PRODI30,Lampung,2
240006573,Hamzah Gunawan (Baru),L,2024,Aktif,PRODI36,Sumatera Barat,2
240006574,Icha Ramadan (Baru),P,2023,Aktif,PRODI04,Jawa Timur,1
240006575,drg. Kunthara Susanti (Baru),L,2024,Aktif,PRODI14,Jawa Barat,2
240006576,Bakiono Wahyudin (Baru),L,2024,Aktif,PRODI16,Kalimantan Utara,2
240006577,dr. Putri Hartati (Baru),P,2023,Aktif,PRODI33,Kalimantan Tengah,2
240006578,dr. Gilda Natsir (Baru),L,2022,Cuti,PRODI04,Kalimantan Tengah,1
240006579,Widya Sihombing,L,2023,Aktif,PRODI25,Nusa Tenggara Barat,2
240006580,Fitriani Maryadi (Baru),L,2020,Lulus,PRODI07,Aceh,2
240006581,Ulva Wibisono (Baru),P,2020,Aktif,PRODI30,Jawa Barat,2
240006582,Raisa Waluyo (Baru),L,2022,Nonaktif,PRODI29,Bengkulu,2
240006583,dr. Raina Siregar (Baru),P,2022,Aktif,PRODI23,Papua Barat,2
240006584,Kasiyah Palastri,P,2024,Aktif,PRODI21,Papua,2
240006585,Gamani Mardhiyah (Baru),P,2024,Aktif,PRODI36,Gorontalo,2
240006586,Hj. Vicky Usamah,L,2021,Aktif,PRODI37,Kalimantan Timur,2
240006587,Victoria Mustofa (Baru),P,2020,Cuti,PRODI14,Maluku,2
240006588,Safina Hutapea (Baru),L,2024,Aktif,PRODI33,Sulawesi Selatan,2
240006589,Cahyono Waskita (Baru),L,2023,Aktif,PRODI09,Nusa Tenggara Barat,1
240006590,Eva Halimah (Baru),P,2022,Aktif,PRODI16,Sulawesi Tenggara,2
240006591,Kawaya Sihombing (Baru),P,2024,Aktif,PRODI21,Nusa Tenggara Barat,2
240006592,Mahfud Dabukke (Baru),P,2022,Aktif,PRODI21,Sumatera Barat,2
240006593,Malika Setiawan (Baru),P,2021,Aktif,PRODI21,Nusa Tenggara Barat,2
240006594,Juli Suryono (Baru),P,2023,Aktif,PRODI23,Jawa Timur,2
240006595,Prasetyo Sihombing (Baru),P,2021,Aktif,PRODI33,DI Yogyakarta,2
240006596,Banawi Najmudin (Baru),P,2024,Nonaktif,PRODI25,Riau,2
240006597,Cinta Usada (Baru),L,2020,Lulus,PRODI14,Banten,2
240006598,Ir. Wawan Hidayat,L,2024,Aktif,PRODI12,Riau,2
240006599,Cakrabuana Suwarno,L,2021,Aktif,PRODI35,Nusa Tenggara Timur,2
240006600,Dr. Hardana Kusumo,P,2020,Lulus,PRODI11,Maluku,2
240006601,Kiandra Wastuti (Baru),L,2020,Nonaktif,PRODI27,Jawa Barat,2
240006602,Cawuk Saptono (Baru),L,2021,Nonaktif,PRODI37,Sulawesi Utara,2
240006603,Heru Nugroho (Baru),L,2024,Aktif,PRODI36,Maluku,2
240006604,Mutia Nasyidah (Baru),P,2021,Aktif,PRODI11,DKI Jakarta,2
240006605,Among Pratama (Baru),P,2024,Cuti,PRODI36,Banten,2
240006606,Drs. Paiman Astuti (Baru),L,2020,Cuti,PRODI12,Bali,2
240006607,Kasiyah Palastri,P,2024,Aktif,PRODI21,Sulawesi Utara,2
240006608,Emas Sihombing (Baru),P,2024,Aktif,PRODI29,Kalimantan Tengah,2
240006609,KH. Viktor Budiman,L,2024,Aktif,PRODI27,Sumatera Barat,2
240006610,Dr. Sarah Astuti,L,2024,Aktif,PRODI34,Bangka Belitung,2
240006611,Teguh Jailani (Baru),L,2022,Aktif,PRODI27,Aceh,2
240006612,Heru Samosir (Baru),L,2024,Aktif,PRODI10,Gorontalo,1
240006613,Edi Kusmawati (Baru),L,2021,Aktif,PRODI29,Nusa Tenggara Timur,2
240006614,Caket Simbolon,L,2022,Aktif,PRODI11,Sumatera Barat,2
240006615,Drs. Adhiarja Suryatmi (Baru),L,2023,Cuti,PRODI04,Sulawesi Tenggara,1
240006616,Ganjaran Aryani,P,2021,Aktif,PRODI04,Jambi,1
240006617,R. Nrima Firmansyah,L,2023,Aktif,PRODI33,Sumatera Utara,2
240006618,Emong Hutasoit (Baru),P,2020,Lulus,PRODI21,Kalimantan Utara,2
240006619,R. Elisa Pratama,L,2021,Aktif,PRODI23,Sumatera Barat,2
240006620,Rusman Simbolon,P,2022,Nonaktif,PRODI25,Nusa Tenggara Barat,2
240006621,Eko Mardhiyah (Baru),L,2024,Aktif,PRODI27,Sulawesi Utara,2
240006622,Ulva Yolanda (Baru),L,2023,Aktif,PRODI21,Aceh,2
240006623,drg. Dina Kuswoyo,P,2023,Aktif,PRODI11,Kalimantan Selatan,2
240006624,H. Gandi Yuliarti,P,2023,Aktif,PRODI14,Sumatera Utara,2
240006625,Karya Nugroho (Baru),P,2020,Cuti,PRODI11,Jawa Timur,2
240006626,Dr. Wani Tarihoran,P,2024,Aktif,PRODI23,Papua Barat,2
240006627,Ir. Artanto Usada,P,2024,Aktif,PRODI34,Banten,2
240006628,Hj. Yance Riyanti (Baru),P,2024,Aktif,PRODI07,Sulawesi Tenggara,2
240006629,Ir. Wardi Dabukke (Baru),L,2023,Aktif,PRODI18,Nusa Tenggara Timur,2
240006630,Drs. Belinda Utama (Baru),L,2023,Aktif,PRODI27,Kalimantan Utara,2
240006631,Janet Hutasoit (Baru),L,2020,Lulus,PRODI23,Sulawesi Selatan,2
240006632,Hj. Zalindra Santoso (Baru),L,2024,Aktif,PRODI33,Nusa Tenggara Timur,2
240006633,Tgk. Alambana Hutagalung,P,2023,Aktif,PRODI18,Kalimantan Utara,2
240006634,Nurul Sitompul (Baru),L,2023,Aktif,PRODI30,Maluku Utara,2
240006635,Bajragin Firmansyah (Baru),P,2021,Aktif,PRODI07,Sulawesi Tenggara,2
240006636,Farhunnisa Budiman (Baru),L,2023,Aktif,PRODI04,Papua Barat,1
240006637,Okta Nainggolan (Baru),L,2021,Aktif,PRODI37,Banten,2
240006638,Xanana Jailani (Baru),L,2021,Aktif,PRODI23,Kalimantan Barat,2
240006639,Umaya Hasanah (Baru),L,2024,Aktif,PRODI21,Riau,2
240006640,Najib Pudjiastuti (Baru),P,2020,Lulus,PRODI04,Maluku Utara,1
240006641,Puji Siregar (Baru),P,2020,Lulus,PRODI37,Nusa Tenggara Timur,2
240006642,Puti Talia Manullang,L,2024,Aktif,PRODI32,Bali,2
240006643,Humaira Gunawan (Baru),L,2023,Aktif,PRODI12,Jawa Timur,2
240006644,Lantar Halim (Baru),L,2023,Aktif,PRODI21,Jambi,2
240006645,Laila Napitupulu (Baru),P,2020,Nonaktif,PRODI30,Kalimantan Utara,2
240006646,Dinda Wibowo (Baru),L,2020,Lulus,PRODI32,Sulawesi Tengah,2
240006647,Widya Sihombing,L,2023,Aktif,PRODI25,Sumatera Utara,2
240006648,Banara Setiawan (Baru),P,2024,Aktif,PRODI10,Sulawesi Tenggara,1
240006649,Darman Najmudin (Baru),P,2023,Aktif,PRODI35,Maluku,2
240006650,Rina Utama (Baru),P,2020,Lulus,PRODI32,Kalimantan Timur,2
240006651,Cinta Usada (Baru),L,2020,Lulus,PRODI14,Nusa Tenggara Barat,2
240006652,Heru Melani (Baru),L,2022,Aktif,PRODI27,DKI Jakarta,2
240006653,Maya Zulkarnain (Baru),P,2024,Aktif,PRODI13,Papua Barat,2
240006654,Wage Mardhiyah (Baru),L,2023,Aktif,PRODI32,Sulawesi Tengah,2
240006655,Bajragin Firmansyah (Baru),P,2021,Nonaktif,PRODI07,Sulawesi Barat,2
240006656,Bahuraksa Permadi (Baru),P,2024,Aktif,PRODI29,Jawa Barat,2
240006657,Kemba Saragih (Baru),L,2022,Nonaktif,PRODI23,Aceh,2
240006658,Jane Laksita (Baru),L,2023,Aktif,PRODI25,Gorontalo,2
240006659,Wardaya Rajata (Baru),L,2024,Aktif,PRODI10,Gorontalo,1
240006660,Abyasa Laksita,L,2024,Aktif,PRODI37,Kalimantan Selatan,2
240006661,Almira Susanti,P,2021,Aktif,PRODI35,Kepulauan Riau,2
240006662,Jamalia Tampubolon,L,2020,Lulus,PRODI35,DI Yogyakarta,2
240006663,Vino Susanti (Baru),P,2022,Aktif,PRODI04,Papua,1
240006664,Ella Prabowo (Baru),L,2023,Aktif,PRODI34,Lampung,2
240006665,Mutia Ramadan (Baru),P,2022,Aktif,PRODI10,Sumatera Selatan,1
240006666,Usyi Rahmawati (Baru),P,2022,Aktif,PRODI09,Riau,1
240006667,Karimah Novitasari,L,2023,Aktif,PRODI36,Kalimantan Tengah,2
240006668,Zahra Puspita (Baru),P,2022,Aktif,PRODI33,DKI Jakarta,2
240006669,Eko Siregar,P,2020,Cuti,PRODI32,Nusa Tenggara Barat,2
240006670,Drs. Salman Natsir (Baru),L,2023,Aktif,PRODI32,Sumatera Utara,2
240006671,Hana Rajata (Baru),L,2021,Aktif,PRODI10,Jambi,1
240006672,Mutia Ramadan (Baru),P,2022,Aktif,PRODI10,Kalimantan Selatan,1
240006673,Nasim Wijayanti (Baru),P,2023,Aktif,PRODI27,Nusa Tenggara Barat,2
240006674,Bahuwarna Hidayanto (Baru),P,2023,Aktif,PRODI10,Jawa Barat,1
240006675,Lurhur Purnawati (Baru),L,2023,Aktif,PRODI04,Sulawesi Tengah,1
240006676,R. Kania Hariyah,P,2021,Aktif,PRODI34,Jambi,2
240006677,Malika Prasetyo (Baru),P,2021,Aktif,PRODI35,Gorontalo,2
240006678,Sutan Kayun Kuswandari (Baru),P,2020,Lulus,PRODI09,Papua,1
240006679,Ina Setiawan (Baru),L,2024,Aktif,PRODI10,Bengkulu,1
240006680,Vanesa Budiman (Baru),L,2022,Aktif,PRODI36,Kalimantan Utara,2
240006681,Bakda Pertiwi (Baru),L,2020,Aktif,PRODI14,Nusa Tenggara Barat,2
240006682,Kardi Saptono,P,2021,Aktif,PRODI27,Maluku Utara,2
240006683,KH. Latif Nuraini (Baru),P,2024,Aktif,PRODI21,Jawa Timur,2
240006684,R. Nadine Jailani,P,2024,Aktif,PRODI37,Nusa Tenggara Barat,2
240006685,Dimaz Ramadan (Baru),L,2020,Lulus,PRODI30,Sulawesi Tenggara,2
240006686,Nasim Astuti (Baru),L,2023,Aktif,PRODI37,Gorontalo,2
240006687,Wisnu Mustofa (Baru),P,2022,Aktif,PRODI30,Banten,2
240006688,Talia Pudjiastuti (Baru),L,2023,Aktif,PRODI23,Kalimantan Utara,2
240006689,Upik Usada (Baru),L,2023,Aktif,PRODI33,Sulawesi Barat,2
240006690,T. Irwan Rahayu (Baru),P,2024,Aktif,PRODI35,Maluku,2
240006691,Harto Saptono (Baru),L,2023,Nonaktif,PRODI32,Jambi,2
240006692,Dr. Hani Saragih,P,2020,Lulus,PRODI23,Lampung,2
240006693,Eko Mardhiyah (Baru),L,2024,Nonaktif,PRODI27,Jambi,2
240006694,dr. Tantri Setiawan (Baru),P,2022,Aktif,PRODI18,Kalimantan Utara,2
240006695,Ir. Nova Fujiati,P,2020,Aktif,PRODI21,Nusa Tenggara Timur,2
240006696,Ophelia Tarihoran (Baru),P,2023,Aktif,PRODI30,Sulawesi Barat,2
240006697,Hana Rajata (Baru),L,2021,Aktif,PRODI10,Sulawesi Selatan,1
240006698,Kemba Puspita (Baru),P,2020,Aktif,PRODI23,Banten,2
240006699,Tgk. Ira Hakim (Baru),P,2020,Aktif,PRODI29,Bangka Belitung,2
240006700,Edward Sihombing (Baru),P,2024,Aktif,PRODI18,Nusa Tenggara Barat,2
240006701,Dr. Bakti Kurniawan,P,2024,Aktif,PRODI23,Jawa Timur,2
240006702,Kamila Anggriawan (Baru),L,2023,Cuti,PRODI13,Papua Barat,2
240006703,Jono Hidayanto (Baru),L,2022,Aktif,PRODI04,Papua Barat,1
240006704,Gara Damanik (Baru),L,2022,Aktif,PRODI13,Sulawesi Selatan,2
240006705,Safina Siregar (Baru),L,2020,Lulus,PRODI12,Lampung,2
240006706,Karja Tampubolon,L,2021,Aktif,PRODI09,Riau,1
240006707,Puti Pia Anggraini,L,2020,Lulus,PRODI27,Gorontalo,2
240006708,Banara Maulana (Baru),P,2024,Aktif,PRODI18,Sulawesi Tengah,2
240006709,drg. Gaiman Suartini (Baru),P,2023,Cuti,PRODI11,Bengkulu,2
240006710,Galak Wijayanti (Baru),L,2021,Aktif,PRODI30,Sumatera Selatan,2
240006711,Gamani Mardhiyah (Baru),P,2024,Aktif,PRODI36,Nusa Tenggara Barat,2
240006712,Cengkal Uwais (Baru),L,2023,Aktif,PRODI34,Bangka Belitung,2
240006713,Akarsana Hassanah (Baru),L,2022,Aktif,PRODI30,Bengkulu,2
240006714,Puji Padmasari,P,2022,Aktif,PRODI10,Bali,1
240006715,Tira Narpati (Baru),P,2023,Aktif,PRODI21,Sulawesi Utara,2
240006716,Sabrina Yuniar (Baru),L,2023,Nonaktif,PRODI23,Lampung,2
240006717,Wahyu Sirait (Baru),L,2024,Aktif,PRODI13,Nusa Tenggara Barat,2
240006718,Ella Rahmawati (Baru),L,2020,Lulus,PRODI12,Kalimantan Utara,2
240006719,Edi Purnawati (Baru),L,2022,Aktif,PRODI25,Aceh,2
240006720,Alika Pudjiastuti (Baru),P,2021,Aktif,PRODI23,Kalimantan Timur,2
240006721,Ifa Wijaya,L,2022,Aktif,PRODI16,DI Yogyakarta,2
240006722,Winda Aryani (Baru),L,2023,Aktif,PRODI13,Maluku Utara,2
240006723,Safina Santoso (Baru),L,2023,Aktif,PRODI18,Riau,2
240006724,Wawan Budiman (Baru),P,2020,Nonaktif,PRODI12,Nusa Tenggara Barat,2
240006725,Jamalia Tampubolon,L,2020,Aktif,PRODI35,Papua,2
240006726,Diana Marpaung (Baru),P,2023,Aktif,PRODI27,DKI Jakarta,2
240006727,Dr. Hardana Kusumo,P,2020,Lulus,PRODI11,Riau,2
240006728,Lalita Pudjiastuti,L,2021,Aktif,PRODI16,Gorontalo,2
240006729,Karya Jailani (Baru),L,2022,Aktif,PRODI34,Sulawesi Utara,2
240006730,Hasta Prayoga (Baru),L,2021,Aktif,PRODI18,Maluku Utara,2
240006731,Nasim Wijayanti (Baru),P,2023,Aktif,PRODI27,Nusa Tenggara Timur,2
240006732,Cawuk Saptono (Baru),L,2021,Aktif,PRODI37,Jambi,2
240006733,Martana Handayani (Baru),L,2024,Aktif,PRODI16,Sulawesi Barat,2
240006734,Sabrina Rajata,L,2021,Aktif,PRODI12,Gorontalo,2
240006735,Iriana Uyainah (Baru),L,2023,Aktif,PRODI04,DKI Jakarta,1
240006736,Kambali Irawan (Baru),L,2020,Lulus,PRODI12,Sulawesi Tengah,2
240006737,Zaenab Sirait (Baru),P,2021,Nonaktif,PRODI37,Kalimantan Barat,2
240006738,Chelsea Usamah (Baru),L,2020,Lulus,PRODI33,Sulawesi Barat,2
240006739,Faizah Hutagalung (Baru),L,2024,Aktif,PRODI04,Kalimantan Selatan,1
240006740,Lili Prakasa,P,2023,Cuti,PRODI25,Aceh,2
240006741,Hj. Ratna Laksmiwati (Baru),L,2022,Aktif,PRODI23,Kalimantan Utara,2
240006742,Tgk. Ani Damanik (Baru),P,2020,Lulus,PRODI10,Kalimantan Barat,1
240006743,dr. Gilda Natsir (Baru),L,2022,Aktif,PRODI04,Aceh,1
240006744,Kariman Laksmiwati,L,2022,Aktif,PRODI09,Sumatera Utara,1
240006745,Tirtayasa Agustina,L,2023,Aktif,PRODI14,Sulawesi Utara,2
240006746,Gandi Haryanto (Baru),P,2020,Aktif,PRODI36,Kalimantan Tengah,2
240006747,Gaman Natsir (Baru),P,2020,Lulus,PRODI25,Kalimantan Utara,2
240006748,dr. Maimunah Rahayu,L,2021,Aktif,PRODI14,Jawa Barat,2
240006749,Artawan Ardianto (Baru),L,2021,Aktif,PRODI36,Kalimantan Utara,2
240006750,Catur Prasetyo,P,2022,Aktif,PRODI14,DKI Jakarta,2
240006751,dr. Bella Susanti,P,2020,Lulus,PRODI29,Sulawesi Utara,2
240006752,Kania Kusmawati (Baru),P,2022,Aktif,PRODI13,Sumatera Selatan,2
240006753,Rahmat Suryatmi,P,2021,Aktif,PRODI21,Kalimantan Selatan,2
240006754,Cakrajiya Napitupulu (Baru),P,2020,Lulus,PRODI10,Kepulauan Riau,1
240006755,Carub Sihombing (Baru),P,2023,Aktif,PRODI29,Jawa Tengah,2
240006756,Kurnia Wijaya (Baru),P,2023,Aktif,PRODI12,Jawa Tengah,2
240006757,Daruna Hutasoit (Baru),P,2020,Lulus,PRODI12,Kalimantan Tengah,2
240006758,H. Pangestu Wahyuni (Baru),P,2023,Aktif,PRODI14,Sumatera Utara,2
240006759,Caket Uwais (Baru),L,2020,Lulus,PRODI30,Sumatera Barat,2
240006760,Ganep Nurdiyanti (Baru),L,2020,Lulus,PRODI09,Nusa Tenggara Barat,1
240006761,H. Ganda Farida,P,2020,Aktif,PRODI21,Lampung,2
240006762,Karsana Halim (Baru),L,2024,Aktif,PRODI25,Riau,2
240006763,dr. Lintang Andriani (Baru),L,2022,Aktif,PRODI29,Kepulauan Riau,2
240006764,Titi Puspita (Baru),P,2021,Aktif,PRODI18,Sulawesi Utara,2
240006765,Melinda Fujiati (Baru),P,2023,Aktif,PRODI04,Gorontalo,1
240006766,Ganda Hidayanto (Baru),P,2020,Lulus,PRODI34,Sulawesi Utara,2
240006767,Tgk. Intan Wijaya (Baru),L,2021,Aktif,PRODI12,Kalimantan Timur,2
240006768,drg. Karimah Pradipta (Baru),P,2024,Aktif,PRODI29,Jawa Timur,2
240006769,Edward Jailani (Baru),P,2024,Aktif,PRODI13,Jawa Barat,2
240006770,Titin Najmudin (Baru),L,2023,Aktif,PRODI21,Sulawesi Barat,2
240006771,Unggul Manullang (Baru),P,2021,Aktif,PRODI21,Riau,2
240006772,Ir. Uli Maheswara (Baru),L,2021,Aktif,PRODI32,Sumatera Utara,2
240006773,Drs. Karya Sihombing,L,2024,Aktif,PRODI36,Kalimantan Utara,2
240006774,R. Kamal Fujiati (Baru),P,2024,Aktif,PRODI37,Sulawesi Tenggara,2
240006775,R.A. Febi Pratiwi,P,2024,Aktif,PRODI18,Bengkulu,2
240006776,Puti Siska Wahyuni (Baru),P,2023,Aktif,PRODI10,Banten,1
240006777,R. Umi Hakim,L,2023,Aktif,PRODI10,Sulawesi Tengah,1
240006778,Queen Yolanda (Baru),P,2020,Lulus,PRODI25,Kalimantan Utara,2
240006779,T. Yoga Fujiati (Baru),P,2024,Aktif,PRODI30,Papua Barat,2
240006780,Opan Haryanti (Baru),P,2023,Aktif,PRODI13,Jambi,2
240006781,Dr. Kayla Wibisono,L,2023,Aktif,PRODI35,Bengkulu,2
240006782,Dr. Asman Wibowo (Baru),P,2022,Aktif,PRODI12,Sulawesi Utara,2
240006783,Wisnu Yulianti (Baru),P,2021,Nonaktif,PRODI12,Nusa Tenggara Barat,2
240006784,Karta Ardianto,L,2023,Aktif,PRODI11,Sumatera Selatan,2
240006785,Lili Firmansyah,L,2022,Nonaktif,PRODI12,Sumatera Selatan,2
240006786,Hj. Citra Santoso,P,2021,Aktif,PRODI25,Sulawesi Utara,2
240006787,Wirda Sihombing (Baru),P,2021,Aktif,PRODI32,Bangka Belitung,2
240006788,Winda Damanik,L,2023,Drop Out,PRODI14,Kepulauan Riau,2
240006789,Sutan Artawan Wijaya,L,2024,Aktif,PRODI12,Sumatera Barat,2
240006790,Unggul Mandasari (Baru),P,2020,Drop Out,PRODI32,Riau,2
240006791,Tgk. Salman Wijayanti,P,2023,Aktif,PRODI04,Nusa Tenggara Barat,1
240006792,Mursinin Hidayanto (Baru),L,2024,Aktif,PRODI30,Bengkulu,2
240006793,Usyi Rahmawati (Baru),P,2022,Aktif,PRODI09,Sumatera Selatan,1
240006794,Nilam Mayasari (Baru),L,2023,Aktif,PRODI10,Riau,1
240006795,Julia Mandasari (Baru),L,2024,Aktif,PRODI37,Bengkulu,2
240006796,Nadia Siregar (Baru),P,2021,Aktif,PRODI35,Banten,2
240006797,KH. Bakti Nababan (Baru),P,2021,Nonaktif,PRODI34,Bangka Belitung,2
240006798,Irnanto Yulianti,L,2022,Cuti,PRODI37,Jawa Tengah,2
240006799,Kiandra Andriani (Baru),P,2024,Aktif,PRODI07,Nusa Tenggara Timur,2
240006800,Ir. Kajen Rajasa,P,2023,Drop Out,PRODI37,Jambi,2
240006801,Prabawa Wastuti (Baru),L,2024,Aktif,PRODI16,Banten,2
240006802,Leo Prakasa (Baru),L,2023,Aktif,PRODI11,Maluku,2
240006803,R.M. Mahfud Saragih,P,2022,Aktif,PRODI25,Jambi,2
240006804,Humaira Gunawan (Baru),L,2023,Aktif,PRODI12,Maluku,2
240006805,Yuni Damanik (Baru),P,2021,Aktif,PRODI30,Gorontalo,2
240006806,drg. Puput Lestari (Baru),L,2022,Nonaktif,PRODI30,Sulawesi Tenggara,2
240006807,Tgk. Hani Saragih (Baru),P,2023,Aktif,PRODI33,Banten,2
240006808,Hj. Oliva Hidayat (Baru),P,2024,Aktif,PRODI21,Gorontalo,2
240006809,Rizki Tarihoran,P,2020,Aktif,PRODI25,DKI Jakarta,2
240006810,R.A. Lidya Mulyani,P,2024,Aktif,PRODI32,Jawa Tengah,2
240006811,Ajiman Putra (Baru),L,2020,Drop Out,PRODI25,Kalimantan Selatan,2
240006812,Among Prabowo (Baru),P,2022,Aktif,PRODI16,Kalimantan Barat,2
240006813,Salsabila Riyanti (Baru),P,2021,Aktif,PRODI09,Sulawesi Utara,1
240006814,Drs. Oskar Mustofa (Baru),P,2020,Lulus,PRODI18,Bali,2
240006815,Ir. Jayeng Napitupulu,L,2022,Aktif,PRODI32,Kalimantan Timur,2
240006816,Heru Samosir (Baru),L,2024,Aktif,PRODI10,Jambi,1
240006817,KH. Latif Nuraini (Baru),P,2024,Aktif,PRODI21,Sumatera Barat,2
240006818,Puti Tari Sihombing (Baru),L,2023,Aktif,PRODI16,Jawa Tengah,2
240006819,Usyi Utama (Baru),P,2024,Cuti,PRODI13,Sulawesi Utara,2
240006820,Ghani Nashiruddin (Baru),P,2024,Aktif,PRODI14,Sulawesi Barat,2
240006821,Juli Pangestu,P,2020,Aktif,PRODI12,Sulawesi Selatan,2
240006822,Leo Mansur (Baru),P,2024,Aktif,PRODI32,Kalimantan Tengah,2
240006823,Diana Astuti,L,2020,Aktif,PRODI21,Maluku Utara,2
240006824,Raditya Handayani (Baru),L,2022,Aktif,PRODI18,Sulawesi Barat,2
240006825,Citra Maryadi (Baru),P,2020,Lulus,PRODI27,Bengkulu,2
240006826,Gaduh Anggraini (Baru),L,2024,Drop Out,PRODI07,Jambi,2
240006827,Icha Ramadan (Baru),P,2023,Aktif,PRODI04,DI Yogyakarta,1
240006828,Kardi Wasita (Baru),P,2021,Cuti,PRODI16,Sulawesi Tenggara,2
240006829,KH. Ihsan Napitupulu (Baru),L,2022,Aktif,PRODI27,Jawa Tengah,2
240006830,Yuliana Salahudin (Baru),P,2020,Lulus,PRODI35,Aceh,2
240006831,Gandewa Ramadan (Baru),P,2024,Aktif,PRODI29,DI Yogyakarta,2
240006832,Mustofa Sihombing (Baru),L,2024,Aktif,PRODI18,DKI Jakarta,2
240006833,Vanesa Puspita,P,2023,Aktif,PRODI36,Sulawesi Tengah,2
240006834,Mahfud Latupono,P,2022,Aktif,PRODI27,Sulawesi Selatan,2
240006835,Malika Rahimah (Baru),L,2022,Aktif,PRODI23,Aceh,2
240006836,Usyi Utama (Baru),P,2024,Aktif,PRODI13,Jawa Timur,2
240006837,Jinawi Situmorang (Baru),P,2023,Aktif,PRODI11,Kalimantan Timur,2
240006838,Tedi Sitompul (Baru),P,2024,Aktif,PRODI07,Riau,2
240006839,dr. Lala Irawan (Baru),L,2020,Aktif,PRODI18,DKI Jakarta,2
240006840,Dinda Wibowo (Baru),L,2020,Lulus,PRODI32,Sumatera Utara,2
240006841,R. Intan Aryani (Baru),P,2024,Aktif,PRODI13,Bangka Belitung,2
240006842,Drs. Maria Sitompul,L,2021,Aktif,PRODI21,Sumatera Selatan,2
240006843,Patricia Wulandari (Baru),L,2023,Aktif,PRODI13,DKI Jakarta,2
240006844,Melinda Pradipta (Baru),L,2023,Aktif,PRODI35,Sulawesi Utara,2
240006845,Hj. Citra Santoso,P,2021,Aktif,PRODI25,Kalimantan Tengah,2
240006846,Tgk. Dodo Waskita (Baru),L,2024,Aktif,PRODI35,Jawa Timur,2
240006847,Janet Suartini (Baru),P,2020,Lulus,PRODI29,Bangka Belitung,2
240006848,R.M. Perkasa Yulianti (Baru),L,2024,Aktif,PRODI32,Maluku,2
240006849,Septi Napitupulu (Baru),P,2020,Aktif,PRODI13,DI Yogyakarta,2
240006850,R.M. Prabu Hasanah (Baru),P,2023,Aktif,PRODI14,Papua,2
240006851,Maida Tampubolon (Baru),L,2020,Lulus,PRODI12,DKI Jakarta,2
240006852,Dr. Sabri Ramadan,L,2021,Drop Out,PRODI21,Kalimantan Selatan,2
240006853,Titin Najmudin (Baru),L,2023,Aktif,PRODI21,Kalimantan Barat,2
240006854,Reksa Pudjiastuti,P,2023,Aktif,PRODI16,Sulawesi Utara,2
240006855,Anita Maulana,P,2021,Aktif,PRODI04,DKI Jakarta,1
240006856,Martana Handayani (Baru),L,2024,Cuti,PRODI16,Nusa Tenggara Barat,2
240006857,Martaka Nurdiyanti,L,2023,Aktif,PRODI21,Gorontalo,2
240006858,Tiara Ramadan (Baru),P,2022,Aktif,PRODI11,Kalimantan Barat,2
240006859,Bakidin Saragih (Baru),L,2021,Aktif,PRODI12,Jawa Tengah,2
240006860,dr. Septi Nasyiah (Baru),L,2022,Aktif,PRODI09,Aceh,1
240006861,Titi Suwarno,L,2022,Aktif,PRODI21,Maluku Utara,2
240006862,Puti Kezia Saragih,P,2023,Aktif,PRODI33,Bengkulu,2
240006863,dr. Tantri Firgantoro,L,2023,Aktif,PRODI11,Riau,2
240006864,Vanesa Puspita,P,2023,Aktif,PRODI36,Riau,2
240006865,Mahfud Tampubolon (Baru),P,2021,Aktif,PRODI14,Kalimantan Timur,2
240006866,H. Cahyanto Tarihoran (Baru),P,2023,Aktif,PRODI13,Banten,2
240006867,Dr. Titi Kuswoyo,P,2021,Aktif,PRODI18,Papua,2
240006868,Farhunnisa Puspita (Baru),P,2020,Aktif,PRODI11,Kalimantan Barat,2
240006869,H. Saiful Andriani (Baru),P,2024,Aktif,PRODI30,DI Yogyakarta,2
240006870,Bakda Pertiwi (Baru),L,2020,Aktif,PRODI14,Maluku,2
240006871,Puti Kezia Susanti,P,2023,Aktif,PRODI23,Sulawesi Barat,2
240006872,Drs. Rahmi Kuswandari,P,2021,Aktif,PRODI32,Papua Barat,2
240006873,Prasetyo Yuniar,P,2021,Aktif,PRODI04,Kalimantan Utara,1
240006874,Candra Winarno (Baru),P,2024,Aktif,PRODI25,Kepulauan Riau,2
240006875,Drs. Jagapati Laksmiwati (Baru),L,2024,Aktif,PRODI36,Sulawesi Utara,2
240006876,Sabrina Pratama,P,2020,Nonaktif,PRODI10,Kalimantan Utara,1
240006877,R.M. Salman Ardianto (Baru),P,2022,Aktif,PRODI12,Gorontalo,2
240006878,Dr. Joko Siregar,L,2022,Drop Out,PRODI12,Bengkulu,2
240006879,Cut Natalia Nugroho (Baru),P,2020,Aktif,PRODI25,Nusa Tenggara Barat,2
240006880,Tgk. Warsa Haryanto,P,2021,Aktif,PRODI21,Riau,2
240006881,Wadi Melani (Baru),P,2024,Aktif,PRODI32,Sulawesi Selatan,2
240006882,KH. Latif Nuraini (Baru),P,2024,Aktif,PRODI21,Jambi,2
240006883,Lurhur Wibowo (Baru),P,2024,Aktif,PRODI36,Nusa Tenggara Timur,2
240006884,Tiara Ramadan (Baru),P,2022,Aktif,PRODI11,DI Yogyakarta,2
240006885,Sabar Mustofa,P,2022,Cuti,PRODI10,Sulawesi Tengah,1
240006886,Halim Waskita,L,2023,Aktif,PRODI14,Nusa Tenggara Timur,2
240006887,Amelia Maryati,L,2024,Aktif,PRODI25,Kalimantan Barat,2
240006888,T. Balijan Haryanti (Baru),P,2023,Aktif,PRODI18,Jawa Barat,2
240006889,Opung Saputra (Baru),P,2024,Cuti,PRODI16,Sulawesi Tenggara,2
240006890,Marwata Hutapea (Baru),P,2023,Aktif,PRODI27,Riau,2
240006891,Mahmud Dabukke (Baru),L,2020,Lulus,PRODI09,Gorontalo,1
240006892,Drs. Paris Saputra,P,2024,Aktif,PRODI37,Sulawesi Utara,2
240006893,Ir. Wawan Hidayat,L,2024,Aktif,PRODI12,Jawa Tengah,2
240006894,R.A. Halima Oktaviani (Baru),L,2021,Nonaktif,PRODI11,Lampung,2
240006895,Halim Waskita,L,2023,Aktif,PRODI14,Maluku,2
240006896,dr. Septi Nasyiah (Baru),L,2022,Aktif,PRODI09,Sulawesi Tengah,1
240006897,Nurul Haryanto (Baru),P,2021,Aktif,PRODI35,Kalimantan Utara,2
240006898,Ir. Uli Maheswara (Baru),L,2021,Cuti,PRODI32,DKI Jakarta,2
240006899,Tirta Suryatmi (Baru),L,2021,Aktif,PRODI18,Sumatera Selatan,2
240006900,Uchita Pangestu,L,2020,Lulus,PRODI18,Kepulauan Riau,2
240006901,Kurnia Wijaya (Baru),P,2023,Aktif,PRODI12,Riau,2
240006902,Paramita Lazuardi,P,2022,Aktif,PRODI32,Kalimantan Tengah,2
240006903,T. Martana Oktaviani (Baru),L,2020,Lulus,PRODI30,Kalimantan Barat,2
240006904,Ciaobella Situmorang (Baru),L,2021,Aktif,PRODI35,Riau,2
240006905,R. Galar Siregar,P,2024,Aktif,PRODI09,Jawa Barat,1
240006906,Bakidin Saragih (Baru),L,2021,Aktif,PRODI12,Maluku Utara,2
240006907,Ina Ardianto (Baru),L,2020,Lulus,PRODI16,Bangka Belitung,2
240006908,Julia Winarno,L,2020,Drop Out,PRODI11,Sulawesi Barat,2
240006909,Wardaya Rajata (Baru),L,2024,Aktif,PRODI10,Kalimantan Barat,1
240006910,Janet Suartini (Baru),P,2020,Lulus,PRODI29,Bengkulu,2
240006911,Tira Saptono (Baru),L,2022,Aktif,PRODI30,Jawa Barat,2
240006912,Ratna Iswahyudi (Baru),L,2021,Aktif,PRODI29,Sulawesi Tenggara,2
240006913,Wardaya Rajata (Baru),L,2024,Aktif,PRODI10,Papua Barat,1
240006914,Dr. Laila Pratama,P,2021,Aktif,PRODI37,Maluku Utara,2
240006915,Talia Pudjiastuti (Baru),L,2023,Aktif,PRODI23,Papua Barat,2
240006916,R. Salimah Wastuti,L,2024,Aktif,PRODI10,Sulawesi Tengah,1
240006917,Harjo Prayoga (Baru),L,2020,Lulus,PRODI36,Riau,2
240006918,Leo Mansur (Baru),P,2024,Aktif,PRODI32,Kalimantan Timur,2
240006919,dr. Karta Hutasoit,L,2020,Lulus,PRODI37,Jawa Tengah,2
240006920,R.A. Ratna Hardiansyah (Baru),L,2023,Aktif,PRODI27,Banten,2
240006921,Talia Sirait (Baru),L,2023,Aktif,PRODI33,Banten,2
240006922,Puji Padmasari,P,2022,Aktif,PRODI10,Riau,1
240006923,Hani Permadi (Baru),P,2020,Aktif,PRODI25,Nusa Tenggara Timur,2
240006924,Aisyah Firgantoro,L,2020,Aktif,PRODI14,Sumatera Barat,2
240006925,Malika Hidayanto (Baru),L,2022,Aktif,PRODI09,Kalimantan Barat,1
240006926,Tgk. Galang Firmansyah,L,2022,Aktif,PRODI09,Nusa Tenggara Timur,1
240006927,Ir. Ika Laksita (Baru),P,2024,Aktif,PRODI36,Sumatera Utara,2
240006928,Wage Mustofa (Baru),L,2021,Aktif,PRODI23,Sulawesi Selatan,2
240006929,H. Estiono Prasetya (Baru),L,2024,Aktif,PRODI04,DKI Jakarta,1
240006930,Nardi Yulianti,P,2024,Aktif,PRODI13,Sulawesi Tengah,2
240006931,Hasta Prayoga (Baru),L,2021,Aktif,PRODI18,Kalimantan Utara,2
240006932,Tgk. Bakiadi Setiawan,P,2022,Aktif,PRODI33,Kalimantan Utara,2
240006933,Sarah Haryanto,L,2024,Aktif,PRODI04,Kepulauan Riau,1
240006934,Raden Hastuti (Baru),L,2021,Drop Out,PRODI33,Aceh,2
240006935,Cahya Widiastuti (Baru),P,2022,Aktif,PRODI36,Papua Barat,2
240006936,Dr. Hani Saragih,P,2020,Lulus,PRODI23,Jambi,2
240006937,R. Edi Sihombing (Baru),P,2022,Aktif,PRODI23,DI Yogyakarta,2
240006938,Garan Mandasari (Baru),L,2020,Lulus,PRODI30,Jawa Timur,2
240006939,R.M. Olga Budiyanto (Baru),P,2022,Aktif,PRODI27,Sulawesi Selatan,2
240006940,Puji Padmasari,P,2022,Aktif,PRODI10,Sumatera Utara,1
240006941,Eko Mardhiyah (Baru),L,2024,Aktif,PRODI27,Banten,2
240006942,Sari Mulyani (Baru),P,2020,Aktif,PRODI30,DKI Jakarta,2
240006943,Jagaraga Zulkarnain (Baru),L,2023,Aktif,PRODI10,Gorontalo,1
240006944,Tedi Mulyani (Baru),P,2020,Nonaktif,PRODI13,Maluku Utara,2
240006945,R.M. Surya Siregar (Baru),L,2022,Aktif,PRODI29,Riau,2
240006946,Caket Simbolon,L,2022,Aktif,PRODI11,Jawa Barat,2
240006947,Sari Rahmawati (Baru),P,2023,Aktif,PRODI23,Gorontalo,2
240006948,Hj. Farah Firgantoro (Baru),P,2023,Aktif,PRODI18,Sulawesi Tengah,2
240006949,Gina Mandala (Baru),P,2022,Aktif,PRODI11,Sulawesi Tenggara,2
240006950,Gadang Halimah (Baru),L,2020,Lulus,PRODI21,Jawa Timur,2
240006951,Yuliana Simanjuntak (Baru),P,2022,Aktif,PRODI11,Kepulauan Riau,2
240006952,Hilda Andriani,P,2024,Aktif,PRODI33,Maluku Utara,2
240006953,Mustofa Sihombing (Baru),L,2024,Aktif,PRODI18,Kalimantan Utara,2
240006954,Cut Unjani Widodo,P,2020,Lulus,PRODI13,Papua,2
240006955,Novi Hidayanto (Baru),P,2020,Aktif,PRODI11,Jambi,2
240006956,T. Balijan Haryanti (Baru),P,2023,Aktif,PRODI18,Kepulauan Riau,2
240006957,Ir. Yono Firmansyah (Baru),P,2024,Aktif,PRODI27,Jawa Barat,2
240006958,Amelia Saragih (Baru),P,2021,Aktif,PRODI18,Aceh,2
240006959,R. Umi Hakim,L,2023,Aktif,PRODI10,Sulawesi Tenggara,1
240006960,Siti Hariyah,L,2023,Aktif,PRODI07,Nusa Tenggara Timur,2
240006961,Drs. Labuh Marpaung,L,2023,Aktif,PRODI11,Bengkulu,2
240006962,Mulyanto Utama (Baru),P,2021,Aktif,PRODI32,Sulawesi Selatan,2
240006963,Dimas Padmasari,L,2021,Nonaktif,PRODI11,Bengkulu,2
240006964,Mutia Nasyidah (Baru),P,2021,Aktif,PRODI11,Jawa Timur,2
240006965,drg. Samiah Hartati,P,2022,Aktif,PRODI04,DI Yogyakarta,1
240006966,Rina Pratiwi,P,2021,Aktif,PRODI29,Sumatera Barat,2
240006967,Marsito Yulianti,L,2022,Aktif,PRODI29,Kalimantan Utara,2
240006968,Iriana Najmudin (Baru),P,2023,Aktif,PRODI29,Maluku,2
240006969,Mulyono Sihotang (Baru),L,2023,Aktif,PRODI33,DI Yogyakarta,2
240006970,Winda Utami (Baru),L,2021,Cuti,PRODI33,DKI Jakarta,2
240006971,Emong Mansur (Baru),L,2020,Cuti,PRODI36,Gorontalo,2
240006972,Edward Farida (Baru),P,2023,Aktif,PRODI29,Kalimantan Utara,2
240006973,Julia Winarno,L,2020,Lulus,PRODI11,Gorontalo,2
240006974,Dr. Kezia Nasyidah,P,2020,Lulus,PRODI11,Papua Barat,2
240006975,drg. Talia Laksita (Baru),L,2022,Drop Out,PRODI30,Sumatera Selatan,2
240006976,Irsad Tampubolon (Baru),L,2020,Lulus,PRODI37,Papua Barat,2
240006977,dr. Prayogo Yolanda (Baru),L,2022,Drop Out,PRODI21,Kalimantan Tengah,2
240006978,Titin Dabukke (Baru),L,2020,Lulus,PRODI04,Sulawesi Tengah,1
240006979,Danuja Padmasari (Baru),L,2021,Aktif,PRODI32,Papua Barat,2
240006980,Uli Hidayat,L,2021,Nonaktif,PRODI23,Sulawesi Tenggara,2
240006981,Kiandra Wastuti (Baru),L,2020,Lulus,PRODI27,Kalimantan Selatan,2
240006982,Ir. Ellis Jailani (Baru),P,2022,Aktif,PRODI09,DI Yogyakarta,1
240006983,Drs. Bagya Pranowo (Baru),L,2023,Cuti,PRODI33,Bangka Belitung,2
240006984,Umay Nasyiah (Baru),P,2021,Aktif,PRODI37,Jambi,2
240006985,Vera Tampubolon (Baru),P,2024,Aktif,PRODI33,Sulawesi Selatan,2
240006986,Dr. Michelle Kuswoyo (Baru),P,2020,Aktif,PRODI07,Kalimantan Tengah,2
240006987,Tedi Sitompul (Baru),P,2024,Cuti,PRODI07,DKI Jakarta,2
240006988,Karna Maryadi (Baru),L,2024,Aktif,PRODI13,Kalimantan Utara,2
240006989,Cut Oliva Nuraini (Baru),P,2024,Aktif,PRODI37,Bangka Belitung,2
240006990,Tiara Hutagalung (Baru),P,2023,Aktif,PRODI13,Gorontalo,2
240006991,Akarsana Hassanah (Baru),L,2022,Cuti,PRODI30,DKI Jakarta,2
240006992,Faizah Megantara (Baru),P,2021,Aktif,PRODI29,Kalimantan Barat,2
240006993,Violet Safitri (Baru),P,2020,Lulus,PRODI29,Jambi,2
240006994,Danuja Pudjiastuti (Baru),P,2020,Lulus,PRODI21,Nusa Tenggara Barat,2
240006995,Dr. Titi Kuswoyo,P,2021,Aktif,PRODI18,Aceh,2
240006996,Kani Haryanto (Baru),P,2020,Lulus,PRODI11,Sulawesi Barat,2
240006997,drg. Tiara Pangestu,L,2024,Aktif,PRODI09,Kalimantan Timur,1
240006998,Hj. Vicky Usamah,L,2021,Aktif,PRODI37,Aceh,2
240006999,Jayeng Saefullah (Baru),P,2020,Nonaktif,PRODI09,Kepulauan Riau,1
240007000,Tira Anggraini (Baru),L,2020,Aktif,PRODI16,Sulawesi Tenggara,2
240007001,Raden Hasanah,P,2023,Aktif,PRODI23,Kalimantan Barat,2
240007002,Hesti Salahudin,L,2023,Aktif,PRODI13,Kalimantan Timur,2
240007003,Iriana Tarihoran,P,2024,Aktif,PRODI18,Sulawesi Tengah,2
240007004,Jamalia Dongoran (Baru),P,2021,Aktif,PRODI09,Bengkulu,1
240007005,Surya Haryanto (Baru),P,2020,Lulus,PRODI13,Papua,2
240007006,Drs. Icha Pranowo,L,2020,Nonaktif,PRODI13,Papua Barat,2
240007007,Elvin Mulyani (Baru),P,2024,Aktif,PRODI27,Sulawesi Barat,2
240007008,Fitria Lailasari (Baru),P,2022,Aktif,PRODI13,Sulawesi Barat,2
240007009,Rosman Firgantoro (Baru),L,2024,Aktif,PRODI29,Sulawesi Tengah,2
240007010,Melinda Thamrin,P,2022,Cuti,PRODI11,Jawa Tengah,2
240007011,Vicky Mulyani (Baru),P,2024,Cuti,PRODI29,Maluku Utara,2
240007012,Ir. Gandi Kusmawati (Baru),P,2023,Aktif,PRODI25,Jambi,2
240007013,Rahmat Pranowo (Baru),P,2020,Aktif,PRODI14,DKI Jakarta,2
240007014,Rina Adriansyah (Baru),L,2020,Lulus,PRODI25,Kalimantan Selatan,2
240007015,Keisha Sitompul,P,2020,Lulus,PRODI37,Kalimantan Tengah,2
240007016,Ibrahim Prasetyo (Baru),P,2020,Aktif,PRODI10,Lampung,1
240007017,Gawati Maheswara (Baru),P,2024,Aktif,PRODI11,Maluku,2
240007018,Gatot Jailani (Baru),L,2020,Aktif,PRODI10,Maluku,1
240007019,Dr. Elvina Winarno (Baru),L,2020,Lulus,PRODI36,Nusa Tenggara Barat,2
240007020,Gabriella Irawan (Baru),L,2023,Aktif,PRODI35,Jambi,2
240007021,Titi Suwarno,L,2022,Aktif,PRODI21,Sulawesi Utara,2
240007022,Dr. Hardana Kusumo,P,2020,Lulus,PRODI11,Sumatera Selatan,2
240007023,Jaga Sudiati (Baru),L,2024,Aktif,PRODI37,Sulawesi Selatan,2
240007024,Tgk. Banawi Widodo (Baru),L,2022,Aktif,PRODI27,Sulawesi Barat,2
240007025,Novi Nurdiyanti (Baru),P,2023,Aktif,PRODI07,Sulawesi Barat,2
240007026,Syahrini Prasetyo (Baru),P,2023,Aktif,PRODI34,DKI Jakarta,2
240007027,Banara Maulana (Baru),P,2024,Aktif,PRODI18,Sulawesi Tenggara,2
240007028,Ciaobella Situmorang (Baru),L,2021,Aktif,PRODI35,Kalimantan Utara,2
240007029,Ir. Wulan Tamba (Baru),L,2024,Aktif,PRODI29,Jawa Barat,2
240007030,Jasmin Nasyidah (Baru),P,2021,Aktif,PRODI25,Kalimantan Utara,2
240007031,Waluyo Maulana (Baru),P,2020,Aktif,PRODI14,Sumatera Utara,2
240007032,Banawa Nugroho (Baru),L,2022,Aktif,PRODI07,Sulawesi Tengah,2
240007033,Mursinin Hidayanto (Baru),L,2024,Aktif,PRODI30,Kalimantan Utara,2
240007034,Farhunnisa Yulianti,L,2023,Aktif,PRODI37,Bangka Belitung,2
240007035,Bahuwarna Hidayanto (Baru),P,2023,Aktif,PRODI10,Sumatera Barat,1
240007036,Safina Sihombing (Baru),L,2020,Aktif,PRODI34,Maluku,2
240007037,Yono Waluyo (Baru),P,2021,Aktif,PRODI07,Sulawesi Barat,2
240007038,Hari Anggriawan (Baru),L,2022,Aktif,PRODI23,Riau,2
240007039,Oni Mandasari (Baru),P,2020,Aktif,PRODI16,Kepulauan Riau,2
240007040,Jayeng Mardhiyah (Baru),L,2024,Aktif,PRODI30,Jawa Timur,2
240007041,Radika Hasanah,L,2021,Aktif,PRODI11,DI Yogyakarta,2
240007042,Hafshah Winarno (Baru),P,2022,Nonaktif,PRODI21,Bangka Belitung,2
240007043,Drs. Paris Saputra,P,2024,Aktif,PRODI37,Bali,2
240007044,Dr. Daru Nasyidah (Baru),L,2022,Aktif,PRODI29,Sulawesi Tenggara,2
240007045,Harsaya Utama (Baru),L,2024,Aktif,PRODI23,Sumatera Utara,2
240007046,Paiman Sihotang (Baru),P,2022,Nonaktif,PRODI32,Kepulauan Riau,2
240007047,Maryanto Marbun (Baru),L,2023,Aktif,PRODI14,Kalimantan Utara,2
240007048,Ira Mandasari (Baru),P,2024,Aktif,PRODI37,Sulawesi Tengah,2
240007049,Ulva Firgantoro,P,2023,Aktif,PRODI25,Maluku Utara,2
240007050,R.M. Setya Halimah,P,2021,Aktif,PRODI13,Riau,2
240007051,Ir. Jasmin Natsir,L,2020,Aktif,PRODI37,Bangka Belitung,2
240007052,Murti Rajata (Baru),P,2024,Aktif,PRODI23,Sumatera Barat,2
240007053,Drs. Maya Gunawan,L,2021,Aktif,PRODI10,Sulawesi Tengah,1
240007054,Hani Permadi (Baru),P,2020,Lulus,PRODI25,Papua,2
240007055,Mulyanto Utami (Baru),L,2021,Aktif,PRODI23,Kalimantan Utara,2
240007056,Drs. Intan Kuswoyo (Baru),P,2023,Aktif,PRODI04,Kalimantan Selatan,1
240007057,dr. Mursita Mustofa,P,2020,Lulus,PRODI37,Sulawesi Utara,2
240007058,Hairyanto Rajata,P,2022,Cuti,PRODI21,Sumatera Utara,2
240007059,Silvia Samosir (Baru),P,2021,Aktif,PRODI12,Sulawesi Utara,2
240007060,Sarah Haryanto,L,2024,Aktif,PRODI04,Sulawesi Tenggara,1
240007061,Viktor Marbun (Baru),L,2021,Aktif,PRODI12,Nusa Tenggara Barat,2
240007062,dr. Jasmani Damanik,L,2021,Nonaktif,PRODI11,Riau,2
240007063,R.A. Violet Firmansyah (Baru),L,2020,Lulus,PRODI12,Sumatera Barat,2
240007064,Dipa Wibowo (Baru),L,2020,Drop Out,PRODI37,Jambi,2
240007065,Jaswadi Najmudin (Baru),P,2023,Aktif,PRODI34,Bangka Belitung,2
240007066,Aurora Nasyiah,P,2024,Aktif,PRODI32,Sulawesi Utara,2
240007067,Kania Ramadan,L,2021,Aktif,PRODI10,Kalimantan Utara,1
240007068,Ayu Wasita (Baru),P,2024,Aktif,PRODI27,Kalimantan Barat,2
240007069,T. Baktianto Andriani (Baru),L,2024,Nonaktif,PRODI34,Sulawesi Tengah,2
240007070,R. Fitria Hidayanto,L,2024,Nonaktif,PRODI09,DI Yogyakarta,1
240007071,Surya Hutasoit (Baru),L,2021,Aktif,PRODI29,Jambi,2
240007072,Kawaca Budiyanto (Baru),L,2021,Aktif,PRODI29,Aceh,2
240007073,Kariman Napitupulu (Baru),L,2022,Aktif,PRODI09,Sulawesi Barat,1
240007074,Yessi Usamah (Baru),P,2021,Aktif,PRODI27,Sulawesi Tenggara,2
240007075,Heru Nugroho (Baru),L,2024,Aktif,PRODI36,Aceh,2
240007076,dr. Darman Prastuti,L,2024,Aktif,PRODI29,Bengkulu,2
240007077,Adhiarja Siregar (Baru),P,2022,Aktif,PRODI18,Sumatera Selatan,2
240007078,Gabriella Adriansyah,L,2021,Aktif,PRODI33,Jawa Barat,2
240007079,KH. Mahmud Budiman,P,2024,Aktif,PRODI13,Gorontalo,2
240007080,Dr. Tantri Dongoran,L,2021,Aktif,PRODI33,Papua,2
240007081,Ir. Prasetyo Riyanti,P,2024,Aktif,PRODI36,Bali,2
240007082,Bajragin Thamrin (Baru),L,2022,Aktif,PRODI04,Nusa Tenggara Timur,1
240007083,Paris Safitri,L,2020,Aktif,PRODI09,Maluku,1
240007084,Shakila Utama (Baru),P,2022,Aktif,PRODI36,Jawa Timur,2
240007085,Winda Usamah,P,2022,Drop Out,PRODI13,DI Yogyakarta,2
240007086,Simon Mardhiyah (Baru),L,2024,Nonaktif,PRODI35,Sulawesi Selatan,2
240007087,Kawaca Napitupulu (Baru),P,2022,Aktif,PRODI11,Sulawesi Selatan,2
240007088,Azalea Susanti,L,2020,Lulus,PRODI07,Kalimantan Utara,2
240007089,Paris Safitri,L,2020,Aktif,PRODI09,Kalimantan Barat,1
240007090,Dadi Tamba (Baru),P,2023,Aktif,PRODI33,Riau,2
240007091,Teguh Jailani (Baru),L,2022,Aktif,PRODI27,Maluku,2
240007092,R.M. Bajragin Pudjiastuti (Baru),L,2021,Aktif,PRODI14,Kepulauan Riau,2
240007093,Ulva Prastuti (Baru),L,2022,Aktif,PRODI25,DKI Jakarta,2
240007094,Zahra Puspita (Baru),P,2022,Aktif,PRODI33,Bali,2
240007095,Dr. Kasim Pranowo (Baru),L,2023,Aktif,PRODI25,Sulawesi Tengah,2
240007096,Rahayu Nashiruddin (Baru),L,2021,Aktif,PRODI32,Sumatera Barat,2
240007097,Dt. Wawan Hastuti (Baru),L,2020,Drop Out,PRODI35,Sulawesi Selatan,2
240007098,Karja Pranowo (Baru),P,2022,Nonaktif,PRODI25,Jambi,2
240007099,Raharja Sinaga (Baru),P,2020,Lulus,PRODI07,Kepulauan Riau,2
240007100,Nyana Hidayanto (Baru),P,2022,Aktif,PRODI11,Sulawesi Selatan,2
240007101,Vino Gunarto (Baru),P,2021,Aktif,PRODI36,Bali,2
240007102,Wahyu Sudiati (Baru),L,2024,Aktif,PRODI09,DKI Jakarta,1
240007103,Harsaya Utama (Baru),L,2024,Cuti,PRODI36,Riau,2
240007104,Usman Utami (Baru),L,2020,Aktif,PRODI37,Kalimantan Timur,2
240007105,Cut Iriana Prasetya,L,2024,Aktif,PRODI13,Papua Barat,2
240007106,Endah Wibisono (Baru),L,2024,Nonaktif,PRODI33,Sumatera Barat,2
240007107,Elvina Handayani,L,2024,Aktif,PRODI23,Kalimantan Timur,2
240007108,R.M. Lutfan Agustina (Baru),L,2021,Aktif,PRODI07,Papua,2
240007109,Dwi Kurniawan (Baru),P,2023,Aktif,PRODI04,Kalimantan Utara,1
240007110,Dipa Sirait (Baru),P,2021,Aktif,PRODI21,Kalimantan Utara,2
240007111,Dr. Sakura Yulianti (Baru),L,2024,Aktif,PRODI13,Banten,2
240007112,Pangeran Tampubolon (Baru),L,2020,Aktif,PRODI14,Gorontalo,2
240007113,Ulya Latupono (Baru),P,2022,Aktif,PRODI30,Kalimantan Tengah,2
240007114,Bakiono Sitompul (Baru),P,2021,Aktif,PRODI14,Sulawesi Barat,2
240007115,Erik Mayasari (Baru),P,2024,Aktif,PRODI12,Maluku Utara,2
240007116,Cinthia Halim (Baru),L,2024,Aktif,PRODI23,Kalimantan Timur,2
240007117,Shakila Rajata,P,2022,Aktif,PRODI25,Bali,2
240007118,drg. Tasdik Prastuti (Baru),L,2022,Aktif,PRODI33,Lampung,2
240007119,Kania Kurniawan (Baru),P,2022,Aktif,PRODI34,Jambi,2
240007120,Cecep Dongoran (Baru),P,2024,Aktif,PRODI09,Sulawesi Barat,1
240007121,Tira Anggraini (Baru),L,2020,Aktif,PRODI16,Sumatera Utara,2
240007122,Zahra Yolanda (Baru),L,2024,Aktif,PRODI14,Maluku Utara,2
240007123,Talia Hidayanto (Baru),L,2024,Aktif,PRODI29,Jawa Barat,2
240007124,drg. Gaiman Suartini (Baru),P,2023,Aktif,PRODI11,Kalimantan Timur,2
240007125,dr. Jasmani Damanik,L,2021,Aktif,PRODI11,DI Yogyakarta,2
240007126,Bakianto Samosir (Baru),L,2022,Aktif,PRODI35,Bengkulu,2
240007127,Mursita Tamba (Baru),P,2020,Drop Out,PRODI29,Kalimantan Tengah,2
240007128,Ir. Jayeng Purwanti,P,2020,Lulus,PRODI13,Jambi,2
240007129,KH. Chandra Prasetya (Baru),L,2024,Aktif,PRODI33,Kalimantan Barat,2
240007130,Ihsan Dongoran,P,2020,Nonaktif,PRODI10,Papua,1
240007131,Farah Gunarto (Baru),L,2022,Aktif,PRODI32,Kalimantan Selatan,2
240007132,Rahayu Nashiruddin (Baru),L,2021,Aktif,PRODI32,Jawa Tengah,2
240007133,Diana Astuti,L,2020,Aktif,PRODI21,Jawa Tengah,2
240007134,Oman Pranowo (Baru),L,2021,Drop Out,PRODI10,Jambi,1
240007135,Balamantri Haryanto (Baru),L,2023,Aktif,PRODI30,Maluku Utara,2
240007136,Wakiman Nababan (Baru),L,2020,Lulus,PRODI36,Kalimantan Tengah,2
240007137,Gawati Siregar (Baru),P,2023,Aktif,PRODI11,Sulawesi Tenggara,2
240007138,Jayeng Hutapea (Baru),P,2024,Aktif,PRODI16,Papua Barat,2
240007139,Kawaca Purnawati,P,2023,Aktif,PRODI29,Riau,2
240007140,Dasa Purwanti,L,2023,Aktif,PRODI16,Gorontalo,2
240007141,T. Sabri Latupono,P,2022,Aktif,PRODI27,Kalimantan Utara,2
240007142,R.M. Lutfan Budiyanto (Baru),P,2021,Aktif,PRODI18,Sumatera Barat,2
240007143,Shakila Rajata,P,2022,Nonaktif,PRODI25,Sumatera Selatan,2
240007144,Hj. Queen Natsir,L,2023,Cuti,PRODI37,Kalimantan Selatan,2
240007145,Gamanto Thamrin (Baru),P,2022,Aktif,PRODI29,Sulawesi Barat,2
240007146,Wadi Haryanti,P,2024,Aktif,PRODI12,Nusa Tenggara Timur,2
240007147,Warsa Usada (Baru),P,2024,Aktif,PRODI04,Papua,1
240007148,Dt. Garda Ardianto (Baru),L,2021,Cuti,PRODI04,Lampung,1
240007149,Vino Gunarto (Baru),P,2021,Aktif,PRODI36,Kalimantan Utara,2
240007150,Galar Mangunsong (Baru),P,2020,Lulus,PRODI07,Sulawesi Barat,2
240007151,Darman Najmudin (Baru),P,2023,Aktif,PRODI35,Kalimantan Tengah,2
240007152,drg. Julia Rajata (Baru),P,2024,Aktif,PRODI27,Maluku Utara,2
240007153,Bakijan Winarno (Baru),L,2020,Aktif,PRODI12,Bangka Belitung,2
240007154,Cut Irma Mustofa (Baru),P,2024,Aktif,PRODI10,Bangka Belitung,1
240007155,Hj. Hilda Prasetyo,P,2024,Aktif,PRODI33,Kalimantan Tengah,2
240007156,Ratna Marpaung (Baru),L,2020,Lulus,PRODI37,Riau,2
240007157,Joko Kuswandari (Baru),P,2022,Cuti,PRODI09,Kalimantan Barat,1
240007158,Padmi Lailasari (Baru),L,2022,Nonaktif,PRODI32,Sulawesi Tenggara,2
240007159,Paris Puspita (Baru),L,2023,Cuti,PRODI21,Sumatera Barat,2
240007160,R. Atma Purwanti,P,2023,Aktif,PRODI27,Kalimantan Selatan,2
240007161,Narji Waluyo (Baru),P,2021,Aktif,PRODI36,Sulawesi Tenggara,2
240007162,Waluyo Hakim (Baru),L,2022,Aktif,PRODI14,Jambi,2
240007163,Ida Wijaya (Baru),L,2022,Drop Out,PRODI07,Maluku,2
240007164,Pangeran Yuniar (Baru),P,2024,Cuti,PRODI12,Gorontalo,2
240007165,Farah Jailani (Baru),L,2020,Nonaktif,PRODI32,Sulawesi Tenggara,2
240007166,Fitriani Nurdiyanti (Baru),P,2024,Aktif,PRODI25,Sulawesi Tengah,2
240007167,Maya Firmansyah,L,2022,Aktif,PRODI30,Bengkulu,2
240007168,drg. Ilsa Hariyah (Baru),P,2020,Lulus,PRODI09,Sumatera Barat,1
240007169,Safina Riyanti (Baru),L,2021,Aktif,PRODI07,Bangka Belitung,2
240007170,Karen Novitasari,L,2020,Aktif,PRODI37,Sulawesi Tenggara,2
240007171,Kenes Usamah (Baru),L,2024,Aktif,PRODI30,Nusa Tenggara Barat,2
240007172,Drs. Karman Namaga,P,2021,Aktif,PRODI12,Papua Barat,2
240007173,Jagapati Jailani (Baru),L,2024,Aktif,PRODI09,Kalimantan Barat,1
240007174,Farah Yuniar (Baru),P,2022,Aktif,PRODI27,Aceh,2
240007175,Hani Adriansyah,L,2021,Aktif,PRODI29,Kalimantan Selatan,2
240007176,Adika Sirait (Baru),L,2023,Aktif,PRODI37,Jawa Barat,2
240007177,Intan Rahmawati (Baru),L,2022,Aktif,PRODI27,Bengkulu,2
240007178,Hilda Yuliarti (Baru),L,2020,Lulus,PRODI37,Jawa Barat,2
240007179,Ir. Wawan Megantara,P,2021,Aktif,PRODI14,Kalimantan Utara,2
240007180,Adika Sirait (Baru),L,2023,Aktif,PRODI37,Papua Barat,2
240007181,Winda Damanik,L,2023,Aktif,PRODI14,Maluku,2
240007182,Prayoga Laksmiwati,P,2021,Aktif,PRODI14,Jawa Barat,2
240007183,Ani Hariyah (Baru),L,2023,Aktif,PRODI23,Papua,2
240007184,Dr. Kasim Pranowo (Baru),L,2023,Aktif,PRODI25,Riau,2
240007185,Karta Hariyah (Baru),L,2021,Aktif,PRODI32,Aceh,2
240007186,R. Darmanto Suryatmi (Baru),L,2024,Drop Out,PRODI30,Jambi,2
240007187,Devi Yuniar (Baru),L,2024,Aktif,PRODI34,Bangka Belitung,2
240007188,Faizah Budiman (Baru),L,2023,Aktif,PRODI13,Jambi,2
240007189,Patricia Mansur,L,2024,Aktif,PRODI23,Lampung,2
240007190,Usman Kusumo (Baru),P,2022,Drop Out,PRODI25,Jawa Timur,2
240007191,Elon Prasasta (Baru),P,2020,Aktif,PRODI34,Riau,2
240007192,Azalea Andriani (Baru),P,2021,Aktif,PRODI09,Kalimantan Timur,1
240007193,Murti Rajata (Baru),P,2024,Aktif,PRODI23,Sulawesi Selatan,2
240007194,Chelsea Kuswandari (Baru),P,2021,Aktif,PRODI25,Kalimantan Utara,2
240007195,Among Wibisono (Baru),L,2022,Aktif,PRODI33,Bali,2
240007196,Kiandra Andriani (Baru),P,2024,Aktif,PRODI07,Jambi,2
240007197,Nasim Simbolon (Baru),L,2020,Lulus,PRODI21,Lampung,2
240007198,Ulva Namaga (Baru),L,2021,Drop Out,PRODI07,Nusa Tenggara Timur,2
240007199,Kariman Prabowo (Baru),P,2021,Aktif,PRODI36,Sulawesi Tenggara,2
240007200,Uli Rahmawati (Baru),P,2021,Aktif,PRODI33,Kepulauan Riau,2
240007201,Caket Simbolon,L,2022,Aktif,PRODI11,Bali,2
240007202,Tgk. Garan Hidayat (Baru),P,2021,Aktif,PRODI04,Nusa Tenggara Timur,1
240007203,Kayla Winarno (Baru),L,2024,Aktif,PRODI07,Sumatera Selatan,2
240007204,Titin Hidayanto (Baru),P,2024,Nonaktif,PRODI13,Sulawesi Barat,2
240007205,Mahfud Tampubolon (Baru),P,2021,Aktif,PRODI14,Bengkulu,2
240007206,Drs. Samiah Zulaika (Baru),P,2023,Cuti,PRODI16,Lampung,2
240007207,Shania Rahimah (Baru),L,2021,Cuti,PRODI25,Kalimantan Selatan,2
240007208,Paiman Hidayat (Baru),L,2024,Aktif,PRODI12,Maluku,2
240007209,drg. Samiah Sinaga,L,2024,Aktif,PRODI09,Sulawesi Utara,1
240007210,Danuja Agustina (Baru),L,2022,Aktif,PRODI25,Maluku,2
240007211,Zalindra Hasanah (Baru),P,2021,Aktif,PRODI14,Sulawesi Utara,2
240007212,Caket Uwais (Baru),L,2020,Lulus,PRODI30,Sulawesi Utara,2
240007213,Vanesa Prayoga,L,2020,Aktif,PRODI37,Sulawesi Barat,2
240007214,dr. Raditya Hutasoit,P,2021,Aktif,PRODI21,Banten,2
240007215,Ian Thamrin (Baru),L,2021,Nonaktif,PRODI16,Jawa Tengah,2
240007216,Cindy Rajasa (Baru),P,2024,Aktif,PRODI10,Sulawesi Tenggara,1
240007217,Harja Nugroho (Baru),P,2023,Aktif,PRODI35,Lampung,2
240007218,Tgk. Lidya Maryadi (Baru),P,2024,Aktif,PRODI35,Aceh,2
240007219,Zalindra Hasanah (Baru),P,2021,Aktif,PRODI14,Jawa Tengah,2
240007220,Kiandra Sihotang (Baru),L,2022,Aktif,PRODI16,Aceh,2
240007221,Yunita Wijayanti (Baru),L,2022,Aktif,PRODI27,Bali,2
240007222,T. Hardana Farida (Baru),L,2024,Aktif,PRODI14,Papua Barat,2
240007223,Lanjar Kuswoyo (Baru),L,2023,Aktif,PRODI12,Bali,2
240007224,Kariman Andriani,P,2021,Nonaktif,PRODI35,Jawa Barat,2
240007225,Farhunnisa Puspita (Baru),P,2020,Lulus,PRODI11,Sulawesi Tengah,2
240007226,Cut Zahra Situmorang,L,2022,Aktif,PRODI14,Kalimantan Timur,2
240007227,dr. Jelita Saefullah (Baru),P,2024,Aktif,PRODI32,Sulawesi Utara,2
240007228,Zahra Natsir (Baru),L,2020,Lulus,PRODI37,Maluku Utara,2
240007229,Harsanto Pranowo (Baru),L,2022,Aktif,PRODI14,Kalimantan Selatan,2
240007230,Dt. Murti Mandasari (Baru),L,2024,Cuti,PRODI07,Jawa Tengah,2
240007231,Garda Melani (Baru),L,2020,Lulus,PRODI36,Papua Barat,2
240007232,Zalindra Prastuti (Baru),L,2023,Aktif,PRODI07,Aceh,2
240007233,Dian Prasetya (Baru),L,2024,Aktif,PRODI18,Nusa Tenggara Timur,2
240007234,Farhunnisa Suartini (Baru),L,2021,Aktif,PRODI27,Sulawesi Tenggara,2
240007235,Jindra Wijaya,P,2022,Aktif,PRODI29,Bengkulu,2
240007236,Devi Safitri (Baru),L,2021,Aktif,PRODI07,Sulawesi Barat,2
240007237,Iriana Uyainah (Baru),L,2023,Aktif,PRODI04,Riau,1
240007238,Ir. Tasdik Suwarno,L,2023,Cuti,PRODI18,Sulawesi Barat,2
240007239,Fitria Sirait,P,2024,Aktif,PRODI35,Gorontalo,2
240007240,Melinda Thamrin,P,2022,Aktif,PRODI11,Lampung,2
240007241,Drs. Chelsea Hutasoit (Baru),P,2023,Drop Out,PRODI32,Sumatera Selatan,2
240007242,dr. Juli Rajasa,P,2021,Aktif,PRODI07,Sumatera Selatan,2
240007243,Dr. Oni Thamrin (Baru),P,2023,Aktif,PRODI07,Nusa Tenggara Barat,2
240007244,Septi Iswahyudi (Baru),L,2022,Aktif,PRODI13,Kepulauan Riau,2
240007245,H. Pangestu Wahyuni (Baru),P,2023,Cuti,PRODI14,Riau,2
240007246,Paiman Sihotang (Baru),P,2022,Aktif,PRODI32,Maluku,2
240007247,Tgk. Yoga Kurniawan,L,2022,Aktif,PRODI13,Riau,2
240007248,Dt. Wawan Hastuti (Baru),L,2020,Lulus,PRODI35,Sulawesi Barat,2
240007249,Mahesa Maulana (Baru),L,2020,Lulus,PRODI34,Sumatera Selatan,2
