id_nilai,nim,kode_matakuliah,nilai_angka,nilai_huruf
1,240000363,MK03,81.05,B+
2,240004021,MK09,86.33,B+
3,240003405,MK10,92.99,B
4,240000502,MK03,88.78,B+
5,240000852,MK05,74.37,C
6,240002930,MK06,71.8,A
7,240001496,MK06,95.48,B+
8,240002111,MK08,85.64,B
9,240003511,MK10,99.27,B+
10,240004376,MK07,90.94,A
11,240002858,MK05,98.28,B+
12,240004382,MK09,79.24,B+
13,240004420,MK03,69.57,C
14,240002127,MK09,63.63,B
15,240003048,MK06,61.45,B+
16,240001055,MK05,62.92,C
17,240002204,MK04,73.56,C
18,240003386,MK10,76.77,C
19,240004614,MK03,89.71,B+
20,240004399,MK01,82.1,B+
21,240001831,MK09,93.6,A
22,240004455,MK10,72.6,A
23,240000185,MK03,73.65,C
24,240000544,MK07,93.57,A
25,240001329,MK02,86.83,C
26,240001265,MK07,89.9,B
27,240002291,MK08,97.81,A
28,240001034,MK02,69.7,A
29,240002421,MK05,89.63,C
30,240001865,MK06,81.29,A
31,240001479,MK08,68.48,C
32,240003861,MK10,68.23,A
33,240003449,MK02,85.05,C
34,240000670,MK07,91.51,B
35,240002262,MK01,87.53,A
36,240000959,MK01,60.18,A
37,240002971,MK02,94.06,B
38,240000379,MK05,85.52,A
39,240002710,MK03,93.94,A
40,240000273,MK01,76.83,B
41,240003761,MK10,89.77,A
42,240001042,MK10,83.43,B
43,240002369,MK06,86.24,C
44,240000643,MK04,74.01,B
45,240001003,MK02,77.48,C
46,240003772,MK06,86.15,B+
47,240001032,MK03,93.5,B
48,240003233,MK01,70.18,A
49,240000142,MK05,64.97,A
50,240004849,MK03,72.24,B
51,240002936,MK05,72.96,C
52,240002322,MK07,98.05,B+
53,240004977,MK02,96.08,A
54,240002939,MK10,72.83,B+
55,240004975,MK06,81.33,B+
56,240004840,MK09,90.45,A
57,240004100,MK03,95.31,B
58,240000790,MK01,69.4,A
59,240003560,MK08,97.98,C
60,240003510,MK07,96.58,C
61,240002837,MK08,75.89,A
62,240003645,MK05,64.26,B+
63,240001288,MK01,82.43,A
64,240001137,MK07,78.75,B+
65,240000221,MK04,73.5,C
66,240001024,MK04,87.33,C
67,240001829,MK02,75.9,B+
68,240000382,MK04,94.46,A
69,240001064,MK04,91.62,B+
70,240003977,MK03,73.94,B+
71,240004426,MK02,86.61,A
72,240000133,MK10,87.99,B+
73,240001821,MK08,72.14,C
74,240001955,MK07,67.58,B
75,240004055,MK03,79.36,C
76,240003531,MK08,96.8,B+
77,240003723,MK10,68.84,A
78,240001793,MK06,94.39,B
79,240000420,MK03,96.67,C
80,240000138,MK06,79.91,B
81,240001352,MK01,62.77,B
82,240000566,MK02,87.52,B+
83,240001788,MK01,87.38,C
84,240001897,MK05,79.43,B+
85,240000521,MK07,82.76,B+
86,240001191,MK06,96.41,A
87,240002830,MK06,97.41,C
88,240002876,MK01,60.75,B+
89,240001181,MK03,91.63,B+
90,240003439,MK08,69.18,C
91,240002311,MK06,87.73,C
92,240004260,MK01,66.45,A
93,240001315,MK10,83.81,B
94,240004861,MK09,82.32,A
95,240000644,MK06,82.13,A
96,240000019,MK05,92.67,A
97,240004696,MK02,75.45,B+
98,240002470,MK01,88.73,A
99,240001481,MK05,77.92,B
100,240000592,MK05,72.41,A
101,240002720,MK04,80.81,B
102,240001584,MK04,95.85,C
103,240003527,MK05,74.03,B+
104,240004356,MK02,99.55,A
105,240002952,MK09,98.15,B
106,240002643,MK01,68.97,A
107,240003550,MK01,77.58,C
108,240000112,MK03,73.03,A
109,240001313,MK06,84.98,A
110,240003792,MK05,61.97,B
111,240003748,MK02,73.09,A
112,240002605,MK08,99.21,B+
113,240002282,MK06,93.34,B
114,240003377,MK10,84.11,B+
115,240001479,MK09,89.27,A
116,240003565,MK04,60.54,B
117,240002105,MK02,71.48,B+
118,240003646,MK10,75.81,C
119,240002919,MK09,61.43,B+
120,240002652,MK05,82.62,B
121,240004871,MK07,75.8,B+
122,240003922,MK08,60.19,B+
123,240004524,MK03,91.09,A
124,240003470,MK06,64.86,C
125,240001536,MK05,82.21,B+
126,240000475,MK08,67.14,C
127,240004912,MK06,64.09,A
128,240001474,MK09,70.59,B
129,240003735,MK06,64.23,C
130,240003512,MK07,91.36,C
131,240002098,MK07,64.86,C
132,240004615,MK05,96.42,C
133,240004147,MK02,83.94,C
134,240002074,MK04,80.96,A
135,240000797,MK06,70.29,A
136,240002056,MK02,72.24,B+
137,240002159,MK07,91.05,A
138,240000513,MK09,94.73,B
139,240000166,MK09,60.0,B+
140,240001565,MK09,72.78,B+
141,240003967,MK04,99.67,C
142,240002966,MK07,89.17,C
143,240002491,MK05,82.95,A
144,240004854,MK07,98.15,A
145,240004284,MK10,74.29,B
146,240002398,MK02,86.47,B
147,240000294,MK10,61.23,A
148,240001606,MK01,63.5,A
149,240004100,MK02,95.17,B+
150,240000376,MK10,68.02,B
151,240000998,MK06,95.93,B
152,240003598,MK01,84.24,B
153,240004255,MK06,99.5,A
154,240002244,MK06,85.64,C
155,240001004,MK09,66.65,A
156,240004174,MK10,62.69,A
157,240004667,MK03,67.12,B+
158,240000509,MK05,95.59,A
159,240001719,MK08,75.44,C
160,240004381,MK07,75.12,C
161,240002908,MK01,88.05,C
162,240001590,MK05,95.5,B+
163,240004832,MK07,60.84,A
164,240002251,MK02,81.5,C
165,240003408,MK02,64.63,B
166,240001866,MK04,64.62,C
167,240002826,MK08,71.96,B+
168,240000490,MK03,90.69,B
169,240000328,MK07,72.28,B+
170,240001100,MK05,84.25,B+
171,240000743,MK08,87.74,B
172,240003526,MK09,63.99,B
173,240000652,MK04,90.19,B+
174,240002666,MK06,69.65,B
175,240004143,MK06,63.05,C
176,240002482,MK10,79.57,B
177,240001450,MK10,99.08,B
178,240002816,MK04,85.68,C
179,240003248,MK09,71.55,B
180,240002438,MK08,97.06,A
181,240003966,MK04,95.44,B+
182,240003008,MK02,89.45,B+
183,240001215,MK03,74.94,A
184,240004474,MK03,84.96,B
185,240004001,MK05,86.81,B+
186,240004737,MK02,70.52,B+
187,240000720,MK07,74.24,A
188,240002029,MK07,86.11,B+
189,240001259,MK02,69.8,A
190,240002450,MK05,90.61,B+
191,240003654,MK08,95.47,A
192,240002703,MK08,64.58,B+
193,240004147,MK04,69.83,B
194,240002888,MK06,79.22,B+
195,240000596,MK10,60.9,B
196,240004619,MK01,68.45,C
197,240004743,MK06,80.51,B
198,240004900,MK10,78.66,C
199,240001399,MK06,94.87,A
200,240004512,MK07,61.55,B
201,240001352,MK02,92.46,B
202,240001538,MK10,88.88,C
203,240001084,MK10,91.3,B
204,240000229,MK05,97.09,B+
205,240003186,MK02,66.73,B+
206,240003787,MK06,64.24,B
207,240001125,MK06,94.73,B
208,240003144,MK01,74.32,A
209,240003743,MK03,64.49,A
210,240004337,MK02,76.09,A
211,240002183,MK10,77.32,B
212,240002237,MK04,78.95,B
213,240002313,MK05,69.05,C
214,240003895,MK04,72.79,C
215,240001741,MK08,69.68,A
216,240000188,MK02,70.9,A
217,240003430,MK06,93.61,B
218,240004099,MK07,75.87,A
219,240000837,MK01,83.59,B
220,240003776,MK07,63.98,B+
221,240000230,MK02,77.46,C
222,240002713,MK04,82.18,B+
223,240001684,MK03,73.97,C
224,240002478,MK06,89.25,A
225,240000750,MK05,62.63,A
226,240002042,MK05,75.85,A
227,240001974,MK07,89.24,B+
228,240003409,MK01,70.99,A
229,240003682,MK10,70.09,B+
230,240002828,MK08,77.37,B+
231,240003253,MK01,82.59,B
232,240002578,MK03,76.49,A
233,240004836,MK01,96.44,C
234,240001255,MK10,61.91,B+
235,240004920,MK07,99.8,B
236,240001799,MK03,94.56,A
237,240001721,MK06,63.94,B+
238,240004796,MK04,94.65,A
239,240003052,MK06,96.71,B+
240,240000942,MK02,93.93,A
241,240003215,MK03,72.25,B
242,240000046,MK03,70.53,B+
243,240000008,MK09,76.32,C
244,240001016,MK02,87.98,B
245,240004944,MK06,91.14,B
246,240000660,MK04,95.61,A
247,240003328,MK01,74.5,B+
248,240001019,MK07,75.46,B+
249,240003302,MK03,88.45,A
250,240004928,MK10,91.49,B
251,240003410,MK07,73.37,C
252,240000336,MK10,74.43,A
253,240001759,MK01,89.43,A
254,240003034,MK08,62.83,A
255,240004567,MK05,77.68,C
256,240004958,MK01,77.53,B+
257,240000156,MK09,75.72,B
258,240002037,MK08,63.02,C
259,240001563,MK07,62.43,B
260,240002309,MK06,91.33,B
261,240000888,MK05,89.47,A
262,240001900,MK07,84.09,C
263,240002895,MK01,92.72,B+
264,240004124,MK06,94.23,A
265,240002617,MK09,76.02,B+
266,240002649,MK08,90.6,B
267,240003175,MK08,68.62,A
268,240002590,MK04,86.87,C
269,240001647,MK08,73.24,A
270,240002063,MK09,80.19,B+
271,240001293,MK02,82.84,B+
272,240003263,MK08,62.53,B+
273,240001449,MK05,85.83,A
274,240001716,MK06,86.76,C
275,240000419,MK07,77.66,C
276,240000536,MK02,75.5,B+
277,240000442,MK04,85.53,B+
278,240004683,MK10,64.46,B
279,240000739,MK05,96.33,A
280,240001111,MK06,71.43,B
281,240001620,MK04,83.2,C
282,240003906,MK01,71.52,C
283,240002074,MK03,71.06,B+
284,240004574,MK08,95.64,B+
285,240003508,MK03,95.64,B
286,240002439,MK07,61.04,B
287,240000758,MK01,95.31,B
288,240003506,MK10,87.81,A
289,240003838,MK04,94.1,B+
290,240004151,MK08,98.7,B
291,240003792,MK07,81.28,A
292,240001208,MK09,72.16,B+
293,240002111,MK06,66.49,C
294,240002539,MK01,63.51,A
295,240001774,MK05,98.32,A
296,240003789,MK04,71.38,A
297,240003100,MK08,68.51,B+
298,240004280,MK03,65.51,C
299,240001378,MK03,70.76,B+
300,240003987,MK08,64.03,B
301,240001709,MK03,63.4,B+
302,240001558,MK05,75.2,A
303,240004457,MK08,89.03,B
304,240003279,MK03,91.78,B
305,240004279,MK09,67.9,B+
306,240002891,MK08,96.74,C
307,240000680,MK05,96.92,B+
308,240003505,MK04,73.57,A
309,240003334,MK05,99.66,B+
310,240002261,MK05,64.74,C
311,240003645,MK01,60.56,C
312,240001462,MK03,74.63,B+
313,240004025,MK05,95.18,B
314,240004289,MK10,96.79,B+
315,240000144,MK10,84.12,C
316,240000419,MK09,78.41,B
317,240001271,MK04,84.48,B+
318,240002450,MK01,67.48,A
319,240003774,MK09,69.83,C
320,240001511,MK06,98.71,C
321,240003442,MK09,61.77,B
322,240002200,MK07,92.44,C
323,240000037,MK05,85.94,B
324,240000313,MK06,63.48,B
325,240003195,MK04,88.63,A
326,240003695,MK07,83.85,A
327,240003809,MK01,83.12,A
328,240003657,MK05,91.6,B+
329,240000082,MK09,67.11,B+
330,240003969,MK09,61.13,B
331,240004952,MK10,97.18,A
332,240004345,MK09,97.29,A
333,240004557,MK10,83.18,A
334,240000907,MK03,82.42,A
335,240004918,MK04,90.47,B
336,240004039,MK07,93.62,C
337,240001779,MK05,61.95,B
338,240002428,MK03,79.93,A
339,240002797,MK06,71.83,B+
340,240002159,MK08,98.53,B+
341,240000856,MK07,63.76,A
342,240001870,MK08,90.11,C
343,240000734,MK04,65.13,C
344,240002661,MK07,97.16,A
345,240004770,MK05,78.78,A
346,240003234,MK09,87.25,B+
347,240002131,MK01,98.8,B+
348,240000341,MK06,76.33,A
349,240002983,MK01,66.8,B+
350,240003795,MK06,91.81,B+
351,240000690,MK07,71.01,C
352,240004082,MK07,63.47,A
353,240004744,MK06,77.14,C
354,240004620,MK04,87.07,A
355,240002867,MK02,73.77,A
356,240004085,MK04,72.48,B+
357,240003111,MK06,77.45,B+
358,240000661,MK05,80.22,C
359,240003800,MK04,94.67,C
360,240004845,MK10,60.71,B+
361,240001686,MK05,75.27,A
362,240004711,MK04,71.45,A
363,240002073,MK06,63.81,A
364,240004650,MK04,88.96,B
365,240001431,MK09,94.81,C
366,240000616,MK09,83.56,A
367,240004493,MK05,68.55,B+
368,240003417,MK05,69.45,B+
369,240001564,MK05,90.11,B+
370,240004850,MK08,63.09,B+
371,240000345,MK10,75.47,B+
372,240000302,MK01,83.51,B+
373,240001142,MK05,78.52,A
374,240003116,MK04,88.39,B+
375,240001090,MK05,65.49,A
376,240000700,MK10,81.51,C
377,240003142,MK09,76.71,A
378,240004770,MK06,81.5,A
379,240003139,MK04,62.72,A
380,240000771,MK07,83.15,B
381,240001665,MK07,75.52,C
382,240000609,MK01,79.05,B
383,240001935,MK09,60.41,A
384,240001823,MK03,67.12,C
385,240002954,MK05,64.37,A
386,240002919,MK06,87.75,C
387,240003034,MK01,99.7,B
388,240003848,MK02,65.62,B
389,240001471,MK10,69.43,B+
390,240000685,MK02,85.9,C
391,240000770,MK02,71.89,C
392,240004855,MK05,70.44,A
393,240001256,MK03,75.95,A
394,240000818,MK04,92.34,C
395,240004416,MK10,99.45,B
396,240004289,MK07,69.57,A
397,240002034,MK05,81.75,A
398,240001827,MK04,82.78,B+
399,240000497,MK06,91.93,B+
400,240002922,MK05,78.21,C
401,240001648,MK09,65.77,C
402,240002353,MK02,68.31,A
403,240000303,MK05,62.41,A
404,240001572,MK09,88.82,C
405,240000780,MK04,84.34,B
406,240000737,MK10,79.95,C
407,240001454,MK03,74.25,B+
408,240003889,MK10,67.99,A
409,240003946,MK05,87.64,C
410,240000257,MK08,98.51,B+
411,240002104,MK08,79.77,A
412,240002512,MK02,71.43,B
413,240001388,MK03,97.88,A
414,240000813,MK02,88.08,B+
415,240000178,MK07,60.86,A
416,240002913,MK08,73.53,B+
417,240001762,MK10,79.16,C
418,240001172,MK04,67.39,B
419,240004020,MK04,86.57,B+
420,240000632,MK10,69.63,C
421,240004222,MK07,76.15,C
422,240003529,MK09,98.19,A
423,240002681,MK01,70.14,B
424,240003293,MK02,71.45,A
425,240004989,MK01,60.83,A
426,240004107,MK01,95.69,B+
427,240003568,MK01,99.41,C
428,240004711,MK10,70.53,C
429,240002941,MK05,75.35,B+
430,240000337,MK01,71.85,B+
431,240004995,MK07,67.85,B
432,240001848,MK04,65.98,B+
433,240000806,MK08,84.96,B
434,240002407,MK02,81.53,C
435,240001567,MK04,79.82,B+
436,240000649,MK09,85.93,C
437,240003224,MK09,72.49,B
438,240000629,MK02,84.13,B+
439,240000142,MK02,87.11,C
440,240000766,MK09,91.08,A
441,240002823,MK07,88.25,C
442,240002999,MK06,84.68,B
443,240003547,MK04,95.12,B
444,240002312,MK07,65.25,B+
445,240002443,MK09,66.52,C
446,240004649,MK02,78.87,B+
447,240001298,MK03,83.91,B
448,240000656,MK01,94.26,C
449,240003424,MK06,63.59,B
450,240000932,MK03,70.41,C
451,240002691,MK06,95.54,A
452,240002551,MK01,82.65,A
453,240003633,MK05,93.53,B
454,240003432,MK01,87.56,B
455,240002894,MK01,80.55,A
456,240003001,MK01,66.12,A
457,240003213,MK01,65.18,C
458,240002273,MK10,85.97,C
459,240002818,MK02,75.94,C
460,240003379,MK10,65.96,A
461,240001445,MK06,87.65,B+
462,240003036,MK09,87.65,A
463,240000873,MK07,70.96,B+
464,240004378,MK01,75.29,B+
465,240002736,MK09,97.55,B+
466,240002745,MK03,89.2,B+
467,240003207,MK02,93.12,A
468,240000300,MK02,62.8,B
469,240004154,MK08,87.67,C
470,240002394,MK09,68.42,B+
471,240004445,MK06,73.98,B
472,240001067,MK06,84.8,C
473,240003122,MK04,79.93,C
474,240000005,MK06,75.2,C
475,240004734,MK03,90.65,A
476,240000206,MK09,75.54,C
477,240000980,MK03,61.43,A
478,240004898,MK01,74.3,C
479,240000489,MK02,98.91,B
480,240000590,MK06,90.34,B+
481,240004925,MK02,96.11,C
482,240001125,MK03,71.01,B
483,240003590,MK10,69.54,C
484,240001184,MK01,81.99,B+
485,240000030,MK02,84.39,B
486,240003259,MK03,66.93,C
487,240001966,MK09,88.79,B+
488,240003363,MK08,86.5,B
489,240004941,MK10,77.41,A
490,240000141,MK08,96.51,C
491,240003260,MK09,87.52,C
492,240000450,MK01,67.34,A
493,240000082,MK03,70.9,B
494,240004992,MK07,62.83,B
495,240004455,MK01,63.79,A
496,240004089,MK06,90.76,C
497,240002342,MK04,93.33,B+
498,240002728,MK02,64.57,B+
499,240001342,MK08,91.98,A
500,240004959,MK10,99.65,B+
501,240003669,MK02,65.5,B
502,240001273,MK02,91.78,B
503,240000381,MK04,67.1,A
504,240000752,MK02,83.17,B
505,240000300,MK03,90.95,A
506,240000849,MK02,75.1,A
507,240002382,MK10,85.8,C
508,240004273,MK06,73.77,C
509,240000525,MK04,89.12,C
510,240003965,MK06,83.69,A
511,240004382,MK04,89.05,C
512,240000559,MK02,78.92,C
513,240002459,MK05,91.29,B+
514,240004169,MK01,96.61,B
515,240004312,MK03,74.94,A
516,240003067,MK10,64.27,B+
517,240000367,MK04,91.55,C
518,240004132,MK04,68.79,B
519,240001798,MK01,96.27,A
520,240001047,MK07,69.49,C
521,240000564,MK04,87.59,C
522,240003316,MK02,87.94,A
523,240002251,MK05,60.41,B+
524,240003044,MK03,70.33,A
525,240001209,MK07,91.98,B+
526,240003207,MK08,65.09,C
527,240001655,MK04,99.15,B+
528,240000193,MK03,94.42,B
529,240000324,MK06,71.83,B
530,240002964,MK04,75.84,C
531,240000490,MK07,62.63,C
532,240003136,MK01,78.91,B
533,240001485,MK04,74.79,C
534,240004860,MK01,65.32,A
535,240000764,MK05,98.1,A
536,240004334,MK01,64.68,A
537,240002295,MK08,75.52,C
538,240004830,MK02,92.15,A
539,240001546,MK01,92.8,C
540,240001542,MK07,80.37,B
541,240004476,MK02,80.25,B
542,240004893,MK06,87.63,B+
543,240002939,MK06,92.87,B
544,240001499,MK04,71.8,B
545,240000171,MK06,62.13,B
546,240003388,MK09,94.98,B
547,240001467,MK01,72.66,C
548,240001249,MK04,84.82,B+
549,240002755,MK10,78.84,C
550,240004806,MK06,99.16,B
551,240003922,MK05,60.66,A
552,240003284,MK04,92.31,B
553,240000189,MK06,82.91,A
554,240004937,MK01,74.67,B+
555,240002032,MK06,83.84,A
556,240003740,MK10,86.24,B
557,240003789,MK01,79.56,B
558,240001495,MK03,67.17,C
559,240002425,MK03,87.27,A
560,240000706,MK02,60.7,A
561,240000925,MK05,72.15,C
562,240000165,MK06,69.62,C
563,240000638,MK10,68.24,A
564,240004855,MK02,91.95,B
565,240003902,MK06,99.84,B
566,240003753,MK09,68.59,A
567,240001872,MK02,71.14,C
568,240001123,MK04,78.17,C
569,240002492,MK05,83.1,B+
570,240004882,MK08,71.03,B+
571,240002933,MK05,72.26,B
572,240004024,MK02,84.82,B+
573,240002740,MK09,91.71,A
574,240001410,MK02,83.77,B+
575,240001943,MK02,66.77,A
576,240000497,MK05,77.44,B
577,240001412,MK03,99.04,C
578,240002342,MK05,82.34,B
579,240002373,MK03,69.06,B+
580,240002928,MK09,71.24,A
581,240002706,MK02,70.88,B+
582,240004742,MK09,74.44,B+
583,240001826,MK01,74.77,B+
584,240001797,MK06,80.55,B
585,240001440,MK04,81.42,C
586,240002554,MK09,69.21,B
587,240003533,MK04,95.26,B
588,240001257,MK09,93.36,C
589,240001540,MK04,65.79,A
590,240000012,MK09,97.77,C
591,240004753,MK03,68.11,B
592,240000805,MK04,74.37,B+
593,240000238,MK08,70.47,A
594,240003730,MK07,81.96,C
595,240002337,MK06,96.5,B+
596,240003172,MK06,70.37,C
597,240002893,MK04,74.9,A
598,240002290,MK01,62.12,B+
599,240003774,MK08,61.32,A
600,240003156,MK05,96.29,A
601,240002761,MK01,92.61,B
602,240003659,MK01,65.7,B
603,240000443,MK09,69.37,B
604,240002600,MK01,91.33,A
605,240004428,MK07,82.56,C
606,240002161,MK07,93.52,B+
607,240003900,MK02,68.28,B
608,240000760,MK08,92.38,B
609,240003368,MK10,92.0,B
610,240002617,MK04,93.79,B+
611,240003759,MK07,66.26,A
612,240003225,MK06,60.87,B
613,240004565,MK09,86.25,B
614,240001821,MK04,71.15,B
615,240004059,MK09,72.71,B
616,240000756,MK04,68.39,C
617,240004030,MK09,61.18,B
618,240000152,MK02,61.95,B
619,240002107,MK08,67.71,C
620,240003244,MK06,90.39,C
621,240003484,MK06,65.67,B+
622,240002545,MK08,63.07,A
623,240000749,MK08,81.11,B
624,240001031,MK03,84.51,B+
625,240000127,MK08,77.0,B
626,240000707,MK08,72.6,C
627,240000423,MK06,65.79,B
628,240001620,MK02,61.91,C
629,240002770,MK07,98.85,C
630,240003565,MK09,85.5,A
631,240002395,MK01,92.98,B+
632,240002954,MK07,64.94,B
633,240000890,MK01,98.81,C
634,240003313,MK07,68.41,C
635,240003370,MK02,62.11,C
636,240004527,MK02,77.25,B
637,240003246,MK08,94.58,B
638,240001544,MK02,65.41,A
639,240004884,MK07,84.57,C
640,240000746,MK04,93.07,B
641,240001476,MK04,78.48,A
642,240001809,MK07,60.22,C
643,240001581,MK03,96.73,B
644,240003436,MK08,75.32,A
645,240001096,MK01,92.39,B
646,240002543,MK05,65.33,C
647,240001240,MK08,75.94,C
648,240004354,MK04,83.45,A
649,240001994,MK02,79.46,B+
650,240003374,MK08,76.88,B
651,240000894,MK03,82.5,B+
652,240001244,MK08,74.04,B+
653,240003935,MK01,82.97,A
654,240001268,MK09,76.11,A
655,240002242,MK08,89.36,B+
656,240001703,MK10,65.76,C
657,240004947,MK10,84.49,C
658,240002656,MK06,77.97,B
659,240002571,MK05,66.06,A
660,240000799,MK08,67.57,B
661,240002885,MK05,95.6,A
662,240000269,MK10,93.56,B
663,240003350,MK02,95.73,B
664,240002877,MK02,89.44,A
665,240001414,MK07,87.7,A
666,240004451,MK08,87.99,C
667,240002558,MK05,96.32,B
668,240003952,MK06,96.62,B+
669,240003291,MK06,98.74,B+
670,240000715,MK05,62.74,A
671,240000373,MK09,62.37,B+
672,240004551,MK06,94.21,B+
673,240001820,MK09,67.19,C
674,240004096,MK10,93.18,C
675,240002810,MK05,66.67,C
676,240001592,MK06,78.0,A
677,240003803,MK01,92.68,C
678,240002376,MK08,69.32,C
679,240002281,MK09,81.62,B+
680,240003846,MK02,69.19,C
681,240004155,MK10,73.68,A
682,240001373,MK07,66.52,B+
683,240001702,MK08,87.13,A
684,240001029,MK01,60.27,A
685,240002089,MK05,70.06,B+
686,240002030,MK01,88.96,B+
687,240000559,MK02,76.09,B
688,240004089,MK07,67.19,C
689,240004280,MK05,75.32,B
690,240001554,MK02,70.57,B
691,240001370,MK09,84.83,C
692,240003922,MK05,92.15,B+
693,240004916,MK10,88.48,B+
694,240003796,MK04,83.46,B
695,240004629,MK09,98.71,A
696,240001678,MK08,84.48,C
697,240000693,MK06,76.57,C
698,240003186,MK03,76.82,C
699,240004557,MK01,65.11,B
700,240004767,MK10,79.82,A
701,240002548,MK08,65.75,B+
702,240003132,MK07,68.41,B
703,240002165,MK07,92.98,B+
704,240001614,MK02,70.82,C
705,240000577,MK05,89.17,B
706,240003498,MK01,65.22,C
707,240001758,MK08,99.9,A
708,240003404,MK02,78.37,B
709,240002955,MK01,78.21,B+
710,240000420,MK08,95.08,B+
711,240002241,MK03,65.2,C
712,240000326,MK06,78.03,C
713,240002733,MK02,65.85,C
714,240002554,MK03,84.38,B+
715,240001207,MK06,96.96,B
716,240000659,MK08,72.11,B+
717,240001593,MK08,74.77,B+
718,240003222,MK05,72.26,C
719,240002578,MK04,97.48,B+
720,240002263,MK07,62.15,C
721,240000860,MK09,93.98,B
722,240003642,MK01,87.24,C
723,240003927,MK05,65.6,B
724,240000087,MK04,91.57,B+
725,240003099,MK07,91.4,C
726,240003929,MK06,61.82,C
727,240002831,MK07,86.47,B
728,240004461,MK08,60.45,C
729,240001213,MK02,80.61,B
730,240004376,MK01,71.68,A
731,240004242,MK09,88.17,B
732,240003346,MK03,78.85,B+
733,240003971,MK10,61.72,B
734,240002802,MK05,73.78,A
735,240004071,MK07,70.97,A
736,240002814,MK07,78.81,A
737,240004756,MK10,79.85,B+
738,240002818,MK10,63.85,B+
739,240000923,MK09,88.66,A
740,240002929,MK03,66.69,A
741,240003500,MK10,63.29,C
742,240002967,MK09,63.27,B
743,240000984,MK01,66.06,C
744,240003274,MK06,60.26,A
745,240001694,MK01,71.7,B
746,240002971,MK09,79.0,C
747,240001529,MK03,66.81,B+
748,240001235,MK04,96.7,B
749,240001272,MK06,98.38,A
750,240003585,MK01,80.31,B
751,240004697,MK07,72.53,C
752,240001733,MK08,90.74,C
753,240001631,MK06,81.28,B+
754,240000255,MK05,61.99,C
755,240001506,MK05,80.53,C
756,240001356,MK06,64.84,A
757,240004012,MK03,68.18,B+
758,240000249,MK01,76.3,B
759,240001343,MK06,89.77,A
760,240002467,MK08,69.19,B+
761,240003515,MK05,66.07,A
762,240001735,MK09,80.08,C
763,240000433,MK07,87.02,B
764,240002309,MK09,86.18,A
765,240001966,MK02,84.09,B
766,240000408,MK09,96.95,B+
767,240002491,MK07,83.53,A
768,240004599,MK04,76.46,B
769,240002184,MK03,78.3,A
770,240000780,MK10,99.11,C
771,240003823,MK07,97.09,B+
772,240001082,MK05,90.28,A
773,240004371,MK06,83.86,B+
774,240004805,MK10,60.62,C
775,240004332,MK08,98.7,C
776,240002867,MK06,79.68,C
777,240000787,MK10,74.81,B
778,240003328,MK08,61.02,B+
779,240002239,MK04,65.99,C
780,240004767,MK07,87.54,B
781,240000857,MK04,70.11,B
782,240002002,MK08,82.75,B
783,240001624,MK02,94.17,A
784,240000658,MK03,96.85,C
785,240004434,MK06,87.22,C
786,240001171,MK06,70.58,A
787,240001921,MK05,85.27,C
788,240002106,MK10,84.52,B
789,240004341,MK10,85.73,A
790,240001962,MK01,71.71,B+
791,240002369,MK04,78.64,C
792,240004329,MK08,94.78,B
793,240003933,MK08,71.82,A
794,240000764,MK01,96.38,A
795,240003725,MK01,76.06,A
796,240000636,MK08,98.32,B
797,240000535,MK09,71.28,B
798,240004370,MK08,95.71,B+
799,240002031,MK10,88.99,C
800,240003835,MK02,62.33,B+
801,240000229,MK09,95.31,B
802,240002474,MK01,76.23,A
803,240000364,MK09,75.15,B
804,240001286,MK04,97.98,A
805,240000109,MK09,91.94,B+
806,240003488,MK10,76.26,C
807,240003279,MK06,63.08,B+
808,240000383,MK07,83.59,B+
809,240000913,MK08,64.83,B
810,240000692,MK06,70.96,B
811,240001514,MK05,84.4,B
812,240000993,MK02,86.51,A
813,240004365,MK04,66.07,B
814,240004784,MK01,69.35,A
815,240001117,MK06,83.6,B
816,240001309,MK08,79.04,B
817,240000727,MK08,91.89,B
818,240003355,MK08,67.34,A
819,240000265,MK02,93.47,B+
820,240004615,MK01,81.79,B
821,240003276,MK03,67.94,B
822,240004578,MK02,81.3,B+
823,240000854,MK08,63.89,C
824,240004850,MK10,63.94,C
825,240002077,MK05,84.31,B+
826,240002804,MK08,96.5,B+
827,240002735,MK04,85.29,B
828,240002091,MK10,78.59,B
829,240004640,MK05,99.83,A
830,240003033,MK08,89.43,A
831,240003253,MK07,65.54,B+
832,240001955,MK09,76.33,B
833,240004566,MK02,90.07,B+
834,240001577,MK07,61.42,B+
835,240001076,MK05,89.11,B
836,240000348,MK04,63.52,C
837,240003166,MK10,80.74,A
838,240001693,MK02,77.15,A
839,240002934,MK01,92.0,B
840,240003520,MK08,86.25,B+
841,240001828,MK08,97.94,A
842,240003929,MK09,62.08,B
843,240003006,MK08,67.54,B
844,240004490,MK06,71.74,B
845,240002423,MK03,81.17,A
846,240002954,MK05,61.57,B+
847,240000758,MK02,85.26,B+
848,240000320,MK05,61.87,B
849,240002095,MK05,84.6,B+
850,240003015,MK07,64.45,B+
851,240000773,MK09,84.12,B
852,240001727,MK02,63.36,C
853,240004567,MK03,66.78,B
854,240000345,MK02,64.89,B
855,240003141,MK07,80.23,B
856,240003812,MK09,86.95,B
857,240001751,MK02,64.33,C
858,240002724,MK03,75.7,A
859,240003025,MK10,81.71,B
860,240001840,MK01,93.2,B
861,240000088,MK09,91.51,B
862,240000052,MK01,87.34,C
863,240001982,MK02,83.43,B+
864,240002187,MK03,60.17,C
865,240001831,MK04,98.08,B+
866,240001519,MK02,73.96,C
867,240002123,MK05,83.39,B+
868,240002031,MK04,62.75,C
869,240002219,MK08,60.01,C
870,240003803,MK09,63.69,C
871,240001385,MK05,92.98,B
872,240004237,MK02,88.17,C
873,240003389,MK08,85.23,A
874,240004490,MK02,89.98,B+
875,240001760,MK08,79.13,B
876,240001480,MK03,72.19,C
877,240003336,MK08,98.66,A
878,240000487,MK04,80.04,A
879,240001428,MK04,89.0,B
880,240003750,MK09,70.72,B
881,240003871,MK06,88.65,A
882,240004830,MK03,82.63,B
883,240001692,MK05,77.28,A
884,240001764,MK04,68.28,C
885,240001311,MK06,68.07,B+
886,240001210,MK05,66.35,B
887,240004381,MK01,78.47,B
888,240004631,MK08,90.11,A
889,240003344,MK02,81.46,B
890,240001216,MK03,96.27,B
891,240002537,MK02,77.72,B
892,240000750,MK09,71.18,B+
893,240001597,MK05,92.83,B+
894,240000378,MK05,71.23,B
895,240003164,MK02,75.77,A
896,240003935,MK05,96.93,B
897,240000335,MK09,68.53,C
898,240002410,MK05,93.68,B+
899,240003594,MK07,68.8,C
900,240002290,MK08,97.78,B
901,240004500,MK02,61.29,B+
902,240000525,MK03,63.03,B+
903,240000415,MK09,79.32,C
904,240004084,MK03,78.94,B+
905,240003233,MK01,91.19,A
906,240002342,MK05,78.87,B+
907,240001022,MK02,88.65,C
908,240002418,MK02,89.51,B
909,240003530,MK03,71.17,A
910,240000548,MK08,97.57,B+
911,240001912,MK09,95.98,B+
912,240004939,MK03,84.82,B
913,240002341,MK01,91.76,B
914,240002642,MK05,63.47,C
915,240004429,MK04,91.53,B+
916,240002825,MK06,62.35,B
917,240003455,MK08,84.3,B
918,240000547,MK05,76.3,B+
919,240004356,MK01,86.98,A
920,240001079,MK10,60.22,C
921,240004921,MK09,67.14,C
922,240003026,MK09,83.18,B+
923,240002723,MK06,85.33,B+
924,240004749,MK03,97.97,B+
925,240004469,MK06,89.0,B+
926,240004751,MK07,94.74,B+
927,240000599,MK01,75.58,A
928,240002760,MK01,67.33,B+
929,240003266,MK03,68.45,C
930,240004472,MK07,69.7,B+
931,240002619,MK10,62.59,B
932,240004146,MK04,91.8,B+
933,240004015,MK02,97.46,B
934,240002066,MK07,79.7,B
935,240000208,MK05,69.36,C
936,240000766,MK09,62.63,A
937,240003520,MK06,94.8,B+
938,240003807,MK05,61.18,C
939,240002265,MK01,99.87,B
940,240004237,MK03,72.46,B
941,240003924,MK03,69.0,B+
942,240001297,MK05,70.63,A
943,240001591,MK04,71.97,A
944,240001456,MK06,67.41,B+
945,240001156,MK10,65.43,B+
946,240002964,MK08,89.7,B+
947,240001330,MK01,84.56,B
948,240002536,MK05,66.25,A
949,240002349,MK02,67.4,B
950,240003451,MK03,74.26,B+
951,240004321,MK04,71.04,A
952,240001385,MK07,93.74,C
953,240003737,MK02,74.22,B
954,240004919,MK02,67.75,B+
955,240001695,MK03,65.96,B+
956,240000215,MK07,94.34,B
957,240004847,MK02,96.19,B
958,240002491,MK09,71.79,A
959,240000967,MK05,84.45,B
960,240001084,MK09,94.74,B
961,240004785,MK06,99.61,C
962,240001133,MK08,86.55,A
963,240003311,MK05,82.96,C
964,240002382,MK06,88.83,B
965,240001079,MK10,89.86,B+
966,240000856,MK01,66.35,B+
967,240001066,MK02,71.37,A
968,240001712,MK04,78.66,C
969,240002156,MK08,61.0,B+
970,240000888,MK10,65.02,B
971,240004079,MK03,73.22,B+
972,240003572,MK02,87.31,B
973,240004065,MK09,70.02,A
974,240000728,MK06,88.25,C
975,240002635,MK07,85.55,B
976,240004515,MK07,72.68,B+
977,240000345,MK05,72.19,B+
978,240002940,MK01,83.18,B+
979,240003118,MK08,87.02,B
980,240002065,MK08,78.89,A
981,240001870,MK10,69.02,C
982,240003167,MK05,93.94,A
983,240004060,MK09,64.12,C
984,240002647,MK04,77.14,B+
985,240000125,MK07,80.5,C
986,240002773,MK10,76.32,B+
987,240000562,MK06,60.12,B+
988,240002334,MK07,79.3,C
989,240003217,MK06,96.18,A
990,240000806,MK10,86.05,A
991,240000480,MK01,83.97,A
992,240003791,MK01,98.89,A
993,240000166,MK07,90.55,B
994,240003520,MK03,61.81,B
995,240003805,MK01,61.65,C
996,240000664,MK04,74.2,B
997,240002381,MK04,71.54,A
998,240001086,MK06,62.03,A
999,240002092,MK03,76.83,B+
1000,240003987,MK06,68.64,B+
1001,240001612,MK10,89.22,C
1002,240002696,MK01,62.88,B+
1003,240003430,MK10,63.38,B+
1004,240001996,MK06,69.29,C
1005,240001806,MK07,74.46,B+
1006,240000405,MK10,84.63,B+
1007,240003017,MK08,69.44,A
1008,240004474,MK07,61.73,B
1009,240004312,MK06,79.68,B
1010,240004763,MK09,65.61,B+
1011,240003542,MK05,76.29,C
1012,240001583,MK01,71.71,C
1013,240002067,MK08,64.82,B+
1014,240000693,MK04,99.28,A
1015,240000891,MK10,61.55,B
1016,240004384,MK05,67.03,A
1017,240003972,MK07,89.21,B
1018,240001098,MK01,70.15,B+
1019,240001032,MK04,83.83,A
1020,240002809,MK04,82.83,B+
1021,240000345,MK07,89.4,A
1022,240003629,MK03,95.83,A
1023,240001381,MK02,77.74,C
1024,240002178,MK07,76.29,A
1025,240003187,MK06,78.66,C
1026,240003044,MK06,86.45,B
1027,240003218,MK05,77.87,B
1028,240000743,MK03,99.4,B+
1029,240001806,MK06,67.45,A
1030,240003909,MK07,63.89,A
1031,240004700,MK03,63.08,A
1032,240000436,MK09,65.77,B
1033,240004833,MK03,91.67,B
1034,240001309,MK10,95.04,B
1035,240000560,MK07,98.23,C
1036,240001770,MK09,70.47,B+
1037,240003584,MK08,89.74,B
1038,240002494,MK04,70.97,B
1039,240002696,MK02,85.64,C
1040,240001134,MK04,77.18,B
1041,240003272,MK04,72.29,B
1042,240004634,MK01,87.58,B+
1043,240003470,MK03,86.29,C
1044,240002717,MK01,63.08,C
1045,240000748,MK02,76.17,A
1046,240000407,MK08,76.92,A
1047,240004021,MK02,89.7,C
1048,240004191,MK09,77.48,B+
1049,240001442,MK08,65.52,B+
1050,240001509,MK09,97.79,B
1051,240002410,MK06,72.07,A
1052,240004539,MK09,86.38,B+
1053,240003333,MK03,95.77,B
1054,240003905,MK05,70.9,B
1055,240001670,MK09,88.51,C
1056,240000287,MK08,71.01,A
1057,240003635,MK01,97.97,C
1058,240002875,MK08,75.54,B
1059,240003477,MK02,93.42,B
1060,240004935,MK10,76.22,C
1061,240004793,MK08,81.55,C
1062,240002039,MK02,90.96,B
1063,240001441,MK05,92.35,C
1064,240003516,MK02,78.32,B+
1065,240000426,MK06,97.89,B
1066,240004399,MK09,91.74,C
1067,240002245,MK03,81.17,B
1068,240001627,MK10,66.73,A
1069,240001637,MK04,68.52,B
1070,240000426,MK09,87.95,A
1071,240001603,MK09,77.71,C
1072,240003961,MK03,62.55,A
1073,240003284,MK08,79.05,B
1074,240001391,MK06,61.65,A
1075,240003213,MK03,93.77,A
1076,240001247,MK05,80.35,A
1077,240002403,MK02,66.51,B
1078,240002219,MK08,79.5,C
1079,240003448,MK05,81.87,B
1080,240003621,MK04,80.82,A
1081,240002991,MK09,64.82,B
1082,240001747,MK01,98.84,B+
1083,240002035,MK05,92.81,B+
1084,240004853,MK04,93.41,B
1085,240003622,MK02,78.51,B+
1086,240004649,MK06,84.94,B+
1087,240002426,MK06,77.65,B
1088,240001896,MK01,97.97,A
1089,240004822,MK04,72.8,C
1090,240003707,MK01,96.96,C
1091,240001593,MK05,94.55,B+
1092,240002866,MK01,66.04,B
1093,240004730,MK01,86.8,B
1094,240004744,MK05,86.09,B
1095,240004270,MK06,90.99,A
1096,240000798,MK09,69.54,B
1097,240004193,MK10,70.61,A
1098,240001781,MK05,90.74,B+
1099,240003399,MK04,69.52,B
1100,240002862,MK04,65.82,B+
1101,240000493,MK01,95.9,B
1102,240002134,MK01,69.25,A
1103,240000993,MK01,84.45,C
1104,240000827,MK04,60.03,A
1105,240002897,MK08,74.53,B+
1106,240001860,MK10,96.25,B+
1107,240001284,MK04,86.01,B+
1108,240003922,MK05,85.87,A
1109,240002628,MK06,87.85,A
1110,240004206,MK03,63.6,B+
1111,240002512,MK09,71.65,A
1112,240004091,MK07,91.21,A
1113,240000544,MK07,77.44,A
1114,240003539,MK03,68.52,C
1115,240004377,MK03,91.35,B+
1116,240002672,MK08,96.52,B
1117,240004945,MK07,62.83,B
1118,240002556,MK08,75.45,C
1119,240002901,MK05,96.32,A
1120,240002229,MK04,76.4,C
1121,240003220,MK06,98.27,A
1122,240001805,MK06,79.71,B
1123,240000060,MK08,90.39,B+
1124,240002488,MK10,89.23,A
1125,240000702,MK02,77.76,A
1126,240004971,MK07,76.36,B+
1127,240003480,MK02,89.29,B
1128,240000847,MK04,66.27,B+
1129,240003296,MK02,97.24,B+
1130,240002218,MK04,76.36,C
1131,240001815,MK02,94.96,C
1132,240001305,MK04,77.68,C
1133,240000724,MK06,66.94,B
1134,240001056,MK02,86.54,A
1135,240004308,MK07,64.6,C
1136,240004649,MK10,69.41,B+
1137,240004662,MK01,69.39,B
1138,240004563,MK07,68.18,B+
1139,240004460,MK05,73.77,B
1140,240003221,MK05,74.9,A
1141,240000975,MK09,66.44,B
1142,240004799,MK03,93.49,B+
1143,240000181,MK05,83.44,C
1144,240000095,MK02,64.78,C
1145,240004402,MK01,95.31,C
1146,240003407,MK10,79.6,A
1147,240000549,MK01,69.14,A
1148,240002708,MK01,72.22,A
1149,240002288,MK05,98.23,B+
1150,240000226,MK06,62.01,C
1151,240004945,MK03,93.55,B+
1152,240001434,MK05,87.44,B+
1153,240004871,MK03,98.59,C
1154,240002644,MK03,65.55,B+
1155,240004010,MK01,80.69,A
1156,240002783,MK04,92.31,A
1157,240003580,MK01,79.88,B+
1158,240000783,MK04,62.11,A
1159,240001771,MK06,71.69,C
1160,240000295,MK06,75.6,B+
1161,240002229,MK01,90.29,B
1162,240002822,MK03,92.57,C
1163,240002802,MK01,83.45,B
1164,240001410,MK06,68.37,B
1165,240002551,MK08,94.93,A
1166,240003196,MK10,75.38,B
1167,240003932,MK05,93.45,B
1168,240004518,MK02,81.38,B
1169,240003291,MK05,96.31,A
1170,240004624,MK01,93.54,A
1171,240003821,MK04,94.42,B+
1172,240001419,MK06,72.63,C
1173,240002656,MK05,81.88,A
1174,240000931,MK02,68.22,B+
1175,240001291,MK06,97.67,C
1176,240000251,MK01,71.73,C
1177,240004521,MK02,87.11,B
1178,240002321,MK01,79.16,B
1179,240001416,MK06,86.95,B
1180,240003892,MK01,72.72,C
1181,240003175,MK07,95.51,B+
1182,240004793,MK02,64.44,C
1183,240004368,MK02,81.78,A
1184,240004016,MK01,60.66,C
1185,240002920,MK10,62.51,A
1186,240000966,MK07,98.7,B+
1187,240003686,MK04,71.36,C
1188,240001060,MK01,67.23,A
1189,240001239,MK05,98.05,B
1190,240002670,MK02,61.44,B
1191,240002327,MK03,60.62,C
1192,240002285,MK06,95.0,C
1193,240000573,MK03,70.48,A
1194,240000637,MK09,70.57,C
1195,240002974,MK04,86.28,A
1196,240003073,MK03,74.02,C
1197,240002075,MK07,91.03,C
1198,240000399,MK04,65.67,C
1199,240004986,MK01,76.33,B
1200,240002941,MK09,82.22,B
1201,240000458,MK09,61.48,C
1202,240002392,MK04,62.84,B
1203,240002586,MK03,96.66,A
1204,240002122,MK06,83.96,A
1205,240003936,MK09,82.73,B+
1206,240002554,MK05,92.08,B
1207,240001499,MK04,94.3,C
1208,240000572,MK07,86.3,C
1209,240004584,MK10,73.95,C
1210,240003755,MK02,65.92,C
1211,240000480,MK02,81.85,A
1212,240000476,MK10,67.86,B
1213,240000368,MK10,64.23,B
1214,240003484,MK02,65.89,B+
1215,240001707,MK04,84.85,B+
1216,240003673,MK01,63.25,B
1217,240002047,MK09,89.77,C
1218,240000186,MK05,95.0,C
1219,240001587,MK03,77.96,C
1220,240000790,MK03,85.57,B
1221,240002095,MK02,85.54,B+
1222,240000904,MK02,92.43,A
1223,240001667,MK10,96.79,A
1224,240001833,MK04,68.88,B+
1225,240004936,MK03,76.92,B+
1226,240001148,MK10,66.25,B
1227,240004059,MK09,70.2,A
1228,240000189,MK09,80.14,B
1229,240003439,MK01,72.01,B
1230,240003132,MK10,98.57,A
1231,240001113,MK08,63.0,A
1232,240004552,MK05,64.81,C
1233,240000941,MK05,77.39,B+
1234,240003503,MK05,62.54,B
1235,240000225,MK04,71.86,C
1236,240003184,MK01,99.55,C
1237,240004609,MK07,68.5,B+
1238,240003466,MK06,62.85,C
1239,240004134,MK01,86.57,C
1240,240000778,MK10,82.56,A
1241,240001160,MK07,73.03,A
1242,240001714,MK06,66.73,C
1243,240000962,MK07,61.25,B
1244,240002074,MK08,69.17,B
1245,240004336,MK04,80.81,B+
1246,240002930,MK04,66.27,B+
1247,240002695,MK05,77.06,C
1248,240004019,MK06,78.35,B
1249,240003025,MK02,80.94,C
1250,240004629,MK09,87.88,B
1251,240001070,MK02,80.64,B
1252,240004664,MK10,65.26,C
1253,240002331,MK10,84.39,B+
1254,240004871,MK10,82.9,A
1255,240002272,MK02,86.34,C
1256,240002542,MK01,70.92,B
1257,240001396,MK02,84.71,B
1258,240002596,MK05,62.49,B
1259,240001098,MK03,63.8,B
1260,240000226,MK04,60.69,B+
1261,240002996,MK01,72.4,B
1262,240003956,MK06,78.12,B+
1263,240002413,MK01,79.86,A
1264,240003462,MK06,83.81,A
1265,240002892,MK01,91.31,C
1266,240004120,MK07,61.52,C
1267,240004073,MK01,63.12,A
1268,240004960,MK01,97.38,B+
1269,240002516,MK07,61.44,A
1270,240003331,MK05,89.87,B
1271,240002568,MK04,71.53,A
1272,240001643,MK02,84.14,A
1273,240004296,MK09,83.45,C
1274,240004772,MK08,95.91,B+
1275,240000960,MK01,67.94,B+
1276,240000924,MK02,99.55,A
1277,240003829,MK08,88.37,B+
1278,240002759,MK07,85.13,B
1279,240001435,MK07,96.32,B+
1280,240004784,MK10,92.07,C
1281,240004574,MK08,95.11,B+
1282,240004864,MK10,92.76,B+
1283,240004394,MK06,62.68,C
1284,240002600,MK04,93.31,B+
1285,240000855,MK08,68.48,B
1286,240002899,MK05,80.85,B+
1287,240000793,MK01,95.73,B+
1288,240001090,MK06,97.04,C
1289,240000096,MK09,89.62,C
1290,240001151,MK10,70.01,C
1291,240003390,MK07,73.06,C
1292,240002149,MK02,98.3,A
1293,240003352,MK03,80.29,A
1294,240004025,MK08,78.15,A
1295,240004274,MK07,71.35,A
1296,240000156,MK08,94.36,B+
1297,240003376,MK05,70.27,A
1298,240003713,MK08,94.27,B+
1299,240002267,MK06,90.95,B+
1300,240000253,MK08,69.01,B
1301,240003644,MK05,86.14,B
1302,240001858,MK05,61.1,B
1303,240002066,MK02,98.92,C
1304,240004143,MK02,63.35,C
1305,240000478,MK05,92.69,B+
1306,240000326,MK02,74.94,B+
1307,240004138,MK10,67.14,A
1308,240001390,MK07,64.43,B
1309,240003272,MK09,83.61,B
1310,240003445,MK04,77.4,C
1311,240002016,MK01,97.43,C
1312,240000322,MK08,91.25,C
1313,240001842,MK04,75.83,B+
1314,240000808,MK09,86.1,B+
1315,240002932,MK04,90.33,A
1316,240001995,MK05,63.53,A
1317,240003977,MK06,78.51,B+
1318,240004026,MK05,87.21,C
1319,240000334,MK09,69.16,B
1320,240000708,MK03,93.23,C
1321,240001385,MK02,80.18,B
1322,240000287,MK04,62.22,B+
1323,240002804,MK01,78.81,B+
1324,240001425,MK03,98.95,C
1325,240003543,MK09,92.86,A
1326,240003643,MK09,93.47,B
1327,240003250,MK07,88.2,B+
1328,240000952,MK05,79.73,A
1329,240002619,MK05,77.85,B
1330,240000609,MK05,92.14,A
1331,240004163,MK03,84.93,B+
1332,240002800,MK08,66.24,A
1333,240001776,MK06,90.65,B+
1334,240000354,MK04,81.21,A
1335,240001059,MK03,96.79,A
1336,240002205,MK08,70.73,B+
1337,240002967,MK07,63.09,C
1338,240003171,MK06,99.24,C
1339,240003765,MK06,86.72,B+
1340,240003229,MK07,61.09,B+
1341,240000365,MK05,62.85,B+
1342,240003786,MK06,86.98,C
1343,240001612,MK06,75.16,A
1344,240001210,MK10,63.32,A
1345,240004285,MK01,61.96,B
1346,240003062,MK07,86.41,B+
1347,240000545,MK05,97.55,B+
1348,240002130,MK08,82.36,B+
1349,240002186,MK05,88.22,A
1350,240003091,MK02,78.16,B
1351,240002973,MK10,82.24,C
1352,240004469,MK04,70.71,B
1353,240004525,MK08,62.54,B
1354,240003204,MK01,66.5,A
1355,240001109,MK01,94.85,A
1356,240001475,MK07,81.9,A
1357,240003201,MK03,90.12,B
1358,240001917,MK07,85.0,B
1359,240002432,MK10,61.23,C
1360,240002448,MK08,87.35,A
1361,240004027,MK03,60.37,A
1362,240004214,MK05,91.26,C
1363,240001801,MK09,82.42,A
1364,240000573,MK08,70.47,A
1365,240000635,MK04,78.05,C
1366,240003057,MK09,81.19,C
1367,240003044,MK07,96.75,B+
1368,240002802,MK03,99.3,A
1369,240002289,MK05,68.95,A
1370,240004996,MK05,77.04,C
1371,240003074,MK08,89.63,A
1372,240001608,MK01,75.75,B
1373,240004749,MK01,96.47,A
1374,240002456,MK04,89.22,B+
1375,240003760,MK01,91.43,B
1376,240002531,MK05,95.1,B+
1377,240004910,MK08,74.82,C
1378,240003701,MK02,86.13,B
1379,240002600,MK02,76.85,A
1380,240001757,MK02,61.64,B
1381,240001815,MK03,62.44,B
1382,240000916,MK06,66.88,B+
1383,240003868,MK10,67.3,B+
1384,240002598,MK08,98.2,C
1385,240000760,MK06,80.98,C
1386,240002989,MK01,90.59,A
1387,240000786,MK06,79.57,B
1388,240000648,MK03,63.54,A
1389,240000522,MK04,82.03,B+
1390,240003072,MK08,87.45,A
1391,240001941,MK07,83.85,B+
1392,240001042,MK08,90.79,A
1393,240003287,MK08,93.96,B+
1394,240003885,MK01,93.32,A
1395,240003393,MK08,76.99,A
1396,240004070,MK06,85.51,B
1397,240003957,MK05,91.5,C
1398,240000421,MK09,97.91,B+
1399,240003516,MK01,65.0,C
1400,240001911,MK09,73.41,B+
1401,240002309,MK08,89.21,B
1402,240003904,MK08,77.45,B
1403,240002232,MK05,63.16,C
1404,240001605,MK01,85.82,A
1405,240000205,MK08,90.77,C
1406,240000120,MK10,99.24,A
1407,240001971,MK09,76.39,B
1408,240002488,MK07,79.61,C
1409,240000931,MK10,88.24,A
1410,240001767,MK10,67.03,B
1411,240002957,MK05,99.36,A
1412,240001884,MK05,87.43,B
1413,240004863,MK09,86.02,A
1414,240000483,MK09,87.1,C
1415,240002504,MK02,84.19,B
1416,240000831,MK09,61.62,B+
1417,240002018,MK07,94.49,B+
1418,240001542,MK10,69.78,B+
1419,240003677,MK10,63.63,B+
1420,240004297,MK04,77.82,B+
1421,240001923,MK02,69.29,B
1422,240004682,MK01,79.88,B
1423,240000728,MK09,98.37,C
1424,240001343,MK09,64.04,B
1425,240003717,MK10,68.2,B+
1426,240004725,MK02,91.53,A
1427,240002957,MK10,92.47,B+
1428,240002485,MK05,80.67,A
1429,240002990,MK05,99.18,C
1430,240000235,MK08,65.97,A
1431,240000085,MK09,68.76,B
1432,240000597,MK06,84.44,B+
1433,240000121,MK03,99.03,B
1434,240003180,MK04,88.04,B+
1435,240001585,MK03,68.51,A
1436,240001618,MK09,87.32,C
1437,240002785,MK03,87.28,B
1438,240001564,MK02,68.46,A
1439,240004519,MK10,77.82,C
1440,240000651,MK02,94.47,A
1441,240001361,MK03,93.38,A
1442,240000444,MK07,73.53,A
1443,240000780,MK07,75.28,B+
1444,240003340,MK08,96.47,A
1445,240004834,MK01,92.7,A
1446,240002140,MK06,88.47,A
1447,240004389,MK08,64.16,A
1448,240002627,MK07,99.86,B+
1449,240003231,MK10,60.16,B
1450,240000990,MK10,93.39,B+
1451,240000108,MK01,61.74,B+
1452,240003928,MK01,60.59,B
1453,240001799,MK04,87.15,B+
1454,240003663,MK10,92.69,A
1455,240000681,MK07,74.43,B
1456,240004283,MK02,89.86,C
1457,240004900,MK01,60.25,A
1458,240004747,MK06,85.67,B+
1459,240000909,MK04,70.1,B
1460,240000216,MK02,66.55,A
1461,240000247,MK05,64.83,C
1462,240002154,MK05,96.78,B
1463,240004304,MK06,72.48,A
1464,240001253,MK08,87.69,C
1465,240003887,MK03,90.3,A
1466,240001664,MK09,76.68,B+
1467,240000495,MK07,75.98,A
1468,240002524,MK03,77.46,B
1469,240003740,MK06,79.58,C
1470,240001548,MK10,70.79,B
1471,240003922,MK10,88.16,A
1472,240000191,MK06,74.87,B+
1473,240004650,MK05,90.01,A
1474,240000824,MK08,97.92,A
1475,240004188,MK10,91.97,A
1476,240002418,MK01,61.35,B+
1477,240001315,MK09,64.32,B
1478,240001393,MK10,71.05,B
1479,240001343,MK06,72.92,B+
1480,240001019,MK10,95.92,A
1481,240000383,MK04,99.71,B
1482,240003426,MK07,69.36,B
1483,240001444,MK06,69.41,A
1484,240001982,MK07,84.78,C
1485,240001778,MK06,91.19,B+
1486,240001767,MK09,77.85,B
1487,240002183,MK03,78.61,C
1488,240002694,MK01,68.81,B+
1489,240001018,MK06,85.64,B+
1490,240003919,MK03,86.18,C
1491,240003614,MK08,64.67,B+
1492,240004888,MK08,85.8,C
1493,240004531,MK10,92.82,B+
1494,240000401,MK01,73.01,A
1495,240003704,MK07,64.74,B
1496,240003256,MK07,60.64,B+
1497,240000034,MK01,82.19,B
1498,240001162,MK08,98.05,A
1499,240001145,MK08,95.42,B+
1500,240003165,MK07,87.27,A
1501,240002978,MK02,97.93,C
1502,240000459,MK02,89.09,B
1503,240002299,MK10,60.33,B
1504,240001563,MK03,76.75,A
1505,240002666,MK02,60.76,B
1506,240000826,MK10,68.04,C
1507,240000491,MK07,64.28,A
1508,240004432,MK03,85.26,B
1509,240003849,MK02,68.69,C
1510,240001986,MK07,95.3,B
1511,240004707,MK06,72.35,C
1512,240003699,MK09,88.8,A
1513,240001074,MK06,78.09,B+
1514,240003900,MK02,86.96,B+
1515,240000713,MK03,70.11,C
1516,240003483,MK09,92.54,B
1517,240003866,MK05,83.33,A
1518,240002978,MK01,97.02,A
1519,240000431,MK05,99.32,B+
1520,240001473,MK08,96.94,A
1521,240001634,MK07,63.26,A
1522,240002161,MK08,82.93,B
1523,240003588,MK03,65.39,B
1524,240002330,MK01,62.27,B+
1525,240003464,MK09,86.0,A
1526,240001660,MK07,96.55,C
1527,240003592,MK04,64.93,A
1528,240002610,MK06,67.0,A
1529,240002615,MK05,70.57,B
1530,240004783,MK08,70.99,A
1531,240003941,MK06,65.67,B
1532,240002186,MK08,84.77,B+
1533,240002435,MK01,75.89,B
1534,240002734,MK04,91.05,A
1535,240002056,MK09,85.32,C
1536,240001037,MK08,86.95,A
1537,240003871,MK09,82.83,A
1538,240001299,MK05,83.06,B+
1539,240000831,MK07,91.34,C
1540,240004937,MK08,89.23,C
1541,240004724,MK03,87.17,B
1542,240001332,MK04,65.84,A
1543,240003387,MK06,89.25,A
1544,240000579,MK05,80.08,B
1545,240001194,MK08,66.73,A
1546,240000793,MK04,96.84,B
1547,240004858,MK01,77.97,B
1548,240003981,MK05,85.89,B
1549,240001637,MK03,74.31,B
1550,240003570,MK03,73.96,B
1551,240001655,MK02,92.87,A
1552,240000741,MK05,89.2,B
1553,240004712,MK05,65.45,B
1554,240003071,MK08,64.46,C
1555,240003556,MK02,62.94,B+
1556,240004835,MK06,80.32,B
1557,240004858,MK04,77.48,A
1558,240003402,MK02,76.32,A
1559,240002114,MK10,60.91,A
1560,240000708,MK05,75.08,B+
1561,240001478,MK01,94.84,B
1562,240000280,MK06,90.93,A
1563,240002453,MK01,74.6,A
1564,240004015,MK01,69.2,B
1565,240003381,MK08,95.52,A
1566,240002904,MK02,78.53,B+
1567,240004611,MK02,82.52,B+
1568,240002789,MK09,91.61,B
1569,240001816,MK01,84.7,B+
1570,240001338,MK09,99.12,B+
1571,240003551,MK01,85.94,A
1572,240003864,MK04,85.85,B+
1573,240003700,MK08,96.66,C
1574,240002822,MK10,97.99,B
1575,240001285,MK01,80.2,A
1576,240002217,MK03,65.85,B
1577,240002448,MK02,96.71,A
1578,240001940,MK03,69.34,C
1579,240002799,MK09,71.42,C
1580,240000456,MK08,74.88,B+
1581,240004902,MK01,71.74,C
1582,240001277,MK04,86.85,A
1583,240000027,MK02,63.03,C
1584,240004383,MK06,78.32,C
1585,240001123,MK09,68.53,C
1586,240004016,MK07,82.89,C
1587,240003840,MK08,66.03,C
1588,240002463,MK07,89.34,B
1589,240004452,MK02,70.03,C
1590,240001263,MK01,68.11,B
1591,240002831,MK02,70.6,C
1592,240000208,MK07,91.53,A
1593,240000004,MK05,89.53,A
1594,240002449,MK09,60.82,A
1595,240003743,MK01,79.4,B+
1596,240004766,MK05,66.07,B+
1597,240003799,MK07,72.13,A
1598,240001725,MK08,92.17,C
1599,240001391,MK06,98.5,B
1600,240002423,MK01,89.67,B
1601,240001611,MK03,82.92,B+
1602,240000734,MK08,96.68,C
1603,240004065,MK01,96.76,C
1604,240000790,MK10,88.12,A
1605,240002640,MK09,66.69,B
1606,240004645,MK09,98.07,C
1607,240004753,MK02,87.41,C
1608,240002477,MK02,67.35,B+
1609,240004714,MK08,74.0,A
1610,240003215,MK08,79.84,B+
1611,240003979,MK08,77.32,C
1612,240003801,MK01,77.79,B
1613,240000643,MK03,95.66,C
1614,240000673,MK08,86.38,C
1615,240003589,MK06,98.99,A
1616,240000818,MK09,65.77,C
1617,240003775,MK02,62.59,A
1618,240000913,MK09,72.11,A
1619,240004814,MK08,87.1,B+
1620,240001711,MK06,97.06,B
1621,240002156,MK01,95.67,B
1622,240004885,MK10,98.63,A
1623,240003729,MK01,61.81,A
1624,240003953,MK10,95.62,B
1625,240001334,MK04,87.34,C
1626,240002574,MK05,82.22,A
1627,240002526,MK04,82.2,B+
1628,240000698,MK09,86.33,C
1629,240003490,MK02,61.72,B
1630,240004909,MK06,87.05,B+
1631,240000741,MK06,99.95,C
1632,240003532,MK01,65.45,B
1633,240003546,MK04,96.51,B+
1634,240000530,MK03,66.73,C
1635,240004969,MK10,88.45,B
1636,240000622,MK10,78.71,A
1637,240004368,MK01,97.8,C
1638,240003905,MK07,83.99,B+
1639,240002703,MK10,69.28,B
1640,240002296,MK07,89.09,C
1641,240004997,MK10,68.36,B+
1642,240003844,MK07,78.09,C
1643,240001926,MK03,83.13,B
1644,240000337,MK09,82.35,A
1645,240001213,MK07,99.89,B
1646,240003474,MK09,81.95,B
1647,240000951,MK05,93.86,B+
1648,240001894,MK04,73.89,A
1649,240000710,MK06,65.5,B+
1650,240004969,MK10,67.37,C
1651,240003042,MK01,71.07,B+
1652,240004657,MK05,94.65,C
1653,240001249,MK07,85.02,C
1654,240000577,MK03,85.23,A
1655,240002551,MK07,78.02,B
1656,240002440,MK07,82.2,A
1657,240001464,MK08,78.04,B
1658,240002967,MK03,83.2,B
1659,240003490,MK03,60.01,A
1660,240000805,MK10,66.4,A
1661,240001555,MK10,80.89,B+
1662,240003337,MK08,84.94,B+
1663,240004977,MK06,89.38,B+
1664,240000312,MK03,86.38,C
1665,240003923,MK07,96.11,B
1666,240001823,MK01,99.06,B+
1667,240001372,MK03,78.36,B+
1668,240000174,MK04,70.76,B
1669,240004334,MK01,94.7,A
1670,240002304,MK09,66.03,B+
1671,240003655,MK01,76.3,A
1672,240001289,MK02,85.37,B
1673,240003066,MK09,83.98,C
1674,240001739,MK06,93.15,C
1675,240002850,MK07,65.39,B
1676,240000976,MK09,72.33,A
1677,240000684,MK08,90.09,A
1678,240003707,MK10,75.82,B+
1679,240002470,MK07,80.24,B
1680,240002762,MK01,66.03,A
1681,240003555,MK09,72.18,C
1682,240001454,MK08,79.13,B+
1683,240000485,MK03,61.98,B+
1684,240001629,MK07,79.28,C
1685,240001568,MK07,94.06,C
1686,240001266,MK04,82.67,B+
1687,240003293,MK04,64.16,C
1688,240003362,MK10,95.04,B+
1689,240000411,MK06,76.51,B
1690,240003644,MK03,97.64,B
1691,240001210,MK05,96.12,B
1692,240002425,MK04,84.16,A
1693,240001564,MK03,99.31,B+
1694,240004334,MK05,65.49,B
1695,240000553,MK08,84.83,B
1696,240001945,MK01,91.21,B
1697,240002855,MK08,85.51,B
1698,240001849,MK06,80.47,B+
1699,240003577,MK05,78.88,B+
1700,240001028,MK06,68.31,A
1701,240000395,MK08,95.92,C
1702,240002965,MK05,72.99,B
1703,240001510,MK08,76.43,B
1704,240001667,MK04,66.51,C
1705,240004845,MK02,65.73,A
1706,240000070,MK03,74.25,B
1707,240004330,MK06,90.12,B+
1708,240002109,MK07,94.51,B
1709,240004511,MK04,84.01,C
1710,240003376,MK01,80.74,C
1711,240004496,MK09,71.47,B+
1712,240000062,MK10,60.94,B+
1713,240004694,MK01,95.46,A
1714,240000276,MK08,85.26,A
1715,240000612,MK06,63.37,A
1716,240004214,MK06,60.07,C
1717,240003836,MK06,77.79,B
1718,240000624,MK04,92.02,C
1719,240001348,MK07,91.3,C
1720,240000328,MK08,96.16,A
1721,240004091,MK10,73.51,B
1722,240003645,MK01,79.32,B
1723,240004521,MK07,83.31,B+
1724,240004744,MK01,79.26,B+
1725,240001927,MK06,69.81,C
1726,240000273,MK05,80.96,B+
1727,240004749,MK04,80.78,B+
1728,240003342,MK04,68.94,B
1729,240002586,MK06,79.56,B+
1730,240002094,MK10,99.15,C
1731,240001393,MK03,88.88,B
1732,240002316,MK09,99.49,B
1733,240002170,MK06,77.12,B
1734,240004418,MK03,88.37,B
1735,240003494,MK02,62.72,B
1736,240000863,MK01,62.07,A
1737,240003882,MK05,66.2,B+
1738,240001202,MK03,74.53,B
1739,240001856,MK04,79.6,C
1740,240004650,MK04,63.3,C
1741,240003679,MK06,97.68,A
1742,240003181,MK10,89.99,A
1743,240002122,MK05,98.83,A
1744,240004527,MK06,98.42,A
1745,240001078,MK08,90.4,B
1746,240002869,MK08,64.29,A
1747,240002333,MK06,61.71,B+
1748,240002334,MK06,99.18,B
1749,240000604,MK03,78.74,B+
1750,240004840,MK10,93.41,C
1751,240000096,MK09,94.02,C
1752,240004041,MK10,92.45,B
1753,240001864,MK02,79.18,A
1754,240001774,MK01,68.79,C
1755,240000460,MK08,91.16,B+
1756,240003681,MK09,68.01,A
1757,240000030,MK04,67.68,C
1758,240004274,MK03,65.1,B
1759,240000765,MK02,80.65,A
1760,240002986,MK05,98.4,B
1761,240001667,MK07,70.78,B
1762,240001433,MK02,62.46,B
1763,240004836,MK02,72.83,B+
1764,240002725,MK02,98.55,C
1765,240000228,MK02,63.28,B+
1766,240004820,MK05,95.04,A
1767,240000351,MK02,60.82,C
1768,240003495,MK04,61.77,B
1769,240000807,MK07,72.9,B
1770,240001722,MK06,82.01,B+
1771,240002000,MK05,95.98,C
1772,240001701,MK09,98.24,A
1773,240002500,MK10,64.81,B+
1774,240001606,MK10,69.48,A
1775,240001080,MK05,62.88,A
1776,240002374,MK02,63.47,B
1777,240001586,MK03,67.77,A
1778,240001691,MK03,98.05,B+
1779,240003145,MK03,95.15,A
1780,240004634,MK02,67.45,B
1781,240000365,MK06,88.6,A
1782,240001555,MK02,73.1,A
1783,240001555,MK03,95.15,A
1784,240003864,MK07,96.52,C
1785,240004381,MK04,76.77,C
1786,240001476,MK01,85.2,B
1787,240002457,MK09,92.23,B+
1788,240001128,MK10,80.61,B+
1789,240003015,MK08,63.48,B
1790,240002652,MK08,79.36,C
1791,240000460,MK09,90.58,B+
1792,240000598,MK10,69.65,A
1793,240004530,MK10,94.67,B+
1794,240001606,MK10,62.56,B
1795,240004088,MK06,94.66,B+
1796,240004757,MK10,75.38,A
1797,240004710,MK02,96.53,B
1798,240001933,MK07,87.14,B
1799,240004279,MK10,67.48,A
1800,240004346,MK08,89.98,B
1801,240003016,MK05,69.26,A
1802,240002581,MK04,80.43,B
1803,240000211,MK02,71.97,B+
1804,240001231,MK09,61.08,A
1805,240002487,MK05,92.63,C
1806,240000766,MK02,85.57,B+
1807,240004421,MK06,85.07,B
1808,240002276,MK08,85.27,A
1809,240003788,MK04,61.13,B+
1810,240002344,MK09,74.67,A
1811,240003999,MK07,78.73,B
1812,240003305,MK01,99.06,C
1813,240001166,MK03,60.46,A
1814,240000073,MK01,68.28,C
1815,240000795,MK09,85.54,B+
1816,240002060,MK04,98.54,B
1817,240003510,MK08,75.89,A
1818,240004180,MK06,66.16,C
1819,240000336,MK03,70.32,B
1820,240004650,MK04,89.67,B+
1821,240002623,MK06,78.89,B
1822,240004857,MK09,85.77,C
1823,240001042,MK09,71.24,A
1824,240002710,MK10,60.43,B+
1825,240004425,MK04,78.29,C
1826,240003075,MK06,76.63,B+
1827,240004445,MK06,97.73,B
1828,240000148,MK04,65.49,C
1829,240000132,MK07,75.77,C
1830,240001497,MK10,76.24,B
1831,240000206,MK03,91.69,C
1832,240003784,MK03,63.85,A
1833,240002280,MK03,73.51,B+
1834,240004648,MK03,98.67,B
1835,240000595,MK04,74.74,C
1836,240001249,MK10,62.87,A
1837,240003864,MK07,62.57,C
1838,240004761,MK06,95.11,A
1839,240004000,MK09,91.55,A
1840,240003160,MK03,95.16,A
1841,240000146,MK02,60.37,B
1842,240001671,MK01,87.72,B
1843,240003787,MK04,73.68,B
1844,240001927,MK10,84.7,A
1845,240002787,MK05,61.59,B
1846,240000479,MK07,84.36,A
1847,240003793,MK03,91.7,B+
1848,240004161,MK05,66.95,B
1849,240000608,MK06,78.79,C
1850,240002432,MK01,95.38,C
1851,240000842,MK06,92.59,A
1852,240003409,MK03,72.5,B
1853,240002953,MK04,61.62,C
1854,240000271,MK09,82.56,A
1855,240000577,MK07,63.75,B
1856,240002315,MK07,70.25,A
1857,240003505,MK09,99.14,B
1858,240002923,MK04,87.37,B
1859,240000757,MK05,95.22,C
1860,240000593,MK04,94.25,B+
1861,240004781,MK05,63.95,C
1862,240001898,MK03,68.23,B
1863,240004672,MK08,78.45,C
1864,240001566,MK10,92.47,C
1865,240003587,MK01,95.8,A
1866,240001985,MK09,78.38,A
1867,240001822,MK10,77.12,B
1868,240000482,MK09,81.23,C
1869,240004497,MK02,69.91,C
1870,240002185,MK03,72.13,C
1871,240002457,MK04,92.24,C
1872,240000376,MK03,88.47,B
1873,240003741,MK07,89.92,B
1874,240003353,MK05,92.42,B
1875,240003405,MK06,79.39,C
1876,240004505,MK03,65.18,A
1877,240004810,MK01,93.81,C
1878,240004536,MK08,84.12,B
1879,240002882,MK10,95.27,C
1880,240001657,MK05,98.63,B+
1881,240004744,MK10,77.01,B+
1882,240004366,MK08,66.55,A
1883,240003363,MK07,87.31,C
1884,240002702,MK01,64.38,B+
1885,240002495,MK04,87.26,C
1886,240004280,MK02,95.83,C
1887,240004324,MK02,81.0,B+
1888,240001371,MK08,61.32,B+
1889,240004905,MK04,77.97,C
1890,240004835,MK02,80.01,C
1891,240002740,MK01,67.26,B
1892,240002007,MK08,67.75,A
1893,240003081,MK10,62.2,A
1894,240001316,MK03,86.4,C
1895,240001900,MK10,83.65,B
1896,240003788,MK09,93.09,B
1897,240001062,MK08,60.87,B
1898,240000614,MK03,94.76,B
1899,240004664,MK06,86.99,A
1900,240003461,MK03,93.59,B+
1901,240003542,MK01,68.53,B+
1902,240000101,MK04,72.48,C
1903,240003278,MK09,93.64,B+
1904,240000810,MK04,78.62,B+
1905,240003720,MK02,70.82,B+
1906,240004057,MK09,84.55,C
1907,240001721,MK08,71.68,A
1908,240000715,MK10,69.48,B+
1909,240000075,MK01,70.24,B
1910,240004299,MK06,66.63,A
1911,240003858,MK09,85.99,B
1912,240000995,MK01,77.51,C
1913,240000859,MK05,94.75,C
1914,240002695,MK08,61.34,B+
1915,240000566,MK01,70.06,B
1916,240000016,MK01,99.43,B+
1917,240004975,MK03,75.56,C
1918,240000590,MK04,82.22,B+
1919,240002106,MK03,85.88,A
1920,240004287,MK08,63.09,C
1921,240002965,MK08,96.13,C
1922,240001888,MK03,61.41,B+
1923,240001952,MK07,99.37,B+
1924,240000524,MK07,83.97,B+
1925,240002724,MK07,87.57,B+
1926,240003107,MK03,62.98,B+
1927,240003551,MK08,81.93,B
1928,240000569,MK10,88.34,C
1929,240003169,MK04,89.35,C
1930,240003282,MK07,71.4,B
1931,240003651,MK01,88.71,A
1932,240000519,MK05,88.13,B
1933,240003813,MK09,75.94,B+
1934,240004101,MK02,61.42,C
1935,240002298,MK08,95.49,C
1936,240003573,MK01,85.71,C
1937,240003013,MK10,81.4,A
1938,240003869,MK07,79.3,B
1939,240001049,MK09,71.54,C
1940,240001170,MK08,70.5,C
1941,240001033,MK01,78.63,C
1942,240003312,MK01,81.62,C
1943,240000909,MK04,71.75,B
1944,240002534,MK01,60.17,A
1945,240001113,MK06,80.07,B+
1946,240004292,MK01,99.4,B
1947,240002730,MK04,77.37,C
1948,240002746,MK02,77.75,B+
1949,240002041,MK05,97.37,B
1950,240000803,MK09,84.75,A
1951,240000399,MK09,89.93,C
1952,240003277,MK07,84.76,C
1953,240002125,MK05,73.13,B+
1954,240004830,MK08,64.96,C
1955,240003897,MK02,65.93,C
1956,240004223,MK06,84.83,B
1957,240003396,MK06,88.15,A
1958,240000234,MK10,88.7,C
1959,240000176,MK02,61.79,A
1960,240000058,MK02,74.82,B+
1961,240000774,MK04,79.08,C
1962,240004806,MK01,60.56,A
1963,240001188,MK09,95.28,A
1964,240003163,MK08,64.51,C
1965,240001232,MK02,91.74,B+
1966,240002833,MK09,72.74,B+
1967,240004621,MK05,86.86,A
1968,240004673,MK03,87.72,B
1969,240004333,MK09,71.72,B
1970,240002434,MK03,79.38,C
1971,240004550,MK10,60.38,C
1972,240004852,MK10,97.57,A
1973,240003481,MK04,84.15,B
1974,240004666,MK04,92.83,C
1975,240003855,MK05,67.41,C
1976,240000856,MK05,97.31,C
1977,240003197,MK06,93.19,B+
1978,240001982,MK03,80.81,B
1979,240004587,MK04,78.23,A
1980,240003955,MK09,87.35,B
1981,240004749,MK05,92.3,A
1982,240000724,MK08,94.63,A
1983,240003221,MK02,70.31,C
1984,240004885,MK01,96.38,A
1985,240003010,MK06,65.83,B+
1986,240002145,MK04,90.12,B+
1987,240001124,MK04,69.3,C
1988,240002885,MK07,65.54,A
1989,240004838,MK04,90.11,C
1990,240000852,MK05,86.35,B+
1991,240001341,MK10,61.06,B
1992,240001546,MK07,91.64,B
1993,240000014,MK01,88.21,A
1994,240003994,MK10,86.9,B
1995,240003553,MK10,81.15,B+
1996,240003973,MK06,60.62,C
1997,240004121,MK06,84.88,B+
1998,240000809,MK10,72.41,A
1999,240000708,MK07,75.81,A
2000,240004711,MK03,90.84,A
2001,240003174,MK04,91.21,B
2002,240000591,MK05,97.67,A
2003,240000630,MK09,81.21,C
2004,240002913,MK07,77.92,C
2005,240000575,MK06,78.69,A
2006,240003870,MK07,66.14,B+
2007,240002391,MK09,98.69,C
2008,240001676,MK01,95.5,B
2009,240000157,MK09,83.49,A
2010,240003450,MK10,76.0,C
2011,240003761,MK06,94.13,B+
2012,240003038,MK06,83.36,B
2013,240004846,MK06,78.3,B
2014,240001232,MK10,78.47,C
2015,240002611,MK01,97.53,B
2016,240004370,MK04,84.7,B
2017,240001637,MK06,75.44,B+
2018,240002321,MK09,68.82,B+
2019,240002156,MK07,83.59,A
2020,240001220,MK10,90.11,B
2021,240003626,MK09,97.06,B+
2022,240000575,MK07,80.56,B+
2023,240002496,MK10,94.58,A
2024,240003607,MK02,99.21,A
2025,240004340,MK04,94.37,C
2026,240003282,MK07,74.53,B+
2027,240000334,MK02,92.29,B
2028,240003804,MK09,62.63,C
2029,240001222,MK06,97.11,B
2030,240004906,MK08,89.17,B
2031,240001005,MK04,77.16,B+
2032,240002406,MK02,65.22,A
2033,240003813,MK06,68.16,C
2034,240004285,MK09,88.19,C
2035,240003510,MK03,99.65,B
2036,240002308,MK01,77.01,B+
2037,240001982,MK02,95.07,A
2038,240000831,MK05,74.53,A
2039,240000455,MK08,74.72,B+
2040,240002953,MK03,75.46,C
2041,240004527,MK05,71.58,C
2042,240003445,MK04,83.89,A
2043,240000489,MK02,62.23,A
2044,240003544,MK09,71.37,C
2045,240000454,MK08,72.73,B
2046,240002130,MK09,84.3,B
2047,240003300,MK06,90.39,B+
2048,240001595,MK10,62.05,B+
2049,240000593,MK06,93.34,B
2050,240000938,MK01,95.95,B
2051,240002837,MK03,68.11,C
2052,240000909,MK05,90.19,B+
2053,240004560,MK05,82.24,B+
2054,240004440,MK01,95.34,A
2055,240000084,MK05,88.92,A
2056,240002220,MK04,81.18,B+
2057,240004739,MK02,61.28,C
2058,240002264,MK09,86.77,A
2059,240000864,MK08,65.71,B
2060,240001125,MK02,87.68,B+
2061,240004631,MK01,94.59,B+
2062,240003114,MK01,60.31,A
2063,240003686,MK01,83.86,B+
2064,240000313,MK02,89.65,A
2065,240001935,MK04,61.58,C
2066,240002729,MK02,91.46,A
2067,240001588,MK04,63.95,B+
2068,240004615,MK04,65.27,A
2069,240004236,MK10,86.06,A
2070,240000766,MK08,86.53,B
2071,240004905,MK01,98.7,A
2072,240003925,MK03,83.61,B
2073,240001029,MK09,93.69,B
2074,240004345,MK06,84.44,B+
2075,240000309,MK10,97.05,B+
2076,240001155,MK01,83.63,C
2077,240000227,MK10,77.15,C
2078,240002639,MK01,93.22,B+
2079,240002882,MK05,81.59,B
2080,240001384,MK10,95.9,A
2081,240002606,MK07,60.56,C
2082,240001411,MK09,73.33,B+
2083,240001967,MK01,71.92,C
2084,240000072,MK10,80.18,A
2085,240000059,MK03,63.94,B
2086,240003361,MK04,84.96,A
2087,240001721,MK04,74.05,B+
2088,240003161,MK04,88.71,B
2089,240001156,MK05,82.35,B
2090,240001179,MK05,97.01,B+
2091,240004216,MK09,67.09,B
2092,240000646,MK06,74.51,B
2093,240002312,MK05,76.33,C
2094,240004348,MK04,69.69,B
2095,240002847,MK07,60.93,A
2096,240003945,MK05,89.81,B
2097,240003638,MK07,67.91,B+
2098,240003331,MK08,87.12,B+
2099,240002929,MK10,75.52,A
2100,240003119,MK02,95.32,B
2101,240000983,MK10,86.44,C
2102,240000508,MK02,92.3,B
2103,240004346,MK06,66.43,B+
2104,240003946,MK04,82.42,B
2105,240001900,MK02,75.97,C
2106,240001782,MK06,77.67,C
2107,240002205,MK03,72.25,B
2108,240004448,MK03,78.78,B
2109,240002808,MK01,70.67,B
2110,240001252,MK10,89.96,C
2111,240000274,MK10,79.21,B+
2112,240003994,MK05,96.4,B
2113,240004394,MK05,91.71,B
2114,240004510,MK08,72.16,B+
2115,240001603,MK06,93.31,A
2116,240000816,MK04,60.0,A
2117,240002887,MK03,61.21,B+
2118,240003956,MK06,75.03,A
2119,240000341,MK02,84.22,C
2120,240002799,MK02,62.38,B+
2121,240004974,MK04,96.41,B
2122,240000166,MK04,67.72,A
2123,240001234,MK10,68.24,A
2124,240001700,MK09,64.85,B
2125,240003753,MK01,88.33,C
2126,240002867,MK04,81.31,B+
2127,240004226,MK06,83.54,B
2128,240003766,MK06,82.85,C
2129,240001887,MK07,97.85,C
2130,240003197,MK03,76.51,A
2131,240004685,MK06,80.95,C
2132,240004310,MK07,64.81,A
2133,240000149,MK02,66.56,B+
2134,240003913,MK05,73.36,B+
2135,240003095,MK10,87.82,A
2136,240003773,MK04,77.53,B+
2137,240002105,MK07,68.47,B+
2138,240004933,MK02,72.98,B
2139,240004916,MK07,60.86,A
2140,240001983,MK05,95.62,B
2141,240001480,MK01,99.55,B
2142,240000567,MK07,73.64,B
2143,240000914,MK09,65.04,B+
2144,240001556,MK10,72.25,B
2145,240002094,MK03,78.21,B
2146,240001108,MK08,93.93,B
2147,240001504,MK10,99.98,B+
2148,240000491,MK02,98.48,B+
2149,240004331,MK04,90.98,C
2150,240000640,MK08,92.52,B
2151,240003708,MK07,69.29,C
2152,240000932,MK01,70.54,C
2153,240003173,MK09,96.83,B+
2154,240000730,MK04,61.79,B
2155,240001041,MK01,97.08,B+
2156,240004450,MK01,92.69,B+
2157,240002281,MK03,99.29,B+
2158,240003246,MK01,81.79,A
2159,240002385,MK07,77.65,B+
2160,240001572,MK07,85.22,B+
2161,240000794,MK08,79.38,C
2162,240003520,MK07,75.3,B
2163,240004161,MK05,63.89,A
2164,240004535,MK05,85.02,C
2165,240000707,MK06,65.82,B+
2166,240000473,MK02,71.88,B+
2167,240001925,MK08,81.39,A
2168,240004868,MK10,78.85,C
2169,240002008,MK05,67.14,C
2170,240000126,MK04,66.88,C
2171,240003410,MK04,87.48,A
2172,240003562,MK08,94.94,C
2173,240004290,MK08,65.39,B+
2174,240004867,MK05,81.53,C
2175,240001219,MK05,84.12,B
2176,240002008,MK02,74.68,B
2177,240002075,MK10,90.58,C
2178,240000428,MK08,90.52,B
2179,240004058,MK09,62.45,A
2180,240001804,MK06,86.45,B+
2181,240003808,MK04,72.48,C
2182,240004850,MK05,96.0,B
2183,240003200,MK02,72.97,C
2184,240001830,MK09,73.82,B
2185,240000162,MK07,65.17,A
2186,240004175,MK08,62.81,B+
2187,240002695,MK01,74.77,B
2188,240004683,MK05,75.33,C
2189,240000398,MK02,70.18,C
2190,240004988,MK06,99.78,B
2191,240000811,MK06,96.77,C
2192,240002462,MK05,82.77,B+
2193,240001721,MK06,85.19,B+
2194,240004676,MK04,98.99,C
2195,240001011,MK03,93.85,B+
2196,240001450,MK01,60.02,C
2197,240001509,MK06,74.54,B+
2198,240003960,MK02,66.58,A
2199,240001359,MK01,96.45,C
2200,240002432,MK03,83.25,C
2201,240002267,MK02,93.76,B+
2202,240002839,MK10,75.8,A
2203,240004343,MK05,76.17,B
2204,240002989,MK05,92.84,B+
2205,240001283,MK01,84.09,B
2206,240003970,MK06,94.34,C
2207,240004300,MK10,64.04,A
2208,240004562,MK06,88.67,A
2209,240002718,MK01,71.86,C
2210,240003472,MK02,68.95,A
2211,240004921,MK10,94.63,B+
2212,240004689,MK03,97.32,B+
2213,240004681,MK03,87.39,B+
2214,240000725,MK05,80.21,A
2215,240003843,MK05,68.6,C
2216,240003790,MK07,61.33,B+
2217,240001360,MK06,78.58,B+
2218,240004733,MK04,87.92,C
2219,240001458,MK05,62.48,B
2220,240002960,MK09,62.24,A
2221,240000895,MK04,74.38,B+
2222,240000735,MK03,95.45,C
2223,240003399,MK10,90.26,B
2224,240003748,MK01,73.41,A
2225,240000697,MK08,96.94,A
2226,240001864,MK06,90.86,A
2227,240000305,MK09,99.57,A
2228,240003506,MK10,75.37,C
2229,240002401,MK08,97.3,B
2230,240001032,MK09,70.04,C
2231,240000588,MK10,60.73,B
2232,240004643,MK02,64.87,B+
2233,240000066,MK03,77.79,B
2234,240001842,MK04,81.35,B
2235,240004611,MK01,71.9,B
2236,240004601,MK06,65.49,A
2237,240000035,MK03,64.3,B
2238,240000416,MK01,76.55,C
2239,240000624,MK05,92.75,C
2240,240002898,MK03,93.61,A
2241,240000995,MK08,88.85,A
2242,240000695,MK02,72.27,B+
2243,240002381,MK05,73.1,A
2244,240004078,MK06,61.99,C
2245,240001839,MK07,99.97,C
2246,240002478,MK03,91.51,B+
2247,240003334,MK01,75.94,B
2248,240002752,MK07,77.78,B
2249,240003368,MK08,61.68,B+
2250,240002172,MK04,66.81,C
2251,240003655,MK03,62.41,B
2252,240004832,MK05,94.25,B+
2253,240002529,MK04,87.33,B
2254,240001031,MK03,60.58,B
2255,240001098,MK10,87.78,B+
2256,240004572,MK09,82.37,B+
2257,240003222,MK06,89.52,B+
2258,240004198,MK05,97.2,B+
2259,240004321,MK06,93.33,C
2260,240001921,MK01,61.4,B
2261,240001687,MK04,95.96,B
2262,240004270,MK09,73.51,B+
2263,240001680,MK02,72.35,A
2264,240000214,MK05,76.25,A
2265,240003749,MK01,63.41,A
2266,240000426,MK03,82.88,B+
2267,240001533,MK08,90.72,A
2268,240001547,MK02,91.3,B+
2269,240001400,MK08,76.22,B+
2270,240001198,MK08,92.95,A
2271,240000427,MK09,72.82,C
2272,240003973,MK02,66.83,A
2273,240002992,MK09,79.15,B
2274,240001239,MK02,75.89,B+
2275,240001569,MK05,90.07,B
2276,240000281,MK10,73.1,A
2277,240001819,MK01,84.37,C
2278,240001044,MK10,81.37,A
2279,240004793,MK03,81.3,B+
2280,240002140,MK10,75.66,B+
2281,240000756,MK08,93.13,B
2282,240004628,MK05,88.29,A
2283,240000788,MK03,92.36,B+
2284,240004122,MK06,78.94,B+
2285,240003226,MK03,77.07,C
2286,240001972,MK10,97.81,A
2287,240004831,MK05,96.7,B
2288,240002397,MK06,69.95,B+
2289,240001589,MK08,71.32,C
2290,240002704,MK10,76.11,B
2291,240001749,MK05,96.23,A
2292,240003907,MK07,80.46,C
2293,240004031,MK07,92.86,B
2294,240001300,MK10,80.41,B
2295,240003586,MK01,60.6,B+
2296,240001406,MK02,99.67,C
2297,240002491,MK06,97.87,B
2298,240001461,MK05,79.68,A
2299,240001330,MK05,87.23,A
2300,240004829,MK09,88.31,B
2301,240002427,MK05,65.44,C
2302,240004314,MK08,60.81,B
2303,240002781,MK05,66.7,B+
2304,240004385,MK01,72.09,B+
2305,240001799,MK09,76.92,A
2306,240000766,MK01,71.0,C
2307,240004946,MK06,69.66,B
2308,240002684,MK09,68.58,B
2309,240003593,MK10,81.92,C
2310,240003538,MK09,71.54,B
2311,240000825,MK03,63.27,A
2312,240000234,MK10,69.36,B+
2313,240000412,MK01,72.73,B
2314,240004235,MK03,82.67,C
2315,240002127,MK10,84.88,B+
2316,240004105,MK02,61.19,B+
2317,240002318,MK05,68.44,C
2318,240001891,MK08,84.46,A
2319,240001154,MK07,82.12,B
2320,240002252,MK09,86.0,C
2321,240003630,MK06,63.91,B
2322,240002024,MK02,77.82,B+
2323,240004163,MK07,74.78,C
2324,240002660,MK06,76.41,B+
2325,240004169,MK01,84.61,B
2326,240003459,MK08,93.66,B
2327,240003643,MK01,76.13,A
2328,240004291,MK01,62.57,B
2329,240000687,MK06,82.45,B
2330,240002747,MK06,97.72,B
2331,240003325,MK02,88.02,B+
2332,240004900,MK02,80.66,C
2333,240000702,MK05,65.25,C
2334,240001958,MK01,76.94,B
2335,240002046,MK04,63.83,B
2336,240003930,MK02,99.79,B
2337,240002098,MK05,88.06,A
2338,240003293,MK10,92.38,B
2339,240003684,MK03,88.9,B
2340,240001701,MK09,84.82,A
2341,240004233,MK10,96.13,A
2342,240004770,MK01,71.32,B
2343,240000616,MK07,88.59,B+
2344,240002955,MK01,93.77,A
2345,240002024,MK10,77.5,B+
2346,240003615,MK01,93.12,A
2347,240004391,MK05,96.9,C
2348,240001976,MK08,86.19,B
2349,240002359,MK09,80.31,A
2350,240000108,MK04,69.32,A
2351,240004833,MK06,70.75,C
2352,240002082,MK10,86.54,B
2353,240001933,MK04,79.11,A
2354,240003601,MK03,99.93,B
2355,240000986,MK10,66.4,B
2356,240004595,MK06,82.68,C
2357,240002558,MK05,73.27,A
2358,240000488,MK10,63.83,A
2359,240000320,MK08,85.93,B+
2360,240001874,MK03,61.29,A
2361,240001776,MK04,71.19,B
2362,240001444,MK07,60.15,B+
2363,240000920,MK04,94.32,B+
2364,240003093,MK08,62.88,A
2365,240001398,MK04,96.65,C
2366,240001226,MK07,92.59,B+
2367,240000293,MK07,92.46,C
2368,240001533,MK03,89.4,B+
2369,240000810,MK09,74.56,B
2370,240002183,MK01,73.25,A
2371,240000715,MK03,76.65,C
2372,240002085,MK03,67.14,B+
2373,240001765,MK08,77.1,B+
2374,240000387,MK05,75.96,B
2375,240000138,MK06,77.38,C
2376,240001911,MK10,87.92,B+
2377,240004376,MK07,82.86,C
2378,240001208,MK02,83.34,A
2379,240003181,MK06,72.48,B
2380,240004539,MK04,98.37,B
2381,240002150,MK05,97.52,B+
2382,240002738,MK03,93.17,B+
2383,240003204,MK06,99.5,B
2384,240003481,MK02,78.13,A
2385,240002361,MK01,69.35,A
2386,240001960,MK05,60.58,B
2387,240000532,MK07,99.67,C
2388,240001905,MK06,96.51,B+
2389,240003111,MK05,69.05,C
2390,240002567,MK10,74.89,B
2391,240000556,MK05,81.74,C
2392,240002655,MK05,77.54,A
2393,240000153,MK03,98.1,C
2394,240004850,MK10,96.42,B
2395,240004856,MK03,63.97,B
2396,240002346,MK01,85.74,B+
2397,240001745,MK07,84.19,C
2398,240003971,MK05,62.24,B+
2399,240003622,MK01,80.97,B
2400,240004613,MK08,62.4,B+
2401,240003392,MK09,76.34,B+
2402,240002050,MK02,94.34,B+
2403,240000145,MK05,60.23,C
2404,240001864,MK04,87.12,B+
2405,240001752,MK02,62.35,A
2406,240003447,MK03,81.37,C
2407,240002368,MK08,85.53,C
2408,240001658,MK01,60.58,A
2409,240003226,MK06,75.77,B
2410,240004267,MK10,65.55,A
2411,240003668,MK06,73.66,B
2412,240000951,MK07,67.1,B+
2413,240000144,MK04,84.07,B+
2414,240002071,MK02,62.22,B+
2415,240001516,MK01,90.0,A
2416,240000991,MK03,97.68,A
2417,240001963,MK04,72.74,B+
2418,240004057,MK07,76.39,A
2419,240001071,MK01,89.26,B
2420,240003195,MK07,73.4,C
2421,240003170,MK07,67.56,B
2422,240002176,MK04,60.25,A
2423,240000789,MK04,90.43,B+
2424,240002911,MK05,97.93,B+
2425,240004634,MK02,71.83,C
2426,240002066,MK05,74.71,A
2427,240004413,MK02,65.43,B+
2428,240003576,MK07,60.64,B+
2429,240002160,MK02,96.29,A
2430,240002055,MK04,75.4,B+
2431,240003014,MK08,89.15,B+
2432,240002060,MK04,98.51,B+
2433,240001634,MK09,76.18,C
2434,240002794,MK04,89.03,B+
2435,240002937,MK01,65.04,C
2436,240003323,MK10,86.69,B+
2437,240000986,MK01,88.49,C
2438,240003463,MK03,78.98,C
2439,240003450,MK09,99.69,C
2440,240002587,MK02,78.58,A
2441,240004633,MK01,61.91,B
2442,240004665,MK01,61.36,C
2443,240002191,MK06,68.74,A
2444,240004858,MK09,89.96,C
2445,240004494,MK10,89.0,C
2446,240003502,MK06,71.32,B+
2447,240002424,MK03,92.01,B
2448,240003604,MK06,84.56,C
2449,240000985,MK01,94.93,A
2450,240001914,MK07,76.94,C
2451,240001314,MK03,61.53,B+
2452,240003284,MK01,90.24,B
2453,240003467,MK02,64.06,C
2454,240004815,MK08,96.12,B
2455,240003482,MK03,61.59,C
2456,240004550,MK08,81.97,B
2457,240000040,MK01,97.08,B
2458,240004421,MK07,86.33,B+
2459,240004891,MK03,80.66,A
2460,240003481,MK07,74.83,A
2461,240003610,MK03,95.55,C
2462,240001775,MK07,78.31,C
2463,240003416,MK07,73.72,B
2464,240000515,MK09,63.16,C
2465,240003542,MK07,97.93,B
2466,240001466,MK08,64.03,B
2467,240003358,MK08,91.67,B+
2468,240004625,MK05,82.67,B+
2469,240000400,MK07,95.84,A
2470,240004557,MK05,65.04,C
2471,240003027,MK09,69.17,B
2472,240002129,MK02,91.31,B+
2473,240003887,MK08,62.36,C
2474,240001406,MK10,92.26,B
2475,240002794,MK10,90.94,C
2476,240000969,MK05,60.73,A
2477,240002173,MK08,88.72,B+
2478,240003178,MK08,65.02,A
2479,240003121,MK04,67.62,B
2480,240001434,MK07,69.88,B+
2481,240003988,MK10,70.87,B
2482,240004091,MK05,64.13,A
2483,240003216,MK02,67.08,C
2484,240002522,MK10,66.08,B+
2485,240003929,MK05,86.88,B
2486,240000443,MK08,74.06,B
2487,240002111,MK04,77.2,A
2488,240003244,MK02,87.61,B+
2489,240002106,MK07,82.95,A
2490,240001259,MK02,73.11,C
2491,240001008,MK10,91.11,B+
2492,240003707,MK01,66.78,A
2493,240002346,MK10,68.09,C
2494,240001486,MK02,76.9,B+
2495,240004565,MK09,71.42,C
2496,240004817,MK10,79.08,C
2497,240003863,MK10,91.74,A
2498,240003137,MK08,72.99,A
2499,240002063,MK06,76.02,C
2500,240001017,MK08,70.98,A
2501,240002034,MK01,88.41,B+
2502,240001113,MK04,82.25,B+
2503,240004452,MK06,92.72,A
2504,240000797,MK08,74.87,C
2505,240001753,MK02,65.71,C
2506,240003097,MK06,72.82,C
2507,240001532,MK01,82.36,A
2508,240004428,MK03,85.25,A
2509,240000657,MK10,69.83,B+
2510,240001230,MK04,93.13,C
2511,240000371,MK07,61.46,B
2512,240004532,MK07,85.38,B+
2513,240001012,MK09,83.41,A
2514,240000845,MK04,95.05,B+
2515,240004896,MK03,67.66,B
2516,240004351,MK03,82.96,B
2517,240001674,MK07,62.95,B
2518,240003854,MK06,61.7,B
2519,240002927,MK06,75.96,B+
2520,240004497,MK06,99.06,A
2521,240004339,MK04,70.38,A
2522,240000345,MK02,75.77,B
2523,240001409,MK03,65.21,B
2524,240001135,MK04,71.91,B
2525,240000493,MK09,84.03,B
2526,240000932,MK02,84.4,B+
2527,240001713,MK02,95.54,B
2528,240002057,MK09,71.93,C
2529,240003531,MK03,64.59,A
2530,240001814,MK10,95.79,B+
2531,240000510,MK04,86.77,C
2532,240004731,MK03,82.34,B+
2533,240004981,MK10,69.06,B+
2534,240001616,MK08,64.24,C
2535,240000843,MK06,79.86,C
2536,240002168,MK07,60.44,C
2537,240001266,MK08,64.18,A
2538,240001673,MK03,67.11,B
2539,240001404,MK03,65.28,B+
2540,240003014,MK10,64.31,A
2541,240004078,MK01,84.53,B+
2542,240003499,MK07,72.39,A
2543,240000126,MK07,68.0,C
2544,240002052,MK01,91.89,B
2545,240003162,MK04,62.41,A
2546,240003391,MK07,76.91,A
2547,240004146,MK01,64.86,A
2548,240001133,MK04,68.82,A
2549,240000785,MK09,76.19,C
2550,240002343,MK10,98.21,B
2551,240002908,MK01,77.4,B
2552,240000263,MK07,85.7,B+
2553,240001956,MK08,94.68,B+
2554,240000410,MK10,99.42,B
2555,240003662,MK01,76.2,B
2556,240001083,MK02,73.95,B
2557,240003426,MK10,78.92,B+
2558,240003033,MK09,61.18,B
2559,240001913,MK06,79.8,B+
2560,240001179,MK01,80.21,C
2561,240000392,MK09,76.44,C
2562,240000388,MK10,77.18,A
2563,240004446,MK05,81.64,A
2564,240002109,MK08,85.5,B
2565,240001412,MK07,72.82,B
2566,240000569,MK06,83.01,B
2567,240001635,MK07,79.44,B+
2568,240003655,MK09,90.8,C
2569,240004285,MK09,74.71,B+
2570,240004668,MK10,67.0,B
2571,240004719,MK02,72.41,B
2572,240004682,MK02,79.25,C
2573,240002346,MK05,91.11,A
2574,240001023,MK07,73.73,B+
2575,240000181,MK04,86.99,C
2576,240002144,MK08,60.31,B+
2577,240001408,MK07,93.37,B
2578,240001859,MK08,76.28,B
2579,240000878,MK09,82.04,B
2580,240003155,MK10,98.88,A
2581,240000277,MK03,73.37,A
2582,240001544,MK09,86.97,C
2583,240002599,MK02,94.29,A
2584,240001537,MK02,74.91,B+
2585,240003931,MK08,82.63,C
2586,240001352,MK05,96.46,A
2587,240003511,MK09,66.75,A
2588,240004408,MK06,89.87,B+
2589,240004236,MK06,92.0,B
2590,240002378,MK04,84.16,C
2591,240003935,MK03,90.58,B+
2592,240002246,MK03,76.63,B+
2593,240002981,MK07,96.83,B
2594,240000810,MK07,70.08,B
2595,240002531,MK06,73.76,C
2596,240000520,MK02,89.25,C
2597,240001472,MK10,70.87,C
2598,240002013,MK07,78.12,C
2599,240001121,MK01,68.15,B+
2600,240003630,MK08,61.07,B
2601,240001359,MK09,83.46,C
2602,240003481,MK07,90.74,B
2603,240003980,MK08,90.88,A
2604,240003106,MK04,62.92,B
2605,240002224,MK07,60.49,C
2606,240002970,MK04,83.04,A
2607,240003937,MK08,62.66,B
2608,240004130,MK06,73.36,A
2609,240001270,MK04,72.87,B+
2610,240002591,MK09,76.76,B
2611,240000677,MK03,63.59,C
2612,240003596,MK02,72.95,B+
2613,240000689,MK07,70.18,C
2614,240002547,MK10,74.73,B
2615,240003722,MK02,84.6,B+
2616,240003872,MK07,63.31,B+
2617,240002929,MK03,63.3,B
2618,240001123,MK10,82.58,B
2619,240003643,MK08,85.07,B+
2620,240000326,MK07,89.2,C
2621,240003252,MK10,76.89,B+
2622,240004466,MK10,83.76,A
2623,240002275,MK06,91.21,B+
2624,240004966,MK06,94.93,B+
2625,240003381,MK03,75.45,C
2626,240003781,MK05,99.77,C
2627,240000617,MK02,69.22,B
2628,240000385,MK03,80.96,B+
2629,240003389,MK09,86.15,C
2630,240003567,MK08,78.94,B
2631,240001517,MK05,67.55,C
2632,240001523,MK06,95.88,C
2633,240004671,MK07,68.88,B+
2634,240002350,MK09,84.94,B+
2635,240001424,MK01,94.83,B
2636,240000570,MK08,62.98,B+
2637,240000047,MK01,92.72,B
2638,240002109,MK04,80.56,B+
2639,240001051,MK02,81.04,B+
2640,240003091,MK03,85.14,B
2641,240004423,MK03,79.41,C
2642,240003031,MK01,88.01,C
2643,240002627,MK05,99.04,A
2644,240002659,MK07,98.05,B+
2645,240001117,MK03,66.3,C
2646,240003991,MK01,62.9,A
2647,240000075,MK08,99.36,A
2648,240004697,MK09,71.14,B+
2649,240002878,MK10,67.95,C
2650,240004808,MK06,74.15,B
2651,240000713,MK07,68.09,B+
2652,240004075,MK07,96.25,B
2653,240004920,MK08,68.46,B
2654,240000471,MK06,85.45,B
2655,240002982,MK03,79.67,B
2656,240000923,MK10,93.35,B+
2657,240000683,MK05,70.25,B+
2658,240000388,MK04,84.97,B+
2659,240002584,MK06,83.92,C
2660,240001729,MK02,83.72,A
2661,240004409,MK06,92.25,C
2662,240001860,MK09,83.27,A
2663,240004455,MK04,98.5,B
2664,240000097,MK03,85.21,B+
2665,240000095,MK03,97.15,C
2666,240003467,MK10,65.74,B+
2667,240000340,MK09,91.91,C
2668,240003390,MK07,79.27,A
2669,240004540,MK04,80.11,B+
2670,240001628,MK06,91.23,A
2671,240001676,MK09,85.32,A
2672,240000211,MK09,67.52,A
2673,240001102,MK05,74.58,A
2674,240004806,MK10,92.73,C
2675,240001517,MK08,97.56,B
2676,240002085,MK03,80.6,A
2677,240001898,MK03,80.14,B+
2678,240003757,MK10,92.53,A
2679,240001851,MK06,78.56,B+
2680,240004012,MK08,85.59,A
2681,240003608,MK02,83.31,C
2682,240000348,MK08,91.24,A
2683,240003407,MK08,78.99,B+
2684,240000847,MK01,98.0,B+
2685,240000550,MK10,86.04,B+
2686,240000037,MK07,66.57,B+
2687,240004722,MK07,95.94,C
2688,240003211,MK07,74.78,C
2689,240000965,MK10,71.13,B+
2690,240004877,MK01,77.83,B
2691,240004940,MK04,96.61,B+
2692,240002269,MK02,61.94,A
2693,240003108,MK10,97.59,A
2694,240001920,MK01,80.13,C
2695,240001038,MK06,84.38,B
2696,240002031,MK01,73.64,B+
2697,240002242,MK09,75.54,B+
2698,240000311,MK01,68.07,A
2699,240004256,MK10,74.18,C
2700,240002363,MK03,72.6,A
2701,240004526,MK04,98.07,C
2702,240002088,MK02,93.86,B+
2703,240003470,MK04,65.69,B
2704,240001378,MK03,62.62,C
2705,240002632,MK04,61.07,B
2706,240002183,MK06,65.91,C
2707,240004786,MK08,77.48,B+
2708,240004776,MK01,89.14,C
2709,240003124,MK10,74.49,C
2710,240000893,MK09,76.01,B+
2711,240004748,MK04,77.74,B+
2712,240004370,MK05,92.27,B
2713,240002465,MK02,93.2,C
2714,240004244,MK01,66.91,B+
2715,240000306,MK04,62.75,B+
2716,240001152,MK07,92.17,C
2717,240001210,MK02,69.57,C
2718,240002899,MK08,73.28,B
2719,240001401,MK04,91.49,B
2720,240003371,MK03,82.87,C
2721,240002882,MK08,66.31,B
2722,240003417,MK08,64.65,A
2723,240000766,MK02,98.11,A
2724,240003231,MK01,77.07,B+
2725,240001674,MK02,62.74,A
2726,240004315,MK06,67.64,B
2727,240004115,MK10,70.26,B
2728,240001779,MK04,82.68,B+
2729,240002686,MK07,61.87,C
2730,240000559,MK05,71.37,A
2731,240000229,MK03,70.06,B+
2732,240003204,MK01,90.67,C
2733,240003990,MK05,64.54,B+
2734,240004198,MK06,93.86,B
2735,240002356,MK05,68.6,B
2736,240000369,MK04,77.99,B+
2737,240003704,MK03,73.29,A
2738,240003733,MK07,86.12,B+
2739,240002227,MK05,91.48,B+
2740,240001409,MK05,81.65,B
2741,240001809,MK03,69.89,C
2742,240003700,MK10,65.81,C
2743,240004216,MK01,82.62,B+
2744,240001288,MK05,93.78,A
2745,240004982,MK07,75.04,A
2746,240000334,MK06,87.35,A
2747,240003574,MK08,95.7,A
2748,240001478,MK04,61.6,B+
2749,240002560,MK03,72.27,A
2750,240000422,MK02,71.38,C
2751,240003991,MK03,84.76,C
2752,240003198,MK08,62.75,B+
2753,240004245,MK07,89.17,B
2754,240003089,MK02,96.61,A
2755,240001804,MK02,81.4,B
2756,240000078,MK03,93.02,B+
2757,240003534,MK10,80.69,B+
2758,240001889,MK04,78.59,B
2759,240004182,MK09,97.48,B+
2760,240001321,MK06,89.08,B+
2761,240003597,MK03,76.51,A
2762,240003171,MK08,90.45,B+
2763,240003437,MK10,80.87,B+
2764,240002951,MK03,73.93,B
2765,240000776,MK10,77.63,C
2766,240002757,MK10,70.82,A
2767,240000528,MK04,67.84,B+
2768,240001626,MK10,96.17,B
2769,240003273,MK05,63.3,A
2770,240000838,MK07,97.2,A
2771,240004950,MK02,94.53,C
2772,240001060,MK06,86.15,B+
2773,240002644,MK06,80.75,B+
2774,240002337,MK01,99.55,B+
2775,240000913,MK07,92.6,B+
2776,240002934,MK10,73.52,B+
2777,240002225,MK03,79.62,B+
2778,240000156,MK09,65.89,B
2779,240001251,MK07,68.37,B+
2780,240004070,MK07,74.85,C
2781,240002448,MK02,67.53,B
2782,240002508,MK01,68.67,A
2783,240002191,MK10,64.66,B+
2784,240001981,MK03,64.98,A
2785,240001946,MK05,94.35,C
2786,240003234,MK07,86.22,B
2787,240001360,MK06,76.41,B
2788,240001160,MK09,74.47,B
2789,240003058,MK07,95.93,A
2790,240001627,MK07,70.68,B+
2791,240000846,MK05,72.55,A
2792,240002090,MK05,67.93,A
2793,240004369,MK02,64.45,C
2794,240002493,MK01,94.32,C
2795,240004506,MK05,66.44,B
2796,240003625,MK09,67.36,B
2797,240003247,MK08,84.52,B
2798,240000726,MK08,65.01,A
2799,240002841,MK05,68.24,C
2800,240001434,MK05,98.2,B
2801,240001784,MK02,88.7,C
2802,240000290,MK07,95.87,B
2803,240004259,MK04,99.28,C
2804,240000111,MK03,75.8,A
2805,240003112,MK01,80.51,C
2806,240001590,MK07,70.16,A
2807,240001474,MK10,76.62,B+
2808,240001732,MK05,68.78,B+
2809,240003064,MK10,66.99,B+
2810,240001364,MK01,78.25,C
2811,240002424,MK06,94.88,C
2812,240002780,MK06,69.94,A
2813,240001558,MK01,91.78,B+
2814,240001825,MK01,76.9,B
2815,240002004,MK03,83.03,B
2816,240004423,MK08,94.68,B
2817,240001469,MK10,78.47,A
2818,240004195,MK05,88.99,A
2819,240004820,MK05,85.64,A
2820,240001339,MK02,78.54,B+
2821,240002933,MK06,84.26,C
2822,240003997,MK09,71.53,B
2823,240001537,MK06,89.29,A
2824,240004836,MK03,74.92,B
2825,240004776,MK08,96.21,C
2826,240003950,MK08,81.49,C
2827,240003954,MK08,68.7,C
2828,240004991,MK08,67.95,B+
2829,240000907,MK05,66.17,C
2830,240002343,MK03,98.42,A
2831,240003861,MK09,74.2,A
2832,240000654,MK06,99.96,B
2833,240000371,MK03,72.86,A
2834,240002089,MK10,72.56,B+
2835,240001049,MK07,98.11,A
2836,240001212,MK07,93.87,B+
2837,240000666,MK08,87.41,C
2838,240003738,MK03,79.15,C
2839,240001824,MK08,81.12,C
2840,240001516,MK09,65.75,B+
2841,240000788,MK02,94.56,C
2842,240000596,MK05,63.06,A
2843,240001580,MK07,98.47,B
2844,240000401,MK10,83.72,A
2845,240000402,MK03,64.9,B
2846,240003644,MK08,78.62,B+
2847,240002005,MK10,68.02,A
2848,240000861,MK05,73.04,B+
2849,240002667,MK10,88.88,B
2850,240000250,MK06,61.66,A
2851,240000559,MK02,80.07,C
2852,240002512,MK08,67.76,C
2853,240003172,MK01,88.7,C
2854,240001430,MK08,96.38,B
2855,240002825,MK10,90.89,C
2856,240004214,MK07,83.74,C
2857,240002170,MK06,99.33,B+
2858,240001300,MK08,83.31,C
2859,240000044,MK02,90.57,A
2860,240004082,MK06,96.11,C
2861,240004876,MK09,88.97,B+
2862,240003579,MK02,79.93,B+
2863,240003451,MK05,66.98,A
2864,240002556,MK05,94.82,C
2865,240000804,MK05,84.25,B
2866,240004550,MK06,80.11,A
2867,240003072,MK02,89.8,B
2868,240004117,MK03,76.88,B+
2869,240002432,MK03,66.93,A
2870,240001085,MK04,82.17,C
2871,240000033,MK08,73.5,B+
2872,240003134,MK10,72.18,A
2873,240000905,MK04,82.49,C
2874,240003285,MK03,87.25,B+
2875,240002630,MK07,68.9,B+
2876,240004978,MK02,81.26,B+
2877,240000055,MK01,89.44,C
2878,240004745,MK09,91.34,B
2879,240001921,MK06,68.97,B+
2880,240001820,MK09,75.93,C
2881,240004240,MK08,76.07,B
2882,240000607,MK02,63.97,A
2883,240000258,MK05,90.31,B
2884,240000650,MK01,72.19,B
2885,240001194,MK03,93.62,B+
2886,240003378,MK06,94.87,C
2887,240002663,MK10,90.88,B+
2888,240002883,MK09,70.31,B
2889,240003508,MK08,68.44,B+
2890,240001933,MK08,60.0,A
2891,240001913,MK08,99.69,B+
2892,240000862,MK07,84.34,C
2893,240000381,MK10,82.59,C
2894,240001823,MK04,62.52,B+
2895,240003330,MK10,62.31,C
2896,240001766,MK07,92.82,A
2897,240004900,MK01,87.32,C
2898,240004724,MK08,71.35,B+
2899,240000506,MK06,82.74,C
2900,240002993,MK04,65.95,C
2901,240004601,MK02,77.12,B+
2902,240004242,MK02,66.08,B
2903,240002974,MK04,69.66,B+
2904,240002741,MK03,82.89,B+
2905,240000573,MK07,79.05,C
2906,240002010,MK03,70.54,C
2907,240002170,MK08,73.83,C
2908,240004734,MK08,94.04,A
2909,240002963,MK04,60.72,B+
2910,240001227,MK03,86.74,A
2911,240001318,MK07,83.38,B+
2912,240004018,MK02,83.13,C
2913,240000012,MK01,83.57,A
2914,240001907,MK05,63.35,C
2915,240004334,MK01,94.78,C
2916,240000290,MK01,81.1,A
2917,240001604,MK10,66.43,A
2918,240002869,MK08,75.9,B
2919,240003509,MK03,88.7,B
2920,240002122,MK05,91.84,B+
2921,240004405,MK05,83.85,C
2922,240000557,MK08,60.2,C
2923,240001122,MK08,86.91,A
2924,240001640,MK02,87.05,A
2925,240001716,MK05,84.94,B+
2926,240004278,MK08,90.71,C
2927,240001979,MK08,85.5,A
2928,240001367,MK08,68.61,A
2929,240000208,MK08,74.75,C
2930,240003610,MK07,69.95,A
2931,240000271,MK09,80.97,B
2932,240004218,MK04,74.83,A
2933,240003352,MK08,82.35,B+
2934,240002417,MK01,65.33,A
2935,240001238,MK05,77.32,C
2936,240002616,MK05,70.62,C
2937,240000937,MK04,86.55,C
2938,240003064,MK01,74.84,B
2939,240004068,MK04,67.35,B
2940,240001539,MK06,76.4,B+
2941,240004260,MK01,97.67,B
2942,240004856,MK04,63.26,A
2943,240003549,MK03,69.68,A
2944,240004213,MK09,67.95,B+
2945,240002913,MK06,99.43,A
2946,240000637,MK05,73.84,B
2947,240000837,MK09,92.52,C
2948,240002360,MK10,89.8,C
2949,240001393,MK04,90.99,B+
2950,240002438,MK03,99.62,A
2951,240003957,MK07,66.58,B
2952,240003795,MK04,95.14,B
2953,240000748,MK07,61.03,A
2954,240004121,MK02,65.04,B
2955,240003065,MK10,76.98,B+
2956,240001093,MK08,95.99,C
2957,240002260,MK02,93.12,C
2958,240000452,MK10,79.06,C
2959,240001706,MK08,68.14,B
2960,240004439,MK08,94.06,A
2961,240002016,MK01,99.98,C
2962,240004906,MK02,74.06,C
2963,240000053,MK09,82.35,A
2964,240003403,MK03,89.49,A
2965,240003892,MK04,69.96,B+
2966,240003996,MK07,91.59,C
2967,240003210,MK10,91.66,A
2968,240004412,MK07,65.36,B
2969,240004578,MK06,64.99,B
2970,240000519,MK02,76.15,A
2971,240004891,MK05,96.66,B
2972,240001692,MK02,82.82,B
2973,240002657,MK03,92.06,C
2974,240004590,MK09,84.2,B+
2975,240000491,MK05,79.62,A
2976,240004746,MK08,86.6,C
2977,240001522,MK09,67.72,B+
2978,240002664,MK10,82.23,B
2979,240003812,MK05,71.73,B+
2980,240002593,MK09,86.52,C
2981,240004989,MK01,90.24,B+
2982,240003315,MK10,70.66,B
2983,240004892,MK03,81.02,C
2984,240000719,MK03,81.3,B+
2985,240002013,MK08,62.13,C
2986,240002631,MK01,76.7,B
2987,240000354,MK08,84.38,C
2988,240003469,MK06,69.63,C
2989,240000610,MK01,80.15,A
2990,240004334,MK05,70.15,B+
2991,240004969,MK02,72.6,A
2992,240000687,MK02,81.18,C
2993,240004315,MK02,99.54,C
2994,240003877,MK05,75.42,B+
2995,240001072,MK01,79.86,A
2996,240001940,MK09,81.15,B
2997,240003507,MK09,85.06,C
2998,240002877,MK07,91.69,B
2999,240000908,MK06,73.52,C
3000,240002660,MK06,81.36,B
3001,240002373,MK07,87.81,B+
3002,240003213,MK09,93.46,B
3003,240003456,MK02,75.49,B+
3004,240004015,MK06,61.11,B+
3005,240002931,MK02,99.26,B+
3006,240002309,MK01,95.29,B+
3007,240002683,MK10,88.77,B+
3008,240004729,MK01,74.99,B+
3009,240004377,MK06,70.69,B+
3010,240004807,MK02,94.84,B
3011,240001626,MK04,94.35,B
3012,240001783,MK05,83.69,C
3013,240004422,MK01,61.46,C
3014,240001821,MK01,84.29,C
3015,240004182,MK03,86.48,C
3016,240001515,MK06,73.93,C
3017,240002219,MK04,77.3,C
3018,240001265,MK05,65.47,C
3019,240003525,MK02,94.6,A
3020,240003283,MK08,95.28,A
3021,240001903,MK03,88.65,B
3022,240004941,MK08,94.85,A
3023,240001858,MK06,67.64,A
3024,240004017,MK09,72.65,B+
3025,240004186,MK06,93.98,A
3026,240003849,MK04,91.41,B
3027,240003396,MK01,61.56,B
3028,240002931,MK06,82.67,A
3029,240000453,MK05,72.68,B+
3030,240000214,MK05,77.4,A
3031,240001563,MK10,62.94,B+
3032,240001233,MK04,70.85,A
3033,240000706,MK01,87.25,B
3034,240001061,MK04,77.81,A
3035,240000796,MK09,92.84,B+
3036,240003127,MK05,60.8,A
3037,240003966,MK01,60.54,A
3038,240000087,MK07,76.22,C
3039,240001125,MK01,61.48,B+
3040,240000460,MK07,77.23,B+
3041,240001198,MK02,63.28,B
3042,240001155,MK10,76.58,A
3043,240004582,MK05,81.3,A
3044,240003224,MK06,87.97,B+
3045,240002117,MK10,65.21,A
3046,240002363,MK01,99.86,C
3047,240000002,MK04,88.03,A
3048,240004556,MK03,80.13,B+
3049,240004429,MK01,87.69,C
3050,240001695,MK04,80.62,B+
3051,240003454,MK06,95.75,B+
3052,240004195,MK01,92.01,C
3053,240000494,MK01,76.18,C
3054,240002117,MK02,73.09,C
3055,240002923,MK02,94.46,A
3056,240002447,MK07,64.8,B
3057,240001479,MK09,73.68,A
3058,240003986,MK02,77.63,B+
3059,240001554,MK07,75.13,B
3060,240002569,MK04,77.88,B
3061,240002705,MK05,97.82,B+
3062,240001288,MK07,67.29,A
3063,240004546,MK02,75.52,C
3064,240004511,MK02,93.16,C
3065,240001378,MK08,93.94,C
3066,240003948,MK02,79.77,B
3067,240000465,MK10,68.9,B+
3068,240003468,MK01,66.05,A
3069,240004622,MK09,90.83,A
3070,240003478,MK05,76.77,A
3071,240003685,MK03,91.5,C
3072,240002360,MK10,85.57,C
3073,240004085,MK06,84.61,B
3074,240000163,MK02,82.19,C
3075,240001173,MK07,69.79,B+
3076,240002884,MK05,62.78,B
3077,240002747,MK07,63.69,B+
3078,240002946,MK06,98.65,C
3079,240000165,MK07,75.75,B+
3080,240001970,MK07,99.24,A
3081,240000317,MK02,95.26,A
3082,240003334,MK10,74.44,C
3083,240002896,MK08,87.21,B+
3084,240002368,MK09,88.51,B
3085,240002351,MK06,93.31,B
3086,240002358,MK03,78.8,C
3087,240001999,MK06,96.32,B+
3088,240002465,MK03,66.48,B
3089,240002482,MK05,94.77,B+
3090,240000245,MK04,74.2,B+
3091,240004043,MK02,65.35,B
3092,240004673,MK06,83.68,B
3093,240000902,MK06,80.04,C
3094,240001152,MK09,64.78,A
3095,240002042,MK03,78.35,B
3096,240001214,MK03,92.93,C
3097,240002348,MK07,70.21,B+
3098,240004405,MK05,76.36,A
3099,240004125,MK07,85.88,B
3100,240001258,MK03,70.66,B+
3101,240000731,MK10,71.68,B
3102,240002882,MK03,63.57,B
3103,240002232,MK05,78.13,B+
3104,240001702,MK04,97.18,B
3105,240002085,MK02,60.27,B
3106,240004783,MK10,66.44,B+
3107,240003952,MK04,63.52,B+
3108,240003757,MK07,72.14,B+
3109,240002623,MK02,75.82,A
3110,240004806,MK02,70.05,B
3111,240004631,MK07,82.17,C
3112,240003649,MK07,79.21,A
3113,240000970,MK09,68.58,C
3114,240001385,MK07,94.46,B
3115,240002033,MK10,81.18,A
3116,240004643,MK02,78.93,B+
3117,240002713,MK08,92.19,B
3118,240002793,MK02,66.47,A
3119,240003470,MK06,90.12,C
3120,240002991,MK09,81.52,A
3121,240000609,MK01,82.28,B
3122,240000790,MK07,75.54,C
3123,240000785,MK04,60.79,B
3124,240003521,MK06,92.95,B
3125,240003431,MK04,82.69,B
3126,240002550,MK02,92.16,A
3127,240002251,MK02,77.11,C
3128,240001674,MK03,75.4,A
3129,240000991,MK03,63.84,B+
3130,240001726,MK09,78.82,B+
3131,240001160,MK05,65.42,B
3132,240000804,MK08,66.46,A
3133,240000932,MK07,79.35,A
3134,240001818,MK04,88.75,B
3135,240002720,MK01,73.26,B+
3136,240004470,MK08,78.87,B
3137,240001586,MK03,69.12,C
3138,240004227,MK05,80.87,B
3139,240000796,MK09,70.73,C
3140,240004084,MK04,62.74,C
3141,240000042,MK07,91.3,C
3142,240000336,MK02,93.04,C
3143,240004889,MK09,64.57,B
3144,240001383,MK08,73.34,A
3145,240003411,MK06,65.6,B+
3146,240000611,MK01,63.89,A
3147,240000112,MK01,93.73,B+
3148,240003382,MK05,78.2,A
3149,240004369,MK09,94.29,B+
3150,240001486,MK10,82.61,B
3151,240004934,MK02,74.89,B+
3152,240004735,MK03,66.7,A
3153,240001394,MK06,68.77,A
3154,240004559,MK03,95.39,A
3155,240000845,MK06,77.03,B
3156,240002281,MK02,67.83,B
3157,240002596,MK06,78.34,C
3158,240004436,MK02,80.77,A
3159,240004678,MK03,96.03,C
3160,240004645,MK09,70.51,B+
3161,240004900,MK06,71.27,A
3162,240002397,MK08,81.84,B+
3163,240001895,MK08,60.26,B+
3164,240000745,MK10,78.31,B
3165,240000707,MK08,93.31,A
3166,240002808,MK09,86.14,B+
3167,240002999,MK07,75.94,A
3168,240002623,MK08,85.02,A
3169,240004448,MK09,76.41,C
3170,240000517,MK04,62.32,A
3171,240001862,MK10,79.72,B+
3172,240000575,MK05,96.43,C
3173,240002943,MK02,84.0,A
3174,240002632,MK09,66.88,B+
3175,240001009,MK05,98.03,C
3176,240002477,MK04,87.27,B
3177,240001271,MK04,83.82,B+
3178,240004800,MK09,89.18,C
3179,240000584,MK01,85.09,C
3180,240002293,MK06,89.45,C
3181,240001334,MK04,92.71,C
3182,240004782,MK03,84.15,A
3183,240003165,MK08,79.24,A
3184,240001916,MK03,68.0,B+
3185,240000116,MK04,78.81,A
3186,240004789,MK07,75.93,B
3187,240002178,MK06,76.03,A
3188,240003088,MK07,98.32,A
3189,240003312,MK02,70.44,C
3190,240004796,MK04,96.24,C
3191,240001339,MK03,86.15,A
3192,240003177,MK07,97.2,A
3193,240000071,MK05,69.37,A
3194,240003940,MK09,77.77,A
3195,240002717,MK06,97.97,A
3196,240002075,MK06,96.06,B
3197,240001670,MK05,79.15,A
3198,240004659,MK05,68.47,C
3199,240004265,MK08,86.13,B+
3200,240004349,MK01,78.65,A
3201,240004055,MK05,72.5,C
3202,240004656,MK10,65.93,B+
3203,240001418,MK02,98.32,C
3204,240003657,MK06,62.03,C
3205,240000470,MK06,90.35,A
3206,240000913,MK03,94.58,A
3207,240004843,MK07,64.93,B+
3208,240004836,MK01,81.65,B
3209,240003950,MK02,90.0,B
3210,240001878,MK10,73.88,C
3211,240003757,MK09,82.79,A
3212,240004618,MK05,92.94,A
3213,240002124,MK09,92.9,B
3214,240000367,MK01,70.79,B+
3215,240001225,MK08,79.0,B+
3216,240004272,MK07,83.93,C
3217,240000175,MK01,60.22,A
3218,240004179,MK07,64.58,C
3219,240003697,MK03,94.16,C
3220,240003473,MK01,85.39,C
3221,240000599,MK04,66.7,B+
3222,240003331,MK09,75.12,B+
3223,240003788,MK05,79.37,A
3224,240000575,MK09,71.21,B+
3225,240003850,MK07,93.73,A
3226,240001053,MK09,69.98,B
3227,240000033,MK06,99.86,A
3228,240004764,MK03,75.58,C
3229,240002367,MK07,63.88,C
3230,240000343,MK02,60.47,C
3231,240004674,MK03,87.39,A
3232,240002182,MK03,97.94,B
3233,240003784,MK02,66.35,B+
3234,240004821,MK01,77.6,A
3235,240001601,MK08,99.35,C
3236,240000009,MK05,68.21,A
3237,240004168,MK03,71.45,A
3238,240003177,MK10,78.32,B
3239,240004693,MK06,74.89,C
3240,240002214,MK10,97.03,A
3241,240001921,MK05,85.7,C
3242,240004265,MK09,74.46,B+
3243,240000489,MK03,72.95,A
3244,240002130,MK01,78.59,B+
3245,240004609,MK02,84.4,B
3246,240003056,MK05,99.31,C
3247,240004310,MK07,82.26,B
3248,240001436,MK09,84.18,C
3249,240001898,MK04,87.95,B+
3250,240002130,MK04,79.83,A
3251,240004465,MK08,95.89,B+
3252,240004355,MK05,63.41,B+
3253,240000474,MK09,85.9,A
3254,240002724,MK07,97.43,A
3255,240003768,MK04,82.72,B+
3256,240001363,MK10,97.43,C
3257,240002380,MK03,90.79,B
3258,240002068,MK07,75.03,A
3259,240001133,MK01,86.65,B
3260,240001090,MK05,83.1,B+
3261,240001026,MK10,94.35,C
3262,240000687,MK03,97.88,C
3263,240001660,MK05,76.22,B
3264,240004739,MK04,80.99,C
3265,240000940,MK10,75.85,A
3266,240002991,MK09,86.72,C
3267,240004956,MK08,91.68,B+
3268,240003950,MK02,84.71,B+
3269,240002506,MK10,92.48,C
3270,240004647,MK08,60.78,A
3271,240001836,MK07,92.94,B+
3272,240003007,MK08,96.89,B
3273,240001171,MK03,70.76,B+
3274,240001281,MK04,98.85,C
3275,240004173,MK02,86.79,A
3276,240002638,MK06,93.64,B+
3277,240002011,MK08,92.04,B
3278,240000176,MK07,76.1,A
3279,240002427,MK07,84.73,A
3280,240000210,MK03,62.62,A
3281,240003740,MK09,90.26,B
3282,240004271,MK06,91.49,C
3283,240003061,MK04,94.84,C
3284,240004599,MK03,70.82,B
3285,240002971,MK10,66.37,A
3286,240004298,MK02,76.91,C
3287,240001493,MK08,80.49,C
3288,240001485,MK01,96.44,B+
3289,240003476,MK01,68.58,A
3290,240003493,MK04,98.06,B
3291,240003018,MK04,95.4,B+
3292,240000414,MK10,67.3,B
3293,240003303,MK04,68.75,B+
3294,240003447,MK03,75.02,C
3295,240004399,MK06,70.0,B+
3296,240001568,MK02,89.26,B
3297,240004726,MK09,68.44,C
3298,240002414,MK04,84.12,B
3299,240004695,MK08,69.0,A
3300,240003516,MK08,65.53,B+
3301,240003176,MK02,71.53,B+
3302,240003931,MK09,88.24,A
3303,240000332,MK03,99.56,A
3304,240004582,MK02,94.38,B+
3305,240002336,MK10,99.22,C
3306,240000253,MK05,93.57,B+
3307,240003850,MK03,92.77,B+
3308,240002508,MK02,91.68,C
3309,240001405,MK07,62.26,B
3310,240002701,MK04,77.71,C
3311,240002401,MK10,95.99,B+
3312,240004784,MK05,93.68,A
3313,240001136,MK03,95.35,B+
3314,240001439,MK04,79.19,B+
3315,240001693,MK04,86.95,A
3316,240003858,MK08,65.66,A
3317,240002159,MK07,99.28,A
3318,240000130,MK01,96.05,C
3319,240002976,MK06,84.0,A
3320,240004131,MK05,88.13,B
3321,240001500,MK07,85.91,A
3322,240000575,MK10,97.12,B+
3323,240004198,MK08,87.34,B
3324,240003545,MK10,67.32,A
3325,240003693,MK10,74.6,B+
3326,240002926,MK03,61.84,B
3327,240000811,MK09,95.03,B+
3328,240004554,MK10,99.14,C
3329,240002334,MK10,98.62,B+
3330,240003276,MK02,69.87,C
3331,240002593,MK03,73.34,A
3332,240004561,MK07,71.99,B
3333,240001066,MK02,96.73,B
3334,240003636,MK04,82.48,C
3335,240001071,MK04,68.5,B
3336,240003348,MK06,80.97,C
3337,240004007,MK07,68.75,A
3338,240001383,MK05,90.46,C
3339,240002689,MK09,83.98,C
3340,240000809,MK01,85.01,B
3341,240001663,MK04,62.81,B+
3342,240003763,MK04,62.39,B+
3343,240003987,MK10,87.61,A
3344,240004864,MK05,72.68,B
3345,240003923,MK03,63.41,B+
3346,240000203,MK08,85.76,B
3347,240003793,MK08,87.72,B
3348,240000005,MK03,81.44,A
3349,240003497,MK03,87.06,A
3350,240002369,MK02,96.39,A
3351,240004156,MK06,94.68,B+
3352,240002825,MK10,90.35,B
3353,240001064,MK02,60.41,A
3354,240004476,MK01,87.77,B+
3355,240000057,MK04,84.1,C
3356,240000741,MK02,83.35,A
3357,240000585,MK05,74.35,A
3358,240004352,MK02,74.28,A
3359,240000690,MK01,84.41,B+
3360,240000694,MK06,64.37,A
3361,240000690,MK02,76.17,B
3362,240002340,MK02,73.75,B+
3363,240001085,MK09,91.17,C
3364,240004005,MK05,73.1,A
3365,240002699,MK02,80.34,A
3366,240001756,MK05,76.39,B
3367,240004695,MK01,60.1,B
3368,240003966,MK10,85.4,C
3369,240000933,MK06,74.8,C
3370,240001602,MK05,70.59,A
3371,240003195,MK08,60.49,C
3372,240000228,MK06,78.0,B
3373,240001459,MK07,62.1,C
3374,240000122,MK05,68.4,A
3375,240001366,MK09,93.29,C
3376,240001605,MK08,86.11,B
3377,240001065,MK10,62.57,B+
3378,240002245,MK04,79.23,B+
3379,240004037,MK03,67.03,A
3380,240004898,MK06,64.46,A
3381,240000657,MK04,94.44,B
3382,240003226,MK08,98.97,C
3383,240001496,MK10,66.32,B+
3384,240003184,MK04,80.72,A
3385,240004793,MK04,77.95,C
3386,240004075,MK05,83.2,C
3387,240004136,MK10,63.5,B+
3388,240000351,MK03,76.14,A
3389,240000471,MK06,61.13,A
3390,240004192,MK04,69.72,A
3391,240001122,MK03,84.31,B+
3392,240004678,MK07,70.61,B
3393,240000026,MK07,71.43,B+
3394,240000341,MK01,70.2,C
3395,240004636,MK07,74.04,A
3396,240002504,MK04,70.7,B+
3397,240004309,MK08,61.09,C
3398,240004642,MK04,61.1,C
3399,240003114,MK09,93.47,C
3400,240002392,MK03,75.66,B+
3401,240003879,MK01,69.6,A
3402,240001342,MK05,66.91,B+
3403,240004851,MK08,76.55,C
3404,240003256,MK07,60.67,C
3405,240000585,MK08,82.83,B
3406,240002547,MK03,85.96,B+
3407,240004805,MK02,99.08,A
3408,240001421,MK08,76.87,C
3409,240004789,MK09,84.2,A
3410,240000065,MK07,87.86,A
3411,240001884,MK09,77.07,B+
3412,240003311,MK01,84.31,B
3413,240000287,MK05,64.65,B+
3414,240000534,MK05,66.82,B+
3415,240001346,MK04,62.56,C
3416,240001647,MK01,80.86,B
3417,240000114,MK09,74.06,B+
3418,240002599,MK04,85.71,C
3419,240001054,MK02,80.5,B
3420,240004666,MK08,70.81,A
3421,240003242,MK01,67.17,A
3422,240003957,MK05,60.88,B
3423,240001776,MK07,73.2,C
3424,240004373,MK08,94.69,B+
3425,240004628,MK07,93.44,A
3426,240003389,MK08,61.74,C
3427,240000351,MK06,76.15,B
3428,240002542,MK03,62.76,C
3429,240000561,MK05,76.42,B+
3430,240002114,MK01,93.03,A
3431,240002629,MK01,77.84,C
3432,240000799,MK04,62.35,B+
3433,240000807,MK01,92.64,C
3434,240002239,MK08,94.39,A
3435,240004597,MK07,74.36,A
3436,240000261,MK06,73.58,A
3437,240003180,MK09,85.59,C
3438,240002456,MK05,74.97,B+
3439,240003263,MK09,98.69,A
3440,240004654,MK07,81.87,B
3441,240002809,MK03,88.66,B+
3442,240001037,MK07,89.04,A
3443,240004547,MK04,73.01,B
3444,240001143,MK02,91.06,A
3445,240001092,MK09,86.93,B+
3446,240004173,MK02,93.65,B
3447,240000655,MK10,80.39,A
3448,240004718,MK01,83.58,C
3449,240002194,MK03,96.46,B+
3450,240002989,MK10,91.63,C
3451,240004811,MK08,90.42,B
3452,240000521,MK03,81.31,B
3453,240000664,MK04,70.58,B+
3454,240000632,MK01,98.88,B+
3455,240001830,MK02,78.84,B+
3456,240004509,MK06,93.83,B
3457,240002566,MK04,83.17,C
3458,240003479,MK07,68.46,A
3459,240001326,MK08,61.21,C
3460,240000284,MK09,95.16,B
3461,240004914,MK01,82.29,B
3462,240000547,MK07,60.32,A
3463,240003981,MK07,70.05,C
3464,240001922,MK06,71.9,B+
3465,240000754,MK06,63.33,C
3466,240002347,MK10,87.66,C
3467,240001150,MK04,60.12,A
3468,240002403,MK06,85.96,C
3469,240001784,MK04,98.62,B
3470,240000135,MK06,81.21,C
3471,240001415,MK06,70.74,B
3472,240001046,MK02,63.32,C
3473,240003427,MK08,66.78,B
3474,240003347,MK09,82.68,B
3475,240001020,MK05,60.29,B
3476,240002231,MK03,77.74,B
3477,240001304,MK04,77.02,C
3478,240002776,MK10,98.37,A
3479,240000624,MK10,92.6,B+
3480,240001879,MK07,82.48,A
3481,240004163,MK02,96.9,B+
3482,240001592,MK01,78.9,A
3483,240001676,MK06,60.2,A
3484,240004630,MK05,62.06,C
3485,240000811,MK01,85.94,A
3486,240000860,MK08,86.0,A
3487,240002226,MK01,97.39,A
3488,240002489,MK03,94.9,B+
3489,240002863,MK03,86.27,C
3490,240004354,MK09,67.28,A
3491,240002853,MK10,89.95,A
3492,240002392,MK04,61.15,C
3493,240002246,MK01,60.11,A
3494,240004093,MK09,96.17,B
3495,240002847,MK08,74.28,B
3496,240003705,MK08,76.11,A
3497,240001840,MK02,92.74,B+
3498,240003385,MK05,89.26,A
3499,240002852,MK04,67.0,B
3500,240001720,MK02,76.68,B
3501,240004132,MK03,71.02,A
3502,240003277,MK03,98.95,C
3503,240000037,MK04,87.01,B
3504,240002737,MK08,71.23,C
3505,240002583,MK09,97.71,A
3506,240004381,MK07,82.79,B+
3507,240001062,MK03,81.16,A
3508,240004134,MK04,81.3,A
3509,240004382,MK08,89.14,A
3510,240004177,MK08,85.64,B
3511,240002267,MK04,67.73,B+
3512,240001883,MK07,76.44,C
3513,240004211,MK05,79.73,A
3514,240003555,MK01,72.34,C
3515,240000358,MK01,86.97,A
3516,240004740,MK08,61.89,C
3517,240001682,MK05,99.04,C
3518,240000823,MK09,66.3,B
3519,240002086,MK10,88.57,B+
3520,240001053,MK10,85.0,C
3521,240001526,MK08,80.84,C
3522,240001082,MK02,85.45,B+
3523,240002046,MK04,95.85,C
3524,240001914,MK02,80.54,A
3525,240003671,MK04,98.81,B
3526,240004120,MK03,81.25,B+
3527,240003498,MK04,83.47,A
3528,240002498,MK04,95.2,C
3529,240000315,MK02,85.2,C
3530,240001041,MK09,61.05,C
3531,240004408,MK10,65.86,B+
3532,240002289,MK08,80.05,B+
3533,240000401,MK03,82.2,A
3534,240001298,MK06,62.53,B
3535,240000783,MK02,66.03,B+
3536,240001627,MK01,98.13,B+
3537,240000510,MK07,66.5,C
3538,240001188,MK09,83.61,B+
3539,240000748,MK03,64.97,B+
3540,240000544,MK10,75.3,A
3541,240003230,MK10,98.78,B+
3542,240003611,MK04,63.02,B+
3543,240001957,MK06,60.67,C
3544,240001134,MK04,90.33,A
3545,240000978,MK09,61.51,B
3546,240002111,MK01,91.19,A
3547,240000566,MK02,60.91,B
3548,240004309,MK04,96.79,B
3549,240000544,MK09,60.13,A
3550,240002340,MK01,62.35,B
3551,240004335,MK04,82.13,B
3552,240001310,MK09,89.31,C
3553,240000691,MK03,87.42,C
3554,240000239,MK08,68.63,A
3555,240000122,MK05,97.64,A
3556,240004807,MK10,82.64,B
3557,240003482,MK05,77.78,C
3558,240000351,MK01,96.15,C
3559,240001538,MK08,73.22,A
3560,240000099,MK08,91.89,A
3561,240001933,MK01,83.51,C
3562,240003084,MK04,73.85,B+
3563,240003319,MK10,70.53,A
3564,240003352,MK03,99.72,B+
3565,240004197,MK03,99.48,B+
3566,240003817,MK08,60.62,B
3567,240003033,MK01,99.43,B
3568,240004477,MK07,75.63,B+
3569,240001728,MK05,88.23,A
3570,240002208,MK06,67.14,A
3571,240002147,MK01,79.85,B+
3572,240004042,MK08,84.83,C
3573,240003229,MK06,87.77,B+
3574,240002142,MK03,82.9,B
3575,240000448,MK03,61.29,C
3576,240000996,MK05,67.1,B+
3577,240004100,MK01,72.56,A
3578,240003927,MK05,93.61,B+
3579,240000358,MK07,65.79,C
3580,240003090,MK07,77.62,B
3581,240001424,MK05,85.46,C
3582,240001077,MK07,60.93,B+
3583,240001991,MK10,93.31,C
3584,240004542,MK03,70.55,C
3585,240000892,MK03,89.66,C
3586,240001562,MK04,68.47,C
3587,240001823,MK09,76.07,C
3588,240003687,MK05,97.92,C
3589,240003605,MK09,81.9,B+
3590,240001227,MK03,65.5,B
3591,240000124,MK01,99.01,C
3592,240002851,MK02,97.64,A
3593,240002760,MK09,63.32,A
3594,240003493,MK08,81.47,A
3595,240001762,MK08,86.4,A
3596,240004652,MK10,91.06,C
3597,240003773,MK06,65.39,B
3598,240002419,MK07,72.06,B+
3599,240000888,MK01,74.72,B+
3600,240000114,MK04,84.59,A
3601,240001496,MK09,92.65,B
3602,240004170,MK04,69.51,C
3603,240001914,MK07,96.66,A
3604,240000705,MK02,69.17,B+
3605,240003929,MK03,70.76,B
3606,240003983,MK04,90.94,B+
3607,240003791,MK01,85.11,B+
3608,240002389,MK03,91.47,C
3609,240001356,MK02,78.41,A
3610,240003661,MK03,72.11,B+
3611,240000941,MK06,74.12,A
3612,240004395,MK04,72.51,B
3613,240004245,MK01,86.9,C
3614,240004139,MK06,94.41,A
3615,240004579,MK02,84.43,C
3616,240002728,MK07,91.06,B
3617,240004561,MK04,81.63,A
3618,240000300,MK06,67.47,B
3619,240001351,MK05,86.08,B+
3620,240003840,MK04,76.79,B+
3621,240000119,MK04,66.04,C
3622,240000057,MK06,61.38,B+
3623,240001383,MK08,68.86,C
3624,240002060,MK03,86.63,A
3625,240003783,MK06,96.42,A
3626,240002115,MK04,99.62,A
3627,240000671,MK07,72.02,B
3628,240001567,MK07,86.45,A
3629,240002195,MK02,86.33,B
3630,240000837,MK07,90.35,C
3631,240003492,MK10,98.72,A
3632,240000559,MK10,65.04,C
3633,240003309,MK01,92.3,A
3634,240002697,MK09,73.72,B
3635,240002526,MK05,87.41,C
3636,240000164,MK10,86.2,B+
3637,240002588,MK08,63.86,C
3638,240001774,MK03,94.34,A
3639,240002320,MK07,69.45,A
3640,240000839,MK05,90.34,B+
3641,240003112,MK03,77.42,C
3642,240003617,MK10,67.43,B
3643,240002640,MK09,71.58,B
3644,240004788,MK07,79.9,C
3645,240001317,MK07,93.92,B
3646,240000233,MK09,78.42,C
3647,240003701,MK10,84.13,C
3648,240002021,MK02,82.31,B
3649,240004029,MK02,61.18,B
3650,240002061,MK01,80.21,B+
3651,240004383,MK03,96.46,A
3652,240002804,MK02,92.32,B
3653,240003862,MK08,75.09,B+
3654,240002234,MK02,92.49,B+
3655,240004155,MK01,71.36,B+
3656,240000133,MK03,93.67,B
3657,240004442,MK05,85.32,B
3658,240003583,MK07,96.55,B+
3659,240003557,MK06,90.47,C
3660,240001728,MK06,61.27,C
3661,240000030,MK04,83.93,C
3662,240002827,MK10,82.73,C
3663,240002618,MK09,95.09,C
3664,240002131,MK01,97.88,B
3665,240002883,MK01,83.86,B+
3666,240002118,MK01,90.65,C
3667,240004616,MK07,65.32,B
3668,240000832,MK03,98.12,A
3669,240002042,MK07,83.89,C
3670,240001699,MK07,85.07,C
3671,240001420,MK10,68.98,B+
3672,240002405,MK06,61.78,B
3673,240000114,MK03,79.79,B
3674,240000268,MK09,62.5,B+
3675,240004777,MK05,64.26,B
3676,240002013,MK06,67.28,B
3677,240002576,MK04,68.85,C
3678,240001984,MK10,89.91,B
3679,240001226,MK09,74.1,A
3680,240004794,MK08,86.53,B+
3681,240001876,MK01,80.19,B+
3682,240004927,MK10,71.99,B
3683,240003116,MK10,85.95,B+
3684,240000718,MK01,71.07,B+
3685,240001897,MK07,93.74,C
3686,240002251,MK10,92.62,C
3687,240002885,MK09,81.19,C
3688,240001034,MK07,84.51,A
3689,240004594,MK09,78.08,A
3690,240003478,MK03,98.78,B
3691,240003063,MK03,75.61,B+
3692,240001292,MK08,71.6,B
3693,240003321,MK07,65.35,C
3694,240004543,MK05,81.97,C
3695,240000248,MK06,78.75,B+
3696,240000287,MK08,89.82,C
3697,240001938,MK03,64.37,B
3698,240001157,MK01,60.81,A
3699,240000502,MK01,78.07,C
3700,240000561,MK06,97.47,B+
3701,240002370,MK08,74.26,B+
3702,240002422,MK01,97.5,A
3703,240004813,MK01,89.92,C
3704,240003938,MK01,80.21,C
3705,240003466,MK07,89.3,B
3706,240002774,MK09,90.27,B
3707,240000987,MK10,93.94,A
3708,240004250,MK10,93.38,B+
3709,240002631,MK08,87.45,C
3710,240001193,MK05,61.55,A
3711,240001817,MK05,75.18,B+
3712,240001891,MK10,73.37,B+
3713,240000677,MK05,80.42,A
3714,240003397,MK02,88.8,B
3715,240000948,MK05,78.58,B+
3716,240001718,MK08,61.27,B+
3717,240003119,MK02,96.02,A
3718,240001322,MK05,76.78,A
3719,240004149,MK09,69.06,B
3720,240002409,MK02,95.52,B+
3721,240000070,MK10,70.74,B
3722,240002025,MK02,79.94,B+
3723,240000603,MK02,63.86,B
3724,240004567,MK03,61.57,B
3725,240000447,MK03,93.27,A
3726,240003062,MK06,76.97,C
3727,240000958,MK01,71.66,B
3728,240000294,MK07,82.96,B
3729,240003171,MK08,79.43,B
3730,240001123,MK06,96.01,B
3731,240000973,MK02,60.48,B
3732,240000960,MK10,89.41,A
3733,240002211,MK02,81.21,A
3734,240000927,MK10,77.24,A
3735,240000560,MK08,88.47,B
3736,240001373,MK03,61.0,B
3737,240001727,MK03,77.47,B
3738,240002301,MK06,79.44,C
3739,240004129,MK07,92.47,B
3740,240001775,MK05,88.8,A
3741,240002836,MK05,83.34,A
3742,240001832,MK09,93.24,B
3743,240000432,MK03,79.16,B+
3744,240001840,MK03,67.22,C
3745,240000885,MK01,70.29,B+
3746,240004043,MK03,67.05,B+
3747,240001092,MK06,77.58,A
3748,240000834,MK05,84.49,C
3749,240003852,MK04,77.5,B
3750,240001355,MK09,80.58,B
3751,240001879,MK06,73.77,B+
3752,240004120,MK04,99.91,B+
3753,240004520,MK08,88.87,B
3754,240002965,MK01,87.94,B
3755,240000832,MK04,60.34,B+
3756,240004418,MK04,90.74,A
3757,240002302,MK04,75.73,C
3758,240000206,MK04,77.71,A
3759,240004189,MK10,88.25,B+
3760,240002129,MK06,84.5,B+
3761,240003107,MK10,92.89,A
3762,240004982,MK03,99.97,C
3763,240001551,MK03,92.3,A
3764,240003327,MK01,69.47,C
3765,240001045,MK01,81.29,A
3766,240002091,MK05,94.92,A
3767,240003785,MK08,98.24,A
3768,240001121,MK03,88.22,B+
3769,240001334,MK09,63.93,C
3770,240003704,MK07,73.68,B
3771,240002509,MK06,60.2,A
3772,240002775,MK05,65.62,B+
3773,240003111,MK04,81.55,C
3774,240000558,MK08,76.31,B+
3775,240004184,MK08,77.85,B+
3776,240000657,MK03,94.6,C
3777,240003116,MK01,84.09,B+
3778,240003414,MK10,86.95,C
3779,240004373,MK05,93.66,B
3780,240003650,MK08,97.36,B
3781,240000091,MK02,81.59,A
3782,240003152,MK07,65.21,B
3783,240001825,MK01,74.0,C
3784,240004976,MK04,61.42,C
3785,240004094,MK06,83.55,C
3786,240002176,MK08,83.21,C
3787,240004372,MK06,71.96,C
3788,240004291,MK10,80.95,B+
3789,240003209,MK01,71.49,C
3790,240000376,MK02,83.55,A
3791,240003663,MK02,93.16,B
3792,240002401,MK01,95.18,A
3793,240000462,MK08,84.33,B+
3794,240003059,MK05,77.41,A
3795,240004904,MK03,68.99,C
3796,240002650,MK04,60.98,B
3797,240002295,MK01,87.01,B+
3798,240000351,MK09,95.59,B
3799,240003106,MK10,90.28,B+
3800,240004472,MK01,71.0,B+
3801,240003349,MK10,74.65,A
3802,240004494,MK03,79.86,A
3803,240004581,MK03,98.81,B+
3804,240000172,MK10,73.23,B+
3805,240003017,MK08,87.35,C
3806,240001633,MK03,60.57,B
3807,240004034,MK06,74.48,C
3808,240003211,MK07,99.4,C
3809,240003853,MK06,70.59,B
3810,240003893,MK01,87.33,B
3811,240002382,MK01,87.77,B
3812,240000483,MK04,95.68,B
3813,240000887,MK09,79.06,B
3814,240003339,MK01,66.44,B+
3815,240000837,MK10,80.22,A
3816,240004709,MK06,90.02,A
3817,240000716,MK10,93.27,B
3818,240003519,MK07,62.58,C
3819,240000851,MK03,69.88,A
3820,240004647,MK09,90.47,A
3821,240001229,MK10,77.78,B
3822,240000346,MK07,88.72,B
3823,240000963,MK10,92.49,B
3824,240003941,MK10,77.87,C
3825,240002050,MK06,88.38,C
3826,240000671,MK01,84.29,C
3827,240002609,MK10,83.96,C
3828,240003257,MK07,93.49,A
3829,240000546,MK07,66.18,A
3830,240001968,MK02,78.81,B+
3831,240004581,MK04,92.3,C
3832,240003525,MK08,88.18,A
3833,240004280,MK03,75.4,B
3834,240000306,MK07,62.75,B+
3835,240000803,MK07,78.26,B+
3836,240001008,MK02,83.35,B+
3837,240003403,MK09,81.35,C
3838,240001422,MK06,90.46,C
3839,240002225,MK10,93.71,A
3840,240003580,MK02,68.51,B
3841,240002345,MK08,82.48,C
3842,240003495,MK03,70.98,A
3843,240003258,MK10,91.69,B
3844,240002071,MK01,83.32,B
3845,240001266,MK08,89.02,A
3846,240003074,MK09,89.2,C
3847,240003240,MK05,88.52,A
3848,240004749,MK07,61.71,C
3849,240002119,MK09,99.01,C
3850,240002039,MK06,93.51,B+
3851,240000811,MK04,85.04,C
3852,240002325,MK10,63.64,B
3853,240002740,MK01,97.69,A
3854,240004972,MK06,70.15,C
3855,240004310,MK10,83.98,C
3856,240000148,MK02,94.03,B
3857,240000135,MK08,90.62,C
3858,240001330,MK03,73.08,A
3859,240001839,MK03,60.59,B
3860,240002519,MK10,68.03,A
3861,240002554,MK06,92.19,B
3862,240002354,MK09,75.93,B+
3863,240001745,MK07,64.32,B+
3864,240004823,MK03,72.43,C
3865,240003774,MK09,88.43,B+
3866,240000968,MK10,61.62,B
3867,240004639,MK01,67.51,B
3868,240001267,MK06,99.6,B+
3869,240004918,MK04,64.78,B
3870,240000109,MK03,80.4,A
3871,240000224,MK05,85.21,A
3872,240001378,MK06,72.22,B+
3873,240003018,MK01,97.67,C
3874,240004261,MK02,89.71,B
3875,240001121,MK06,78.29,B+
3876,240002595,MK04,82.98,A
3877,240004712,MK06,67.74,B
3878,240003724,MK03,83.87,A
3879,240001709,MK06,65.84,B
3880,240000108,MK05,74.84,B+
3881,240001591,MK04,99.28,B+
3882,240004866,MK02,64.28,C
3883,240001721,MK09,81.47,B+
3884,240000838,MK05,60.97,B
3885,240004292,MK10,80.12,C
3886,240003990,MK08,79.74,B+
3887,240002192,MK06,69.43,A
3888,240001370,MK09,77.75,B
3889,240004428,MK06,72.35,C
3890,240001007,MK01,83.12,C
3891,240000983,MK05,75.04,B
3892,240002911,MK01,61.55,B+
3893,240002202,MK10,73.65,A
3894,240003508,MK07,93.8,A
3895,240004146,MK06,75.3,B+
3896,240000997,MK01,89.9,B+
3897,240002710,MK06,74.72,C
3898,240004125,MK07,71.03,C
3899,240004340,MK05,67.54,B+
3900,240004816,MK04,85.77,B
3901,240002286,MK05,99.44,B+
3902,240000782,MK05,83.84,B+
3903,240001825,MK04,83.98,B
3904,240004073,MK07,73.66,A
3905,240001373,MK02,75.21,B
3906,240004100,MK03,93.65,B+
3907,240004269,MK10,62.75,A
3908,240000044,MK05,80.22,B
3909,240001046,MK04,67.76,A
3910,240003724,MK03,93.26,C
3911,240003948,MK05,78.43,B+
3912,240000058,MK04,71.44,B
3913,240002765,MK10,94.01,C
3914,240000344,MK01,69.04,A
3915,240001503,MK08,90.41,B+
3916,240004789,MK02,88.17,B
3917,240002971,MK06,70.3,B+
3918,240003089,MK10,98.91,B
3919,240000708,MK02,90.93,C
3920,240002408,MK01,97.3,A
3921,240000879,MK04,68.8,B+
3922,240002749,MK05,73.96,A
3923,240002587,MK07,95.99,C
3924,240001464,MK06,91.04,B
3925,240000071,MK02,67.12,C
3926,240000622,MK04,72.58,A
3927,240002642,MK10,70.11,A
3928,240001805,MK09,75.26,B+
3929,240003590,MK05,63.85,B
3930,240001530,MK08,92.29,B
3931,240002336,MK05,60.13,B+
3932,240003179,MK03,60.33,C
3933,240000765,MK04,62.85,C
3934,240000214,MK06,96.74,C
3935,240003963,MK09,74.42,B+
3936,240000410,MK01,69.81,B+
3937,240001213,MK05,85.57,B+
3938,240000092,MK09,62.33,B
3939,240001356,MK05,89.1,B
3940,240002536,MK10,62.67,B
3941,240001277,MK10,91.7,B+
3942,240004218,MK02,63.09,C
3943,240002534,MK10,84.43,B
3944,240000386,MK02,71.84,B+
3945,240003635,MK02,83.36,A
3946,240003621,MK08,60.8,A
3947,240000532,MK10,66.11,C
3948,240003610,MK07,73.61,A
3949,240001521,MK02,85.18,B
3950,240002830,MK03,98.27,A
3951,240004951,MK10,90.72,B
3952,240001863,MK05,73.07,B+
3953,240004806,MK01,91.79,B
3954,240004510,MK05,83.65,C
3955,240002662,MK02,92.07,B+
3956,240002940,MK04,75.39,C
3957,240000527,MK07,61.21,B+
3958,240000334,MK10,75.1,B
3959,240001206,MK05,77.6,B+
3960,240003024,MK05,99.35,B
3961,240002982,MK07,76.91,B+
3962,240002418,MK06,60.72,A
3963,240003042,MK04,89.77,C
3964,240004388,MK02,89.76,A
3965,240000316,MK09,83.61,B
3966,240003113,MK09,60.73,B+
3967,240001949,MK02,95.55,B
3968,240001751,MK05,92.7,B
3969,240004811,MK08,98.83,A
3970,240001034,MK10,68.61,B
3971,240003170,MK01,86.46,B
3972,240001770,MK06,80.12,A
3973,240003650,MK10,77.35,B+
3974,240003474,MK02,90.18,C
3975,240002850,MK04,86.11,A
3976,240001481,MK09,86.42,A
3977,240002967,MK07,93.5,B+
3978,240002979,MK09,63.27,B
3979,240003866,MK04,64.17,B
3980,240004684,MK02,63.15,A
3981,240004751,MK08,97.13,C
3982,240001472,MK04,92.92,A
3983,240002722,MK09,98.27,A
3984,240001113,MK06,83.91,B+
3985,240003615,MK07,80.17,B+
3986,240000430,MK02,78.72,C
3987,240004164,MK02,86.37,C
3988,240004015,MK02,61.61,B+
3989,240000964,MK01,63.11,A
3990,240001473,MK02,98.5,B
3991,240000160,MK10,94.83,C
3992,240003751,MK05,89.75,C
3993,240003386,MK04,91.28,A
3994,240003255,MK01,79.06,B
3995,240001065,MK05,73.84,B+
3996,240004292,MK01,98.71,B
3997,240000756,MK08,99.21,A
3998,240003384,MK04,88.82,C
3999,240001874,MK03,74.55,A
4000,240001377,MK06,89.34,C
4001,240003014,MK07,99.67,A
4002,240000447,MK07,83.68,A
4003,240003542,MK10,89.31,A
4004,240002349,MK01,71.74,B
4005,240003229,MK06,72.06,C
4006,240004544,MK07,68.4,B+
4007,240000130,MK02,80.74,A
4008,240004159,MK08,82.2,B
4009,240003909,MK02,73.72,B
4010,240004804,MK07,96.42,B
4011,240004172,MK08,95.13,B+
4012,240000109,MK08,82.44,B
4013,240002310,MK07,98.8,B+
4014,240000173,MK07,77.92,B+
4015,240000676,MK04,98.75,B
4016,240004837,MK02,77.74,B+
4017,240004204,MK05,75.32,A
4018,240000806,MK06,78.38,C
4019,240002178,MK06,97.24,B
4020,240002478,MK09,86.01,B
4021,240004448,MK05,96.3,A
4022,240000785,MK06,75.01,B+
4023,240000227,MK09,91.2,A
4024,240001921,MK07,79.97,B
4025,240004100,MK08,90.67,B+
4026,240004690,MK10,77.21,B+
4027,240000552,MK03,67.18,B
4028,240000336,MK08,60.98,A
4029,240002202,MK04,75.87,C
4030,240001411,MK07,68.89,A
4031,240004290,MK09,80.07,B
4032,240004690,MK02,77.25,B+
4033,240003705,MK06,66.73,A
4034,240004006,MK09,72.45,C
4035,240000470,MK03,61.75,A
4036,240001848,MK06,95.3,B
4037,240000284,MK10,61.96,A
4038,240003308,MK05,70.06,B+
4039,240003188,MK09,94.96,C
4040,240003054,MK02,86.19,A
4041,240001267,MK04,95.93,A
4042,240003011,MK07,84.92,B
4043,240000888,MK03,82.03,B
4044,240000073,MK04,98.65,B
4045,240001022,MK02,63.72,C
4046,240001327,MK01,70.04,B+
4047,240000939,MK05,74.06,B
4048,240000106,MK07,98.56,B
4049,240002273,MK01,78.02,B+
4050,240000255,MK03,73.92,C
4051,240002033,MK07,83.66,B+
4052,240003937,MK02,65.63,B+
4053,240003741,MK10,96.24,B+
4054,240003975,MK10,73.2,B
4055,240001612,MK04,98.99,A
4056,240004190,MK09,94.83,B+
4057,240001164,MK06,96.61,C
4058,240004131,MK03,93.84,B
4059,240001751,MK04,60.7,C
4060,240000485,MK05,94.48,B+
4061,240000541,MK04,87.73,B+
4062,240003470,MK02,84.86,B
4063,240004522,MK04,86.57,B
4064,240000976,MK03,92.93,B
4065,240004732,MK01,85.89,C
4066,240002487,MK06,75.03,C
4067,240004106,MK06,93.41,B
4068,240000006,MK01,63.2,A
4069,240003936,MK04,78.32,A
4070,240001911,MK05,80.92,C
4071,240002740,MK02,74.0,C
4072,240002724,MK04,80.74,C
4073,240000477,MK06,86.78,B+
4074,240002283,MK03,70.59,A
4075,240000323,MK07,62.41,A
4076,240002798,MK02,99.11,B
4077,240004181,MK07,70.77,B
4078,240000141,MK02,96.56,C
4079,240002015,MK07,85.87,B+
4080,240001898,MK02,77.45,A
4081,240001476,MK09,67.1,A
4082,240001112,MK02,67.24,A
4083,240003223,MK07,94.66,B
4084,240003230,MK01,87.0,A
4085,240003589,MK05,89.83,A
4086,240002692,MK08,64.89,B
4087,240000238,MK07,79.15,A
4088,240004562,MK03,74.81,B+
4089,240004180,MK06,71.63,C
4090,240000782,MK04,73.12,B+
4091,240000612,MK08,82.99,A
4092,240001211,MK03,65.41,B+
4093,240001678,MK04,70.55,C
4094,240003682,MK03,61.51,C
4095,240001709,MK02,62.88,C
4096,240003512,MK06,65.6,B+
4097,240000931,MK04,85.94,B
4098,240001050,MK06,60.44,C
4099,240001365,MK07,82.47,A
4100,240004604,MK08,83.8,A
4101,240003738,MK03,61.94,B+
4102,240001630,MK02,76.68,C
4103,240002256,MK08,90.39,A
4104,240000483,MK03,82.4,C
4105,240003558,MK09,76.46,B+
4106,240002860,MK06,68.18,B
4107,240004753,MK01,66.83,A
4108,240002534,MK06,77.63,B+
4109,240003471,MK01,96.48,A
4110,240004861,MK09,83.86,A
4111,240004293,MK03,63.38,B+
4112,240003339,MK04,65.58,B
4113,240002527,MK05,73.76,A
4114,240004463,MK06,81.94,B+
4115,240002547,MK05,90.59,C
4116,240001754,MK08,67.76,B+
4117,240004422,MK05,96.83,B+
4118,240002249,MK09,93.88,A
4119,240004840,MK10,67.19,C
4120,240000264,MK08,75.77,B+
4121,240001283,MK03,60.81,B+
4122,240004140,MK03,64.42,A
4123,240004946,MK07,94.51,B+
4124,240004992,MK04,88.52,A
4125,240002314,MK10,94.58,A
4126,240001528,MK10,98.21,C
4127,240002286,MK01,71.07,B
4128,240002389,MK10,83.76,A
4129,240004599,MK07,71.24,C
4130,240000846,MK02,80.71,C
4131,240003484,MK04,62.95,A
4132,240003794,MK05,89.59,C
4133,240001498,MK01,97.4,B
4134,240001972,MK01,74.74,B+
4135,240001888,MK04,93.64,A
4136,240003392,MK02,87.99,B
4137,240000511,MK02,97.51,C
4138,240004949,MK03,64.13,B+
4139,240003039,MK09,85.1,B
4140,240003356,MK01,88.07,A
4141,240002146,MK04,64.57,B+
4142,240002437,MK06,69.65,C
4143,240003953,MK03,63.75,B+
4144,240004496,MK02,94.35,C
4145,240001873,MK10,96.08,B+
4146,240002061,MK04,65.78,B+
4147,240001748,MK10,92.38,B+
4148,240003709,MK07,88.7,B+
4149,240003140,MK08,66.85,A
4150,240004032,MK10,61.09,B+
4151,240003728,MK05,88.51,B
4152,240003158,MK06,85.71,A
4153,240002495,MK06,75.89,B+
4154,240002525,MK10,89.21,A
4155,240000310,MK07,85.94,B
4156,240004822,MK04,96.04,B
4157,240004839,MK04,76.47,B
4158,240000282,MK05,70.67,B+
4159,240001818,MK02,76.95,C
4160,240003022,MK06,98.62,B
4161,240000852,MK05,70.17,B
4162,240001393,MK03,60.62,B
4163,240003584,MK01,98.88,A
4164,240002460,MK01,89.13,B+
4165,240003681,MK07,71.17,C
4166,240001030,MK10,67.41,B
4167,240002385,MK10,92.15,C
4168,240002201,MK04,77.61,B
4169,240004644,MK03,88.27,B+
4170,240002319,MK06,70.43,A
4171,240000186,MK03,91.14,B+
4172,240001122,MK02,60.68,B+
4173,240002424,MK02,65.64,C
4174,240003636,MK06,80.22,B+
4175,240004897,MK03,95.09,B
4176,240000506,MK02,85.14,A
4177,240004807,MK01,65.76,B
4178,240003815,MK09,76.23,B
4179,240004004,MK06,69.43,A
4180,240000902,MK05,71.94,A
4181,240004802,MK09,61.2,A
4182,240002564,MK10,65.77,B
4183,240002992,MK07,66.23,B+
4184,240002925,MK03,96.8,C
4185,240001615,MK04,69.47,B
4186,240000629,MK07,87.47,A
4187,240003832,MK05,65.16,C
4188,240002387,MK03,98.14,C
4189,240002879,MK09,85.05,B
4190,240000039,MK03,72.46,C
4191,240000640,MK06,63.1,B
4192,240004741,MK06,63.13,A
4193,240001998,MK02,71.6,C
4194,240001731,MK09,62.88,B+
4195,240000800,MK01,69.98,A
4196,240001773,MK08,61.74,B
4197,240004762,MK09,97.52,B+
4198,240004632,MK10,90.37,B
4199,240001099,MK07,78.91,A
4200,240000733,MK01,66.67,C
4201,240001218,MK03,68.26,B
4202,240003020,MK09,81.5,B
4203,240001464,MK07,92.92,A
4204,240000670,MK08,96.6,B+
4205,240002310,MK10,64.48,B+
4206,240003705,MK08,63.02,C
4207,240002960,MK10,77.7,C
4208,240000407,MK01,94.5,C
4209,240004052,MK07,96.06,C
4210,240000862,MK09,66.83,B
4211,240004951,MK05,82.62,B+
4212,240001331,MK06,72.37,B+
4213,240000625,MK08,66.96,C
4214,240001768,MK06,89.84,B+
4215,240004420,MK04,95.11,A
4216,240001677,MK05,61.89,B+
4217,240003314,MK02,97.64,B
4218,240004717,MK09,91.56,A
4219,240004013,MK02,60.06,B
4220,240003228,MK02,78.93,A
4221,240003347,MK01,79.02,C
4222,240000230,MK02,88.34,B
4223,240000055,MK07,84.9,A
4224,240002923,MK07,80.46,B+
4225,240004689,MK04,67.37,A
4226,240003639,MK04,78.81,B+
4227,240003006,MK08,81.72,B+
4228,240001228,MK05,85.16,B
4229,240004533,MK03,96.28,A
4230,240001999,MK09,98.49,A
4231,240004449,MK04,67.5,A
4232,240002864,MK08,61.26,A
4233,240001322,MK07,92.64,B+
4234,240003790,MK09,81.45,B+
4235,240003632,MK08,70.98,B
4236,240001733,MK06,95.79,A
4237,240002578,MK02,67.6,C
4238,240002903,MK09,84.65,A
4239,240004832,MK01,82.69,B
4240,240001595,MK06,94.38,B+
4241,240003771,MK10,71.08,B+
4242,240000362,MK02,96.7,B
4243,240000650,MK02,65.31,B+
4244,240002490,MK05,92.18,A
4245,240003029,MK07,71.53,C
4246,240000068,MK10,97.49,C
4247,240002813,MK02,75.26,B
4248,240004431,MK05,89.56,B+
4249,240000552,MK05,87.21,B
4250,240002467,MK09,90.64,A
4251,240001173,MK04,62.23,B+
4252,240002379,MK04,69.23,C
4253,240004945,MK09,80.21,A
4254,240000070,MK03,91.1,B
4255,240004143,MK07,91.31,B
4256,240003188,MK01,97.69,C
4257,240001126,MK01,96.37,B
4258,240003464,MK05,94.25,B
4259,240003393,MK06,88.3,C
4260,240004044,MK01,86.89,A
4261,240002650,MK10,92.42,A
4262,240000696,MK08,77.06,A
4263,240002614,MK09,99.73,A
4264,240002222,MK08,80.81,B+
4265,240000313,MK08,67.27,B
4266,240001988,MK06,98.84,B+
4267,240000358,MK03,82.67,B+
4268,240002042,MK05,60.22,C
4269,240000881,MK07,64.62,B
4270,240001479,MK06,80.94,A
4271,240002891,MK07,69.38,B+
4272,240001579,MK03,89.55,B+
4273,240000661,MK01,98.73,C
4274,240002084,MK09,72.46,B
4275,240001881,MK01,70.28,B+
4276,240003473,MK08,63.03,A
4277,240002956,MK01,65.1,B+
4278,240003007,MK02,75.38,C
4279,240004308,MK01,67.45,B
4280,240002708,MK01,87.19,B
4281,240003452,MK03,94.98,A
4282,240004355,MK09,70.25,A
4283,240001523,MK03,60.56,C
4284,240004402,MK05,82.16,C
4285,240002925,MK09,76.69,A
4286,240002397,MK02,97.46,C
4287,240000018,MK01,78.0,C
4288,240001145,MK06,82.96,B+
4289,240003186,MK06,75.94,B+
4290,240003608,MK04,83.48,B
4291,240000831,MK02,88.7,B+
4292,240001020,MK07,99.69,C
4293,240002404,MK08,75.93,B+
4294,240002920,MK04,62.72,B+
4295,240001301,MK09,72.52,A
4296,240003123,MK07,74.44,A
4297,240004566,MK03,61.98,B+
4298,240002629,MK09,88.8,B
4299,240002877,MK09,76.89,B+
4300,240003033,MK08,60.46,B
4301,240002490,MK02,84.77,B+
4302,240000808,MK10,70.96,B
4303,240003221,MK01,74.08,B+
4304,240004260,MK02,76.48,A
4305,240003722,MK08,83.01,C
4306,240002205,MK02,68.74,A
4307,240002514,MK05,67.15,B+
4308,240000342,MK02,96.13,B+
4309,240001603,MK04,84.39,C
4310,240003685,MK02,68.18,B+
4311,240003780,MK04,96.31,C
4312,240000173,MK07,80.78,C
4313,240002610,MK03,65.14,A
4314,240001815,MK03,97.65,C
4315,240001184,MK07,95.98,B
4316,240003761,MK07,61.28,B+
4317,240000350,MK05,90.62,C
4318,240003872,MK03,80.85,B
4319,240001360,MK07,78.22,B+
4320,240001286,MK01,82.66,B
4321,240004917,MK10,69.2,B+
4322,240000805,MK10,62.29,B+
4323,240001290,MK01,94.02,C
4324,240004465,MK06,90.38,A
4325,240004252,MK05,72.2,B
4326,240002130,MK10,68.26,A
4327,240003340,MK01,92.95,A
4328,240003210,MK03,97.16,B
4329,240004943,MK09,96.32,B+
4330,240000947,MK03,73.22,B
4331,240000745,MK03,66.78,B+
4332,240000299,MK09,92.6,C
4333,240003793,MK02,92.44,C
4334,240004312,MK04,72.27,A
4335,240000287,MK06,75.84,B
4336,240003075,MK08,76.81,C
4337,240004498,MK05,84.01,A
4338,240003104,MK03,82.86,C
4339,240001118,MK07,78.73,A
4340,240004422,MK08,78.8,B
4341,240000315,MK07,88.6,C
4342,240000589,MK02,97.13,B+
4343,240001621,MK02,89.77,A
4344,240002712,MK07,79.51,C
4345,240001712,MK06,67.94,B
4346,240001481,MK06,66.7,C
4347,240002630,MK05,80.09,C
4348,240002920,MK05,66.52,A
4349,240002172,MK10,77.4,C
4350,240003687,MK02,76.63,B+
4351,240002030,MK03,71.97,B+
4352,240001426,MK09,93.25,B+
4353,240004291,MK09,76.86,A
4354,240003419,MK07,62.67,C
4355,240000245,MK03,76.72,B
4356,240002494,MK02,92.8,C
4357,240001297,MK05,74.44,B
4358,240003619,MK08,69.41,B
4359,240000341,MK09,77.98,A
4360,240001674,MK01,61.57,B
4361,240003691,MK07,88.69,B
4362,240001225,MK01,65.61,A
4363,240002852,MK04,98.23,A
4364,240002202,MK10,93.36,B
4365,240001905,MK07,77.89,C
4366,240001983,MK10,72.23,C
4367,240001404,MK04,96.74,A
4368,240003089,MK02,99.0,B+
4369,240000697,MK08,88.15,A
4370,240003188,MK02,91.08,B
4371,240001668,MK10,92.34,B+
4372,240003844,MK04,91.49,C
4373,240003466,MK10,88.44,B
4374,240000692,MK02,80.04,B
4375,240001744,MK01,71.99,A
4376,240001418,MK09,68.39,B+
4377,240000755,MK05,98.85,C
4378,240001831,MK02,63.39,B
4379,240002515,MK05,83.43,B
4380,240001047,MK08,62.03,C
4381,240004853,MK04,86.92,B+
4382,240004315,MK08,66.34,C
4383,240004947,MK10,61.28,B
4384,240002026,MK02,93.73,B
4385,240000041,MK01,82.03,C
4386,240004407,MK09,61.04,C
4387,240002393,MK07,84.43,A
4388,240002692,MK09,64.9,A
4389,240004528,MK02,85.44,C
4390,240000422,MK10,89.79,B+
4391,240004744,MK06,92.93,C
4392,240004969,MK03,80.34,B+
4393,240002635,MK08,71.07,B+
4394,240000930,MK06,93.02,B
4395,240000097,MK05,61.89,C
4396,240001066,MK10,90.46,C
4397,240004139,MK07,90.14,A
4398,240000009,MK06,99.19,B
4399,240000912,MK06,82.54,B
4400,240001530,MK05,79.59,B
4401,240001039,MK10,75.35,C
4402,240004080,MK02,79.16,B
4403,240000012,MK04,83.36,B
4404,240003753,MK08,90.51,B+
4405,240003511,MK02,95.91,B+
4406,240001288,MK08,76.14,A
4407,240003360,MK05,60.87,C
4408,240001124,MK02,95.44,B
4409,240002668,MK09,98.78,C
4410,240000395,MK10,83.46,B+
4411,240000356,MK01,76.95,A
4412,240003130,MK04,83.17,A
4413,240000675,MK04,90.33,B+
4414,240002882,MK03,96.29,B
4415,240001861,MK04,74.41,C
4416,240004023,MK10,97.47,B+
4417,240003041,MK07,78.28,C
4418,240002918,MK10,82.01,A
4419,240002585,MK07,74.8,C
4420,240001128,MK10,89.58,B
4421,240003243,MK09,79.19,B+
4422,240001533,MK02,81.04,C
4423,240004628,MK04,76.89,B
4424,240000972,MK06,89.93,A
4425,240002235,MK04,94.94,A
4426,240002895,MK07,88.8,B
4427,240003537,MK01,63.47,B+
4428,240002667,MK01,91.3,B
4429,240004128,MK05,86.39,B
4430,240002330,MK01,99.16,A
4431,240002331,MK04,95.22,B+
4432,240000834,MK10,75.35,B
4433,240004445,MK06,83.32,B
4434,240002510,MK04,83.28,A
4435,240001116,MK02,74.66,C
4436,240003461,MK06,96.11,A
4437,240004117,MK01,96.11,B
4438,240000660,MK04,76.63,A
4439,240004029,MK09,93.9,B+
4440,240003879,MK03,62.59,A
4441,240004479,MK10,87.99,C
4442,240003375,MK03,62.83,B
4443,240004758,MK10,78.12,A
4444,240001191,MK03,89.2,B+
4445,240001091,MK09,63.3,C
4446,240003852,MK07,87.39,A
4447,240000368,MK08,69.91,B
4448,240002757,MK08,93.91,C
4449,240004462,MK04,65.59,B+
4450,240003256,MK09,72.64,A
4451,240004390,MK01,81.41,B
4452,240000913,MK01,96.5,B+
4453,240001190,MK02,90.45,B+
4454,240000696,MK09,78.11,A
4455,240002796,MK02,84.56,B+
4456,240003052,MK05,93.89,A
4457,240000363,MK08,68.55,C
4458,240001323,MK03,63.27,C
4459,240004761,MK08,75.02,C
4460,240004152,MK06,83.62,C
4461,240003766,MK05,76.8,B
4462,240003140,MK09,76.81,A
4463,240004476,MK02,98.79,B
4464,240001897,MK06,97.76,A
4465,240002193,MK09,67.67,B
4466,240004937,MK02,92.27,B+
4467,240002054,MK07,68.04,B+
4468,240000152,MK07,86.86,B+
4469,240002901,MK03,96.36,B+
4470,240003353,MK04,90.81,C
4471,240001768,MK02,97.08,B+
4472,240003189,MK04,79.39,B
4473,240001428,MK04,82.23,B
4474,240000215,MK06,63.65,B
4475,240004426,MK02,68.7,B+
4476,240002827,MK02,64.73,C
4477,240003966,MK03,66.45,B
4478,240004544,MK08,67.98,B
4479,240000696,MK03,85.9,B
4480,240000291,MK01,70.23,C
4481,240000527,MK01,61.47,A
4482,240001461,MK04,78.14,A
4483,240001735,MK01,95.52,C
4484,240000963,MK09,64.69,B
4485,240004511,MK10,82.52,B
4486,240004794,MK01,81.89,A
4487,240003182,MK07,95.12,C
4488,240002995,MK09,85.89,A
4489,240000444,MK04,83.59,C
4490,240001396,MK04,77.27,C
4491,240000719,MK07,78.07,A
4492,240000583,MK02,98.79,B
4493,240004064,MK05,69.88,C
4494,240000053,MK02,69.76,A
4495,240000636,MK03,63.0,C
4496,240003536,MK07,63.07,C
4497,240002533,MK09,87.41,A
4498,240000171,MK10,61.71,B+
4499,240004663,MK05,90.06,B
4500,240001412,MK01,93.6,A
4501,240004015,MK09,88.18,C
4502,240003517,MK05,65.34,C
4503,240003283,MK10,69.74,A
4504,240004678,MK07,84.49,A
4505,240004686,MK03,98.8,C
4506,240003483,MK02,83.06,A
4507,240000136,MK05,61.31,B
4508,240004089,MK03,80.14,B
4509,240002115,MK09,75.55,B+
4510,240002734,MK02,88.42,B+
4511,240002362,MK03,88.12,C
4512,240003436,MK07,72.66,B
4513,240002462,MK06,61.65,C
4514,240002275,MK09,96.7,C
4515,240001459,MK04,99.32,C
4516,240002062,MK03,81.26,A
4517,240001414,MK08,90.86,C
4518,240002220,MK09,64.96,B+
4519,240000574,MK04,95.73,A
4520,240000109,MK10,77.88,A
4521,240002909,MK06,69.47,B
4522,240002199,MK05,93.54,C
4523,240004339,MK07,68.54,B
4524,240000996,MK07,80.93,C
4525,240000200,MK05,97.16,A
4526,240002726,MK05,86.06,B
4527,240004221,MK03,84.16,B+
4528,240003433,MK02,84.52,A
4529,240004429,MK06,61.89,B+
4530,240000293,MK02,60.88,A
4531,240001191,MK01,95.87,A
4532,240001711,MK05,74.14,B+
4533,240004036,MK02,75.87,B+
4534,240003188,MK08,62.06,B
4535,240004666,MK06,61.28,B
4536,240004881,MK03,85.75,B
4537,240001378,MK05,68.06,B+
4538,240002353,MK01,71.03,C
4539,240001313,MK04,62.81,B+
4540,240000518,MK01,70.27,A
4541,240001621,MK08,86.77,B+
4542,240002801,MK07,99.16,A
4543,240001293,MK05,78.82,C
4544,240004983,MK01,83.39,C
4545,240001953,MK02,75.85,C
4546,240002355,MK06,62.26,A
4547,240002739,MK04,92.01,C
4548,240002193,MK05,82.84,C
4549,240003183,MK04,89.08,B
4550,240000726,MK01,94.45,A
4551,240001671,MK04,77.27,B+
4552,240002429,MK07,98.86,C
4553,240000165,MK05,62.86,C
4554,240004972,MK07,78.98,C
4555,240002889,MK01,89.44,A
4556,240000896,MK03,72.51,B
4557,240002472,MK04,92.46,B
4558,240004153,MK05,88.78,A
4559,240000873,MK05,86.92,C
4560,240002494,MK04,93.4,B+
4561,240002052,MK06,73.43,A
4562,240003454,MK03,84.02,B+
4563,240002402,MK04,89.82,A
4564,240001104,MK07,67.63,B+
4565,240003373,MK08,61.92,B+
4566,240002062,MK10,72.26,B+
4567,240000675,MK06,67.92,B+
4568,240002782,MK03,83.96,A
4569,240001790,MK02,61.35,B+
4570,240002518,MK08,61.66,A
4571,240002322,MK01,64.8,B
4572,240003430,MK09,62.26,C
4573,240000998,MK04,66.64,B+
4574,240000311,MK08,78.88,B+
4575,240001290,MK06,86.62,C
4576,240002739,MK08,60.26,A
4577,240000904,MK04,91.79,B+
4578,240003086,MK07,60.47,A
4579,240004168,MK10,77.86,C
4580,240002183,MK06,61.9,B+
4581,240004535,MK03,62.7,C
4582,240003149,MK01,60.79,B
4583,240001952,MK01,60.3,B
4584,240000686,MK09,68.54,C
4585,240002453,MK09,60.91,B+
4586,240000167,MK09,63.12,B
4587,240002888,MK07,85.46,C
4588,240000629,MK04,74.44,B+
4589,240001794,MK08,80.52,B+
4590,240000236,MK04,65.39,B
4591,240002161,MK04,86.25,A
4592,240000525,MK10,72.83,B
4593,240001174,MK08,89.72,B
4594,240004334,MK01,66.04,A
4595,240004944,MK05,86.78,A
4596,240001699,MK04,80.58,A
4597,240001530,MK06,72.3,C
4598,240000212,MK08,83.89,C
4599,240001472,MK09,78.44,B+
4600,240001291,MK03,64.64,A
4601,240001549,MK07,88.83,A
4602,240004779,MK06,85.8,C
4603,240004141,MK04,93.82,C
4604,240004497,MK03,92.81,B
4605,240002225,MK02,90.42,B+
4606,240002899,MK02,92.31,A
4607,240003947,MK04,61.93,C
4608,240004226,MK03,95.95,C
4609,240001190,MK07,76.09,B
4610,240000335,MK10,92.71,B
4611,240002253,MK09,80.68,A
4612,240002482,MK07,82.1,B+
4613,240002056,MK03,63.71,C
4614,240003180,MK01,91.37,B+
4615,240002445,MK09,82.17,A
4616,240002256,MK09,68.38,C
4617,240003467,MK01,93.5,C
4618,240000428,MK08,81.32,B+
4619,240000934,MK04,62.01,C
4620,240002198,MK05,66.62,B
4621,240000571,MK07,78.58,B
4622,240001080,MK10,69.91,B
4623,240004647,MK03,84.54,B+
4624,240001703,MK05,63.8,B+
4625,240001748,MK08,93.71,B+
4626,240000754,MK03,88.18,A
4627,240003395,MK01,99.72,A
4628,240003101,MK07,66.49,B+
4629,240003523,MK07,69.69,C
4630,240003616,MK05,91.89,C
4631,240004409,MK07,88.56,C
4632,240000302,MK10,74.4,C
4633,240004347,MK10,92.03,C
4634,240004727,MK07,84.88,B+
4635,240002321,MK02,90.22,C
4636,240001832,MK08,63.66,B+
4637,240001275,MK02,76.44,A
4638,240004139,MK10,74.65,B+
4639,240000206,MK10,99.87,C
4640,240000008,MK01,78.91,A
4641,240003520,MK07,68.14,A
4642,240003669,MK05,79.13,C
4643,240000428,MK04,78.98,C
4644,240000873,MK07,85.73,A
4645,240000479,MK09,86.98,A
4646,240000557,MK05,70.4,A
4647,240000200,MK08,96.82,C
4648,240002696,MK06,73.69,B
4649,240002368,MK03,94.19,C
4650,240000497,MK07,87.42,A
4651,240002335,MK06,92.9,C
4652,240003205,MK03,74.35,C
4653,240004265,MK05,73.49,C
4654,240002233,MK04,86.92,B+
4655,240000438,MK01,62.05,A
4656,240004799,MK03,95.35,A
4657,240002361,MK03,68.67,C
4658,240002414,MK07,78.6,B+
4659,240001789,MK06,65.83,B
4660,240001840,MK08,79.3,B+
4661,240002489,MK06,96.92,B+
4662,240002855,MK06,70.77,A
4663,240002705,MK08,89.13,A
4664,240004731,MK01,64.56,B+
4665,240004942,MK04,61.71,B+
4666,240004011,MK01,93.22,B+
4667,240002983,MK06,75.14,B
4668,240000926,MK01,67.53,C
4669,240001632,MK10,61.05,B
4670,240002125,MK10,95.55,C
4671,240003446,MK08,83.13,A
4672,240000401,MK07,95.47,B+
4673,240002830,MK04,70.77,A
4674,240002118,MK09,78.92,B+
4675,240002249,MK06,63.6,B+
4676,240003143,MK07,76.11,A
4677,240000726,MK05,95.15,C
4678,240001402,MK07,95.26,B
4679,240003186,MK07,92.34,A
4680,240001789,MK02,86.01,B
4681,240001374,MK07,79.98,B
4682,240000841,MK10,96.13,B+
4683,240001750,MK10,81.11,B+
4684,240002897,MK09,70.01,B+
4685,240002514,MK03,93.16,B
4686,240000668,MK04,95.75,B+
4687,240004760,MK07,85.14,B+
4688,240002340,MK09,83.82,B
4689,240004044,MK04,91.45,A
4690,240004891,MK05,79.05,B+
4691,240000603,MK03,79.27,C
4692,240002791,MK06,64.27,B+
4693,240002149,MK08,86.9,B+
4694,240002056,MK03,61.66,C
4695,240002249,MK08,88.8,C
4696,240004234,MK06,67.35,A
4697,240000404,MK06,93.05,B+
4698,240000782,MK09,95.47,A
4699,240000074,MK04,67.21,C
4700,240004042,MK05,71.65,C
4701,240001946,MK10,69.76,B+
4702,240001199,MK01,78.22,C
4703,240000186,MK06,72.51,B+
4704,240004765,MK10,68.92,C
4705,240002536,MK02,64.4,B+
4706,240001222,MK03,100.0,B+
4707,240000447,MK01,87.92,B+
4708,240000802,MK01,77.04,B
4709,240001679,MK06,82.48,B+
4710,240001601,MK07,85.01,B
4711,240002217,MK10,63.97,C
4712,240001624,MK01,61.48,C
4713,240002737,MK01,80.71,B+
4714,240002005,MK03,88.05,B+
4715,240003411,MK01,71.1,B+
4716,240004639,MK05,85.45,B+
4717,240001013,MK08,77.02,A
4718,240002997,MK07,85.74,B
4719,240002836,MK07,97.96,B+
4720,240004759,MK02,91.57,B+
4721,240002644,MK06,80.77,C
4722,240001576,MK02,70.56,C
4723,240001152,MK10,87.51,B+
4724,240000810,MK05,81.07,A
4725,240001321,MK05,76.13,C
4726,240002152,MK04,94.48,B+
4727,240004040,MK02,67.72,C
4728,240003193,MK06,73.23,A
4729,240000540,MK07,94.25,B+
4730,240003940,MK09,93.12,B
4731,240001655,MK09,78.31,C
4732,240003620,MK07,93.2,B
4733,240003271,MK06,63.58,B
4734,240000638,MK09,98.04,B+
4735,240001283,MK02,97.3,A
4736,240003671,MK10,74.61,B
4737,240003598,MK08,73.64,B
4738,240003303,MK06,60.05,A
4739,240001188,MK08,94.44,C
4740,240004238,MK08,74.6,A
4741,240001229,MK02,60.72,B
4742,240004060,MK09,89.33,A
4743,240003558,MK03,75.93,C
4744,240003040,MK01,93.94,C
4745,240001385,MK09,79.9,B+
4746,240002715,MK10,65.92,A
4747,240003190,MK05,76.91,C
4748,240000985,MK08,79.96,B+
4749,240000961,MK03,82.85,B+
4750,240004161,MK02,91.6,A
4751,240003009,MK06,93.4,B
4752,240002886,MK07,87.54,B+
4753,240001571,MK09,63.21,B+
4754,240000326,MK08,61.34,C
4755,240000035,MK04,78.0,C
4756,240000193,MK09,99.65,B
4757,240000783,MK09,79.25,A
4758,240004828,MK06,73.18,B+
4759,240000156,MK06,60.61,B+
4760,240002595,MK01,89.13,C
4761,240004673,MK06,65.3,B
4762,240001850,MK06,93.07,B+
4763,240000180,MK08,67.1,A
4764,240002851,MK04,94.52,B
4765,240004090,MK03,88.05,C
4766,240003273,MK06,93.45,B
4767,240001227,MK09,61.42,C
4768,240001605,MK07,84.08,C
4769,240001325,MK09,75.98,A
4770,240001787,MK10,90.59,B+
4771,240000440,MK01,78.71,C
4772,240004626,MK10,95.15,A
4773,240001174,MK03,68.5,B
4774,240002585,MK05,96.83,A
4775,240002000,MK05,78.65,B+
4776,240001237,MK10,99.74,A
4777,240002085,MK09,72.41,C
4778,240003760,MK01,61.5,A
4779,240004245,MK02,84.69,B
4780,240004343,MK06,94.84,B+
4781,240003962,MK08,91.35,C
4782,240004786,MK05,61.97,A
4783,240003538,MK10,66.24,C
4784,240002742,MK08,94.49,C
4785,240000284,MK03,86.33,A
4786,240000505,MK10,97.82,B
4787,240000560,MK02,74.85,C
4788,240002731,MK07,61.45,B
4789,240001228,MK09,82.9,C
4790,240002247,MK04,63.74,C
4791,240000552,MK01,84.86,B+
4792,240004586,MK10,90.35,C
4793,240000300,MK08,97.96,B+
4794,240004018,MK08,71.48,B
4795,240001052,MK06,99.41,A
4796,240000709,MK10,60.72,B
4797,240001964,MK01,92.99,A
4798,240002684,MK07,79.6,B+
4799,240001949,MK02,90.03,A
4800,240004391,MK03,71.55,C
4801,240004152,MK01,83.19,C
4802,240003809,MK09,75.76,B
4803,240004045,MK09,63.52,B+
4804,240001948,MK02,83.52,B+
4805,240001423,MK05,98.1,A
4806,240003385,MK06,72.77,C
4807,240000391,MK09,77.77,B
4808,240000174,MK07,65.27,C
4809,240004349,MK05,97.69,B
4810,240001518,MK10,64.97,B+
4811,240001929,MK04,96.33,B
4812,240004854,MK10,60.54,B+
4813,240002961,MK05,67.71,C
4814,240004538,MK10,91.85,B+
4815,240004515,MK03,82.62,B
4816,240000730,MK01,87.59,C
4817,240002078,MK02,68.85,A
4818,240004867,MK09,90.53,B+
4819,240000548,MK10,84.22,B+
4820,240001834,MK06,81.8,B+
4821,240001898,MK05,64.48,B+
4822,240000000,MK04,96.47,B+
4823,240002328,MK02,74.5,A
4824,240000746,MK03,89.56,C
4825,240002376,MK04,75.97,B+
4826,240001368,MK06,61.22,A
4827,240003295,MK02,83.79,C
4828,240002665,MK02,89.28,B+
4829,240003179,MK10,63.72,B
4830,240002669,MK04,74.57,B
4831,240002085,MK05,79.83,A
4832,240001748,MK08,93.46,C
4833,240001551,MK04,80.24,B
4834,240000912,MK08,78.98,B+
4835,240001037,MK04,87.56,A
4836,240001603,MK09,76.19,C
4837,240002999,MK08,64.67,B
4838,240003486,MK03,69.37,C
4839,240001192,MK10,74.59,B+
4840,240003017,MK02,75.47,A
4841,240004657,MK10,92.05,A
4842,240001196,MK02,70.24,B+
4843,240001890,MK09,81.18,B+
4844,240003151,MK04,99.07,B
4845,240004282,MK01,87.12,B
4846,240004429,MK07,66.57,B+
4847,240002861,MK07,78.89,C
4848,240000644,MK04,99.83,C
4849,240002335,MK05,77.77,A
4850,240003216,MK06,73.85,B
4851,240002563,MK03,85.49,C
4852,240004879,MK04,93.23,B+
4853,240001696,MK06,60.02,B+
4854,240002518,MK07,68.34,B
4855,240003633,MK04,81.9,B
4856,240003961,MK03,70.68,A
4857,240004940,MK01,83.15,B+
4858,240001835,MK06,65.39,C
4859,240004683,MK04,77.32,B+
4860,240004056,MK05,64.18,C
4861,240003046,MK01,60.63,B
4862,240002697,MK04,86.54,A
4863,240000376,MK04,86.77,B
4864,240004562,MK09,62.51,C
4865,240001975,MK02,84.09,A
4866,240002658,MK01,80.12,C
4867,240000279,MK09,62.31,B
4868,240002743,MK07,73.29,A
4869,240003970,MK06,61.35,A
4870,240004339,MK08,91.82,A
4871,240001942,MK05,74.05,A
4872,240002558,MK03,63.72,A
4873,240001158,MK08,92.24,C
4874,240001333,MK07,81.9,A
4875,240002186,MK08,78.85,B+
4876,240004691,MK04,70.39,B+
4877,240003265,MK08,75.87,A
4878,240001377,MK08,80.7,A
4879,240004632,MK07,97.56,B
4880,240004320,MK02,94.93,A
4881,240004341,MK09,80.76,C
4882,240000500,MK05,60.04,A
4883,240003295,MK07,96.96,C
4884,240000096,MK05,90.77,B+
4885,240003111,MK04,71.09,B+
4886,240001202,MK01,76.75,B
4887,240004382,MK03,74.03,B
4888,240004566,MK09,74.47,B+
4889,240001278,MK05,73.91,A
4890,240000138,MK01,81.63,C
4891,240003020,MK08,70.43,B+
4892,240001611,MK01,88.29,A
4893,240004177,MK05,88.22,B
4894,240004403,MK01,64.46,B
4895,240004234,MK02,89.83,C
4896,240002298,MK03,92.08,B+
4897,240000339,MK01,93.4,A
4898,240002467,MK08,70.82,B+
4899,240002843,MK07,88.32,B+
4900,240000885,MK08,62.97,B
4901,240001497,MK08,60.45,A
4902,240001041,MK09,60.46,B+
4903,240000712,MK08,95.57,B
4904,240004533,MK10,73.95,A
4905,240004773,MK05,79.56,C
4906,240004260,MK02,76.6,B
4907,240002827,MK09,61.62,C
4908,240002380,MK01,95.6,A
4909,240000019,MK02,78.68,A
4910,240004679,MK10,69.4,C
4911,240000745,MK06,61.15,A
4912,240004969,MK07,88.57,C
4913,240004560,MK04,76.28,B
4914,240000031,MK01,90.6,C
4915,240000509,MK04,71.37,A
4916,240000896,MK05,61.93,C
4917,240002488,MK02,60.39,A
4918,240004490,MK09,79.21,C
4919,240004349,MK02,99.33,C
4920,240002059,MK07,78.51,B+
4921,240004229,MK06,71.26,B
4922,240002219,MK03,84.66,C
4923,240000033,MK01,67.58,C
4924,240001445,MK07,85.83,C
4925,240003827,MK02,96.39,B+
4926,240003502,MK08,99.4,B
4927,240004201,MK06,85.26,B+
4928,240002656,MK09,85.35,B
4929,240004608,MK01,69.57,C
4930,240002441,MK09,70.32,B+
4931,240002659,MK08,80.56,B+
4932,240004162,MK08,95.64,C
4933,240004615,MK06,90.89,C
4934,240000599,MK02,65.21,B+
4935,240000197,MK05,89.11,C
4936,240002122,MK07,89.98,A
4937,240001843,MK09,98.24,B
4938,240002155,MK08,84.53,B
4939,240001086,MK05,82.96,B+
4940,240003301,MK01,73.29,C
4941,240003647,MK03,71.65,B
4942,240003622,MK03,97.22,B+
4943,240003142,MK09,66.99,C
4944,240004210,MK08,80.16,C
4945,240001830,MK02,98.84,A
4946,240004936,MK01,99.7,B+
4947,240000586,MK08,96.74,C
4948,240002946,MK10,87.74,A
4949,240003624,MK10,82.22,A
4950,240000667,MK04,88.28,B+
4951,240004873,MK08,85.3,C
4952,240000890,MK06,77.04,B
4953,240001208,MK08,60.59,C
4954,240000998,MK03,67.25,C
4955,240003067,MK09,82.14,B
4956,240000210,MK07,70.16,B
4957,240004077,MK10,96.23,B
4958,240002466,MK08,89.05,B+
4959,240000053,MK09,76.04,A
4960,240004827,MK09,63.06,A
4961,240003701,MK05,85.86,A
4962,240000708,MK07,79.86,C
4963,240001166,MK04,73.37,B
4964,240003079,MK06,76.17,B+
4965,240004905,MK02,65.26,B+
4966,240000664,MK03,74.41,B+
4967,240002443,MK09,97.18,B
4968,240003953,MK03,93.42,C
4969,240002977,MK10,85.66,A
4970,240001848,MK10,66.51,C
4971,240001232,MK01,67.95,C
4972,240004377,MK03,61.79,B+
4973,240004903,MK04,84.01,B+
4974,240003475,MK10,75.86,B+
4975,240003534,MK05,82.75,A
4976,240000575,MK06,72.14,A
4977,240000996,MK10,92.5,B
4978,240004584,MK03,67.57,B+
4979,240002170,MK08,96.89,A
4980,240000028,MK04,93.54,B
4981,240002017,MK03,97.27,B+
4982,240004135,MK09,70.22,B
4983,240004637,MK05,97.83,C
4984,240000117,MK02,88.08,B
4985,240004864,MK10,95.93,B+
4986,240002343,MK09,86.55,B
4987,240000219,MK07,86.06,A
4988,240000148,MK08,60.3,B
4989,240000512,MK10,65.79,C
4990,240002224,MK01,93.8,A
4991,240003792,MK06,89.89,B+
4992,240002621,MK05,70.15,C
4993,240004718,MK10,81.84,A
4994,240002161,MK08,86.23,B+
4995,240002594,MK03,70.11,B
4996,240000116,MK09,73.37,C
4997,240002911,MK04,98.21,B+
4998,240000828,MK06,66.05,C
4999,240002810,MK05,83.1,C
5000,240001440,MK02,91.82,B
