id_presensi,nim,kode_matakuliah,tanggal,status_kehadiran
1,240004537,MK07,2026-05-07,Hadir
2,240001787,MK08,2026-05-07,Hadir
3,240002856,MK02,2026-05-07,Hadir
4,240001120,MK06,2026-05-07,Hadir
5,240002731,MK07,2026-05-07,Hadir
6,240003863,MK01,2026-05-07,Tidak Hadir
7,240004678,MK06,2026-05-07,Hadir
8,240000669,MK06,2026-05-07,Hadir
9,240003217,MK05,2026-05-07,Tidak Hadir
10,240001695,MK08,2026-05-07,Hadir
11,240004877,MK05,2026-05-07,Hadir
12,240003545,MK05,2026-05-07,Hadir
13,240000802,MK04,2026-05-07,Tidak Hadir
14,240000764,MK08,2026-05-07,Hadir
15,240000003,MK06,2026-05-07,Hadir
16,240001337,MK09,2026-05-07,Hadir
17,240002678,MK08,2026-05-07,Hadir
18,240003417,MK04,2026-05-07,Hadir
19,240001719,MK06,2026-05-07,Hadir
20,240000224,MK04,2026-05-07,Hadir
21,240004739,MK05,2026-05-07,Hadir
22,240003417,MK03,2026-05-07,Hadir
23,240004687,MK03,2026-05-07,Hadir
24,240001647,MK04,2026-05-07,Tidak Hadir
25,240000891,MK01,2026-05-07,Hadir
26,240004576,MK04,2026-05-07,Tidak Hadir
27,240001952,MK04,2026-05-07,Hadir
28,240003959,MK03,2026-05-07,Hadir
29,240002435,MK08,2026-05-07,Hadir
30,240004866,MK06,2026-05-07,Tidak Hadir
31,240001563,MK02,2026-05-07,Hadir
32,240004050,MK07,2026-05-07,Hadir
33,240001639,MK07,2026-05-07,Hadir
34,240003924,MK10,2026-05-07,Hadir
35,240002223,MK09,2026-05-07,Hadir
36,240003688,MK06,2026-05-07,Hadir
37,240004427,MK10,2026-05-07,Hadir
38,240002149,MK06,2026-05-07,Hadir
39,240002327,MK09,2026-05-07,Hadir
40,240001254,MK10,2026-05-07,Hadir
41,240002600,MK02,2026-05-07,Tidak Hadir
42,240004266,MK08,2026-05-07,Hadir
43,240002750,MK07,2026-05-07,Hadir
44,240000862,MK04,2026-05-07,Hadir
45,240004726,MK08,2026-05-07,Hadir
46,240004326,MK05,2026-05-07,Hadir
47,240001867,MK08,2026-05-07,Hadir
48,240002122,MK02,2026-05-07,Hadir
49,240000549,MK09,2026-05-07,Hadir
50,240002478,MK04,2026-05-07,Hadir
51,240003694,MK06,2026-05-07,Hadir
52,240004014,MK08,2026-05-07,Hadir
53,240002381,MK03,2026-05-07,Hadir
54,240003810,MK04,2026-05-07,Hadir
55,240001429,MK04,2026-05-07,Hadir
56,240001761,MK04,2026-05-07,Hadir
57,240001649,MK03,2026-05-07,Hadir
58,240000357,MK05,2026-05-07,Tidak Hadir
59,240001095,MK03,2026-05-07,Hadir
60,240002679,MK05,2026-05-07,Hadir
61,240001028,MK09,2026-05-07,Hadir
62,240002626,MK07,2026-05-07,Hadir
63,240004464,MK04,2026-05-07,Hadir
64,240001691,MK10,2026-05-07,Hadir
65,240004744,MK09,2026-05-07,Hadir
66,240001256,MK06,2026-05-07,Hadir
67,240004073,MK02,2026-05-07,Hadir
68,240000475,MK08,2026-05-07,Hadir
69,240003457,MK09,2026-05-07,Hadir
70,240002052,MK08,2026-05-07,Hadir
71,240002942,MK08,2026-05-07,Hadir
72,240001342,MK09,2026-05-07,Hadir
73,240002895,MK03,2026-05-07,Hadir
74,240000662,MK03,2026-05-07,Hadir
75,240004783,MK08,2026-05-07,Hadir
76,240001536,MK04,2026-05-07,Hadir
77,240001558,MK04,2026-05-07,Hadir
78,240002010,MK05,2026-05-07,Hadir
79,240000413,MK03,2026-05-07,Hadir
80,240004978,MK07,2026-05-07,Hadir
81,240002903,MK05,2026-05-07,Hadir
82,240004756,MK05,2026-05-07,Hadir
83,240004458,MK04,2026-05-07,Hadir
84,240001216,MK02,2026-05-07,Tidak Hadir
85,240003471,MK02,2026-05-07,Hadir
86,240001941,MK06,2026-05-07,Tidak Hadir
87,240001226,MK09,2026-05-07,Hadir
88,240002107,MK02,2026-05-07,Hadir
89,240000671,MK04,2026-05-07,Hadir
90,240000728,MK09,2026-05-07,Hadir
91,240004078,MK03,2026-05-07,Hadir
92,240002618,MK06,2026-05-07,Hadir
93,240004867,MK01,2026-05-07,Hadir
94,240001456,MK02,2026-05-07,Tidak Hadir
95,240003768,MK01,2026-05-07,Hadir
96,240000405,MK02,2026-05-07,Hadir
97,240003349,MK08,2026-05-07,Hadir
98,240002270,MK07,2026-05-07,Tidak Hadir
99,240000275,MK03,2026-05-07,Hadir
100,240004118,MK03,2026-05-07,Hadir
101,240003263,MK05,2026-05-07,Tidak Hadir
102,240003988,MK04,2026-05-07,Hadir
103,240000110,MK06,2026-05-07,Hadir
104,240000798,MK10,2026-05-07,Hadir
105,240003852,MK05,2026-05-07,Tidak Hadir
106,240004115,MK04,2026-05-07,Hadir
107,240004347,MK09,2026-05-07,Hadir
108,240003356,MK04,2026-05-07,Hadir
109,240004502,MK05,2026-05-07,Hadir
110,240000276,MK03,2026-05-07,Hadir
111,240002229,MK05,2026-05-07,Hadir
112,240002439,MK03,2026-05-07,Hadir
113,240003172,MK01,2026-05-07,Hadir
114,240003950,MK06,2026-05-07,Tidak Hadir
115,240000228,MK06,2026-05-07,Hadir
116,240004732,MK07,2026-05-07,Hadir
117,240003486,MK10,2026-05-07,Hadir
118,240003939,MK04,2026-05-07,Hadir
119,240002519,MK05,2026-05-07,Hadir
120,240000018,MK03,2026-05-07,Hadir
121,240001594,MK05,2026-05-07,Hadir
122,240001832,MK04,2026-05-07,Hadir
123,240002219,MK06,2026-05-07,Hadir
124,240000705,MK09,2026-05-07,Hadir
125,240001971,MK06,2026-05-07,Hadir
126,240002162,MK08,2026-05-07,Hadir
127,240003067,MK04,2026-05-07,Tidak Hadir
128,240003504,MK07,2026-05-07,Hadir
129,240003504,MK09,2026-05-07,Hadir
130,240000409,MK01,2026-05-07,Hadir
131,240004803,MK04,2026-05-07,Hadir
132,240004876,MK02,2026-05-07,Hadir
133,240003643,MK01,2026-05-07,Hadir
134,240003486,MK01,2026-05-07,Hadir
135,240003299,MK06,2026-05-07,Hadir
136,240003523,MK09,2026-05-07,Hadir
137,240003634,MK10,2026-05-07,Hadir
138,240003259,MK06,2026-05-07,Hadir
139,240004697,MK02,2026-05-07,Hadir
140,240003889,MK06,2026-05-07,Hadir
141,240000746,MK09,2026-05-07,Hadir
142,240000383,MK01,2026-05-07,Hadir
143,240004823,MK05,2026-05-07,Hadir
144,240004986,MK05,2026-05-07,Tidak Hadir
145,240001099,MK02,2026-05-07,Hadir
146,240001386,MK02,2026-05-07,Hadir
147,240000213,MK04,2026-05-07,Hadir
148,240001647,MK07,2026-05-07,Hadir
149,240001783,MK07,2026-05-07,Hadir
150,240001477,MK02,2026-05-07,Hadir
151,240003916,MK05,2026-05-07,Hadir
152,240004256,MK03,2026-05-07,Hadir
153,240001250,MK02,2026-05-07,Hadir
154,240004878,MK03,2026-05-07,Hadir
155,240004268,MK03,2026-05-07,Hadir
156,240001565,MK04,2026-05-07,Tidak Hadir
157,240004108,MK08,2026-05-07,Tidak Hadir
158,240004741,MK03,2026-05-07,Hadir
159,240003755,MK04,2026-05-07,Hadir
160,240004123,MK06,2026-05-07,Hadir
161,240000280,MK04,2026-05-07,Hadir
162,240002490,MK08,2026-05-07,Hadir
163,240001303,MK02,2026-05-07,Tidak Hadir
164,240001690,MK03,2026-05-07,Hadir
165,240002964,MK02,2026-05-07,Hadir
166,240004361,MK08,2026-05-07,Hadir
167,240003186,MK07,2026-05-07,Hadir
168,240004072,MK08,2026-05-07,Hadir
169,240000794,MK07,2026-05-07,Hadir
170,240002241,MK09,2026-05-07,Hadir
171,240004839,MK02,2026-05-07,Hadir
172,240004495,MK06,2026-05-07,Tidak Hadir
173,240001881,MK08,2026-05-07,Hadir
174,240004800,MK02,2026-05-07,Hadir
175,240004597,MK10,2026-05-07,Hadir
176,240000460,MK01,2026-05-07,Hadir
177,240000349,MK05,2026-05-07,Hadir
178,240002663,MK07,2026-05-07,Hadir
179,240002892,MK10,2026-05-07,Hadir
180,240004262,MK06,2026-05-07,Hadir
181,240004484,MK04,2026-05-07,Hadir
182,240004443,MK03,2026-05-07,Hadir
183,240003074,MK06,2026-05-07,Tidak Hadir
184,240003006,MK05,2026-05-07,Hadir
185,240001686,MK08,2026-05-07,Hadir
186,240000941,MK05,2026-05-07,Hadir
187,240003027,MK05,2026-05-07,Hadir
188,240004853,MK08,2026-05-07,Tidak Hadir
189,240004482,MK01,2026-05-07,Hadir
190,240001766,MK06,2026-05-07,Hadir
191,240002606,MK04,2026-05-07,Hadir
192,240004607,MK06,2026-05-07,Hadir
193,240004743,MK01,2026-05-07,Hadir
194,240000520,MK07,2026-05-07,Hadir
195,240001559,MK05,2026-05-07,Hadir
196,240001496,MK05,2026-05-07,Hadir
197,240001443,MK02,2026-05-07,Hadir
198,240004887,MK04,2026-05-07,Hadir
199,240002778,MK02,2026-05-07,Hadir
200,240000619,MK08,2026-05-07,Tidak Hadir
201,240002199,MK05,2026-05-07,Hadir
202,240003837,MK08,2026-05-07,Hadir
203,240001772,MK05,2026-05-07,Hadir
204,240002695,MK05,2026-05-07,Hadir
205,240004939,MK01,2026-05-07,Hadir
206,240003639,MK01,2026-05-07,Hadir
207,240002028,MK10,2026-05-07,Hadir
208,240003049,MK05,2026-05-07,Hadir
209,240002204,MK02,2026-05-07,Hadir
210,240004489,MK04,2026-05-07,Hadir
211,240003998,MK05,2026-05-07,Hadir
212,240003784,MK02,2026-05-07,Tidak Hadir
213,240000853,MK05,2026-05-07,Hadir
214,240001406,MK09,2026-05-07,Hadir
215,240003418,MK07,2026-05-07,Hadir
216,240003793,MK05,2026-05-07,Hadir
217,240002555,MK05,2026-05-07,Hadir
218,240001809,MK03,2026-05-07,Hadir
219,240002841,MK09,2026-05-07,Hadir
220,240000054,MK04,2026-05-07,Hadir
221,240004850,MK07,2026-05-07,Hadir
222,240003487,MK08,2026-05-07,Tidak Hadir
223,240003322,MK01,2026-05-07,Hadir
224,240002895,MK07,2026-05-07,Hadir
225,240003087,MK02,2026-05-07,Tidak Hadir
226,240001013,MK01,2026-05-07,Hadir
227,240001381,MK06,2026-05-07,Hadir
228,240004991,MK07,2026-05-07,Hadir
229,240000033,MK10,2026-05-07,Tidak Hadir
230,240001370,MK02,2026-05-07,Hadir
231,240002608,MK02,2026-05-07,Tidak Hadir
232,240004196,MK08,2026-05-07,Hadir
233,240002213,MK02,2026-05-07,Hadir
234,240001302,MK09,2026-05-07,Hadir
235,240003255,MK07,2026-05-07,Hadir
236,240003586,MK03,2026-05-07,Tidak Hadir
237,240000796,MK05,2026-05-07,Hadir
238,240001835,MK03,2026-05-07,Hadir
239,240000251,MK10,2026-05-07,Hadir
240,240003713,MK09,2026-05-07,Hadir
241,240004989,MK01,2026-05-07,Hadir
242,240004296,MK07,2026-05-07,Hadir
243,240001846,MK03,2026-05-07,Hadir
244,240002682,MK07,2026-05-07,Hadir
245,240000781,MK10,2026-05-07,Hadir
246,240000556,MK03,2026-05-07,Hadir
247,240002943,MK02,2026-05-07,Hadir
248,240000526,MK10,2026-05-07,Hadir
249,240004773,MK07,2026-05-07,Hadir
250,240001544,MK07,2026-05-07,Hadir
251,240003793,MK05,2026-05-07,Hadir
252,240002545,MK05,2026-05-07,Hadir
253,240001698,MK06,2026-05-07,Hadir
254,240003646,MK03,2026-05-07,Tidak Hadir
255,240000986,MK03,2026-05-07,Hadir
256,240000716,MK02,2026-05-07,Hadir
257,240002252,MK03,2026-05-07,Hadir
258,240001089,MK02,2026-05-07,Hadir
259,240004842,MK03,2026-05-07,Hadir
260,240003206,MK07,2026-05-07,Hadir
261,240003816,MK03,2026-05-07,Hadir
262,240004674,MK05,2026-05-07,Hadir
263,240004344,MK01,2026-05-07,Hadir
264,240002643,MK10,2026-05-07,Tidak Hadir
265,240001928,MK08,2026-05-07,Tidak Hadir
266,240002626,MK03,2026-05-07,Hadir
267,240002257,MK01,2026-05-07,Hadir
268,240002716,MK04,2026-05-07,Hadir
269,240003044,MK09,2026-05-07,Tidak Hadir
270,240001178,MK07,2026-05-07,Hadir
271,240003712,MK05,2026-05-07,Hadir
272,240001758,MK04,2026-05-07,Hadir
273,240004654,MK02,2026-05-07,Hadir
274,240002954,MK10,2026-05-07,Hadir
275,240003292,MK01,2026-05-07,Tidak Hadir
276,240001978,MK10,2026-05-07,Hadir
277,240004309,MK07,2026-05-07,Hadir
278,240004313,MK09,2026-05-07,Hadir
279,240003326,MK06,2026-05-07,Hadir
280,240004557,MK06,2026-05-07,Hadir
281,240001942,MK02,2026-05-07,Hadir
282,240001377,MK07,2026-05-07,Hadir
283,240004290,MK02,2026-05-07,Hadir
284,240001660,MK06,2026-05-07,Hadir
285,240004013,MK10,2026-05-07,Hadir
286,240003693,MK07,2026-05-07,Hadir
287,240003073,MK09,2026-05-07,Hadir
288,240000681,MK08,2026-05-07,Hadir
289,240004833,MK03,2026-05-07,Hadir
290,240004852,MK08,2026-05-07,Hadir
291,240002633,MK03,2026-05-07,Hadir
292,240001154,MK08,2026-05-07,Hadir
293,240001317,MK03,2026-05-07,Hadir
294,240003247,MK02,2026-05-07,Tidak Hadir
295,240000234,MK05,2026-05-07,Hadir
296,240000055,MK10,2026-05-07,Hadir
297,240002899,MK05,2026-05-07,Hadir
298,240003730,MK10,2026-05-07,Tidak Hadir
299,240001193,MK01,2026-05-07,Hadir
300,240001956,MK07,2026-05-07,Hadir
301,240003755,MK06,2026-05-07,Tidak Hadir
302,240003312,MK06,2026-05-07,Hadir
303,240004611,MK06,2026-05-07,Hadir
304,240003690,MK03,2026-05-07,Hadir
305,240004964,MK02,2026-05-07,Hadir
306,240000704,MK03,2026-05-07,Hadir
307,240001594,MK01,2026-05-07,Hadir
308,240000025,MK03,2026-05-07,Tidak Hadir
309,240000899,MK06,2026-05-07,Hadir
310,240003598,MK05,2026-05-07,Hadir
311,240000622,MK06,2026-05-07,Hadir
312,240004854,MK05,2026-05-07,Hadir
313,240000721,MK06,2026-05-07,Hadir
314,240003544,MK03,2026-05-07,Hadir
315,240004235,MK08,2026-05-07,Hadir
316,240003013,MK05,2026-05-07,Tidak Hadir
317,240000850,MK07,2026-05-07,Hadir
318,240000431,MK04,2026-05-07,Hadir
319,240003580,MK02,2026-05-07,Tidak Hadir
320,240003367,MK06,2026-05-07,Hadir
321,240000839,MK08,2026-05-07,Hadir
322,240002378,MK08,2026-05-07,Hadir
323,240000326,MK01,2026-05-07,Hadir
324,240004252,MK06,2026-05-07,Hadir
325,240001498,MK09,2026-05-07,Hadir
326,240000432,MK09,2026-05-07,Hadir
327,240002368,MK03,2026-05-07,Tidak Hadir
328,240003066,MK09,2026-05-07,Hadir
329,240002429,MK05,2026-05-07,Hadir
330,240002625,MK02,2026-05-07,Hadir
331,240004889,MK07,2026-05-07,Hadir
332,240000670,MK05,2026-05-07,Hadir
333,240004254,MK07,2026-05-07,Hadir
334,240003514,MK04,2026-05-07,Hadir
335,240003357,MK02,2026-05-07,Hadir
336,240004583,MK04,2026-05-07,Hadir
337,240003489,MK08,2026-05-07,Hadir
338,240002059,MK08,2026-05-07,Hadir
339,240003428,MK05,2026-05-07,Hadir
340,240004937,MK05,2026-05-07,Hadir
341,240002490,MK02,2026-05-07,Hadir
342,240001854,MK05,2026-05-07,Hadir
343,240002262,MK01,2026-05-07,Hadir
344,240004433,MK09,2026-05-07,Hadir
345,240000247,MK10,2026-05-07,Hadir
346,240003319,MK02,2026-05-07,Tidak Hadir
347,240001161,MK01,2026-05-07,Tidak Hadir
348,240004588,MK01,2026-05-07,Hadir
349,240000660,MK06,2026-05-07,Hadir
350,240001542,MK06,2026-05-07,Hadir
351,240004087,MK03,2026-05-07,Hadir
352,240002038,MK10,2026-05-07,Hadir
353,240004386,MK01,2026-05-07,Hadir
354,240004970,MK01,2026-05-07,Hadir
355,240002152,MK03,2026-05-07,Hadir
356,240000207,MK07,2026-05-07,Hadir
357,240001524,MK05,2026-05-07,Hadir
358,240000199,MK10,2026-05-07,Hadir
359,240003229,MK01,2026-05-07,Hadir
360,240002861,MK02,2026-05-07,Hadir
361,240003904,MK03,2026-05-07,Hadir
362,240000604,MK07,2026-05-07,Tidak Hadir
363,240000342,MK01,2026-05-07,Hadir
364,240002905,MK02,2026-05-07,Hadir
365,240000585,MK05,2026-05-07,Hadir
366,240004771,MK10,2026-05-07,Hadir
367,240004384,MK10,2026-05-07,Hadir
368,240001325,MK01,2026-05-07,Hadir
369,240000391,MK06,2026-05-07,Hadir
370,240002710,MK02,2026-05-07,Hadir
371,240004039,MK01,2026-05-07,Hadir
372,240003499,MK03,2026-05-07,Hadir
373,240001113,MK08,2026-05-07,Hadir
374,240000047,MK01,2026-05-07,Hadir
375,240003136,MK05,2026-05-07,Hadir
376,240004874,MK08,2026-05-07,Tidak Hadir
377,240001088,MK09,2026-05-07,Hadir
378,240000715,MK05,2026-05-07,Hadir
379,240003027,MK01,2026-05-07,Hadir
380,240003106,MK02,2026-05-07,Hadir
381,240001030,MK10,2026-05-07,Hadir
382,240000533,MK10,2026-05-07,Hadir
383,240003986,MK09,2026-05-07,Hadir
384,240000610,MK10,2026-05-07,Hadir
385,240003149,MK04,2026-05-07,Hadir
386,240004623,MK07,2026-05-07,Hadir
387,240004378,MK05,2026-05-07,Hadir
388,240002949,MK04,2026-05-07,Hadir
389,240002394,MK07,2026-05-07,Hadir
390,240004794,MK04,2026-05-07,Hadir
391,240002321,MK01,2026-05-07,Hadir
392,240002669,MK02,2026-05-07,Hadir
393,240002617,MK01,2026-05-07,Hadir
394,240004129,MK07,2026-05-07,Hadir
395,240001828,MK07,2026-05-07,Hadir
396,240002339,MK07,2026-05-07,Hadir
397,240004229,MK08,2026-05-07,Hadir
398,240002686,MK09,2026-05-07,Hadir
399,240000851,MK03,2026-05-07,Hadir
400,240001787,MK03,2026-05-07,Hadir
401,240000657,MK09,2026-05-07,Hadir
402,240004683,MK03,2026-05-07,Tidak Hadir
403,240004099,MK10,2026-05-07,Hadir
404,240003718,MK05,2026-05-07,Hadir
405,240002408,MK02,2026-05-07,Hadir
406,240004605,MK02,2026-05-07,Hadir
407,240000669,MK08,2026-05-07,Hadir
408,240000693,MK06,2026-05-07,Hadir
409,240004519,MK02,2026-05-07,Hadir
410,240003198,MK01,2026-05-07,Hadir
411,240003010,MK05,2026-05-07,Hadir
412,240004489,MK08,2026-05-07,Hadir
413,240003488,MK08,2026-05-07,Hadir
414,240002555,MK06,2026-05-07,Hadir
415,240002707,MK09,2026-05-07,Hadir
416,240003153,MK07,2026-05-07,Hadir
417,240004501,MK05,2026-05-07,Hadir
418,240003765,MK05,2026-05-07,Hadir
419,240004425,MK05,2026-05-07,Tidak Hadir
420,240004414,MK01,2026-05-07,Hadir
421,240002859,MK01,2026-05-07,Hadir
422,240003671,MK10,2026-05-07,Hadir
423,240003233,MK09,2026-05-07,Hadir
424,240002462,MK04,2026-05-07,Hadir
425,240003828,MK06,2026-05-07,Hadir
426,240003329,MK02,2026-05-07,Hadir
427,240002865,MK05,2026-05-07,Hadir
428,240004734,MK06,2026-05-07,Hadir
429,240002937,MK10,2026-05-07,Hadir
430,240004464,MK09,2026-05-07,Hadir
431,240003308,MK05,2026-05-07,Hadir
432,240001854,MK07,2026-05-07,Tidak Hadir
433,240003438,MK05,2026-05-07,Hadir
434,240003361,MK04,2026-05-07,Hadir
435,240003820,MK07,2026-05-07,Tidak Hadir
436,240003792,MK09,2026-05-07,Hadir
437,240000059,MK06,2026-05-07,Tidak Hadir
438,240002416,MK10,2026-05-07,Hadir
439,240004631,MK10,2026-05-07,Hadir
440,240001797,MK08,2026-05-07,Hadir
441,240003591,MK07,2026-05-07,Hadir
442,240002122,MK02,2026-05-07,Hadir
443,240000232,MK10,2026-05-07,Hadir
444,240002513,MK07,2026-05-07,Hadir
445,240000469,MK07,2026-05-07,Hadir
446,240000252,MK07,2026-05-07,Hadir
447,240000774,MK01,2026-05-07,Hadir
448,240002450,MK02,2026-05-07,Hadir
449,240002063,MK04,2026-05-07,Hadir
450,240002221,MK05,2026-05-07,Hadir
451,240004881,MK10,2026-05-07,Hadir
452,240002240,MK02,2026-05-07,Hadir
453,240004832,MK10,2026-05-07,Tidak Hadir
454,240003572,MK04,2026-05-07,Hadir
455,240000466,MK06,2026-05-07,Hadir
456,240001935,MK02,2026-05-07,Hadir
457,240004484,MK01,2026-05-07,Hadir
458,240001525,MK10,2026-05-07,Tidak Hadir
459,240000669,MK01,2026-05-07,Hadir
460,240000670,MK01,2026-05-07,Hadir
461,240002230,MK09,2026-05-07,Hadir
462,240002200,MK03,2026-05-07,Hadir
463,240004370,MK10,2026-05-07,Hadir
464,240004294,MK05,2026-05-07,Hadir
465,240003808,MK02,2026-05-07,Hadir
466,240000379,MK01,2026-05-07,Hadir
467,240001672,MK05,2026-05-07,Hadir
468,240000299,MK09,2026-05-07,Hadir
469,240003362,MK02,2026-05-07,Hadir
470,240000043,MK07,2026-05-07,Hadir
471,240001346,MK04,2026-05-07,Hadir
472,240001133,MK07,2026-05-07,Hadir
473,240000556,MK01,2026-05-07,Hadir
474,240000848,MK06,2026-05-07,Tidak Hadir
475,240003427,MK05,2026-05-07,Hadir
476,240004791,MK10,2026-05-07,Hadir
477,240002730,MK04,2026-05-07,Hadir
478,240000550,MK06,2026-05-07,Hadir
479,240004455,MK08,2026-05-07,Hadir
480,240004914,MK10,2026-05-07,Hadir
481,240002285,MK08,2026-05-07,Hadir
482,240000950,MK09,2026-05-07,Hadir
483,240003457,MK04,2026-05-07,Tidak Hadir
484,240004548,MK06,2026-05-07,Hadir
485,240002639,MK05,2026-05-07,Hadir
486,240003012,MK09,2026-05-07,Tidak Hadir
487,240002039,MK02,2026-05-07,Hadir
488,240002097,MK01,2026-05-07,Hadir
489,240002349,MK10,2026-05-07,Tidak Hadir
490,240004916,MK08,2026-05-07,Tidak Hadir
491,240002729,MK09,2026-05-07,Hadir
492,240001436,MK10,2026-05-07,Hadir
493,240000082,MK04,2026-05-07,Hadir
494,240002776,MK02,2026-05-07,Hadir
495,240003099,MK07,2026-05-07,Hadir
496,240002399,MK06,2026-05-07,Hadir
497,240000099,MK09,2026-05-07,Tidak Hadir
498,240004927,MK08,2026-05-07,Hadir
499,240002817,MK04,2026-05-07,Hadir
500,240001694,MK03,2026-05-07,Hadir
501,240003474,MK01,2026-05-07,Hadir
502,240001463,MK08,2026-05-07,Hadir
503,240000766,MK08,2026-05-07,Hadir
504,240000631,MK10,2026-05-07,Hadir
505,240001503,MK04,2026-05-07,Hadir
506,240004764,MK04,2026-05-07,Hadir
507,240000097,MK01,2026-05-07,Hadir
508,240000439,MK05,2026-05-07,Tidak Hadir
509,240001914,MK01,2026-05-07,Hadir
510,240001151,MK08,2026-05-07,Tidak Hadir
511,240004447,MK03,2026-05-07,Hadir
512,240001500,MK01,2026-05-07,Hadir
513,240000178,MK03,2026-05-07,Tidak Hadir
514,240002274,MK03,2026-05-07,Hadir
515,240003077,MK01,2026-05-07,Hadir
516,240001101,MK02,2026-05-07,Hadir
517,240001205,MK01,2026-05-07,Hadir
518,240000065,MK10,2026-05-07,Hadir
519,240004314,MK10,2026-05-07,Hadir
520,240002207,MK10,2026-05-07,Tidak Hadir
521,240001096,MK09,2026-05-07,Hadir
522,240001279,MK08,2026-05-07,Hadir
523,240000636,MK04,2026-05-07,Hadir
524,240004111,MK04,2026-05-07,Hadir
525,240000117,MK08,2026-05-07,Hadir
526,240002055,MK07,2026-05-07,Hadir
527,240002866,MK02,2026-05-07,Hadir
528,240003338,MK01,2026-05-07,Hadir
529,240003809,MK06,2026-05-07,Hadir
530,240003670,MK10,2026-05-07,Hadir
531,240000571,MK08,2026-05-07,Hadir
532,240001191,MK01,2026-05-07,Hadir
533,240004248,MK01,2026-05-07,Hadir
534,240004421,MK06,2026-05-07,Hadir
535,240003280,MK01,2026-05-07,Hadir
536,240000450,MK01,2026-05-07,Hadir
537,240003118,MK07,2026-05-07,Hadir
538,240001739,MK10,2026-05-07,Hadir
539,240001426,MK09,2026-05-07,Hadir
540,240003492,MK06,2026-05-07,Hadir
541,240003796,MK09,2026-05-07,Hadir
542,240001406,MK04,2026-05-07,Hadir
543,240004214,MK03,2026-05-07,Hadir
544,240001408,MK10,2026-05-07,Hadir
545,240001205,MK01,2026-05-07,Hadir
546,240003023,MK04,2026-05-07,Hadir
547,240000268,MK04,2026-05-07,Hadir
548,240001927,MK08,2026-05-07,Hadir
549,240004569,MK06,2026-05-07,Hadir
550,240003481,MK07,2026-05-07,Hadir
551,240001954,MK09,2026-05-07,Hadir
552,240004366,MK08,2026-05-07,Hadir
553,240000320,MK10,2026-05-07,Hadir
554,240001591,MK05,2026-05-07,Hadir
555,240003775,MK07,2026-05-07,Hadir
556,240003196,MK04,2026-05-07,Hadir
557,240002654,MK10,2026-05-07,Hadir
558,240003621,MK07,2026-05-07,Hadir
559,240000503,MK09,2026-05-07,Hadir
560,240003544,MK08,2026-05-07,Hadir
561,240002879,MK01,2026-05-07,Hadir
562,240001302,MK04,2026-05-07,Hadir
563,240004474,MK03,2026-05-07,Hadir
564,240002993,MK09,2026-05-07,Hadir
565,240000356,MK08,2026-05-07,Hadir
566,240000366,MK02,2026-05-07,Hadir
567,240003776,MK09,2026-05-07,Hadir
568,240002410,MK07,2026-05-07,Hadir
569,240002697,MK10,2026-05-07,Hadir
570,240003461,MK08,2026-05-07,Hadir
571,240003013,MK07,2026-05-07,Hadir
572,240003050,MK03,2026-05-07,Hadir
573,240003776,MK09,2026-05-07,Hadir
574,240002134,MK04,2026-05-07,Hadir
575,240001677,MK05,2026-05-07,Hadir
576,240002023,MK07,2026-05-07,Hadir
577,240003348,MK08,2026-05-07,Hadir
578,240002117,MK07,2026-05-07,Tidak Hadir
579,240001651,MK02,2026-05-07,Hadir
580,240004024,MK10,2026-05-07,Hadir
581,240000657,MK01,2026-05-07,Hadir
582,240003457,MK06,2026-05-07,Tidak Hadir
583,240004562,MK03,2026-05-07,Hadir
584,240004863,MK03,2026-05-07,Hadir
585,240002139,MK03,2026-05-07,Hadir
586,240001579,MK09,2026-05-07,Hadir
587,240001698,MK03,2026-05-07,Tidak Hadir
588,240004728,MK03,2026-05-07,Hadir
589,240001671,MK02,2026-05-07,Hadir
590,240000495,MK10,2026-05-07,Hadir
591,240000841,MK10,2026-05-07,Hadir
592,240003027,MK09,2026-05-07,Hadir
593,240003648,MK03,2026-05-07,Tidak Hadir
594,240001867,MK10,2026-05-07,Hadir
595,240001385,MK01,2026-05-07,Hadir
596,240004326,MK06,2026-05-07,Hadir
597,240003117,MK01,2026-05-07,Hadir
598,240003635,MK08,2026-05-07,Hadir
599,240001859,MK03,2026-05-07,Hadir
600,240002654,MK02,2026-05-07,Hadir
601,240004152,MK06,2026-05-07,Hadir
602,240002502,MK06,2026-05-07,Hadir
603,240001875,MK09,2026-05-07,Hadir
604,240003634,MK07,2026-05-07,Hadir
605,240004706,MK07,2026-05-07,Hadir
606,240003873,MK02,2026-05-07,Hadir
607,240004813,MK05,2026-05-07,Hadir
608,240003787,MK09,2026-05-07,Hadir
609,240003829,MK01,2026-05-07,Hadir
610,240000550,MK03,2026-05-07,Hadir
611,240002994,MK03,2026-05-07,Hadir
612,240000049,MK04,2026-05-07,Hadir
613,240004289,MK09,2026-05-07,Hadir
614,240002463,MK07,2026-05-07,Hadir
615,240000116,MK04,2026-05-07,Hadir
616,240003494,MK01,2026-05-07,Hadir
617,240001860,MK05,2026-05-07,Tidak Hadir
618,240001473,MK10,2026-05-07,Hadir
619,240004601,MK01,2026-05-07,Tidak Hadir
620,240001651,MK07,2026-05-07,Hadir
621,240001245,MK05,2026-05-07,Hadir
622,240001564,MK01,2026-05-07,Hadir
623,240002736,MK07,2026-05-07,Hadir
624,240003651,MK01,2026-05-07,Hadir
625,240001709,MK05,2026-05-07,Hadir
626,240001355,MK02,2026-05-07,Hadir
627,240002024,MK06,2026-05-07,Hadir
628,240003195,MK06,2026-05-07,Hadir
629,240004366,MK10,2026-05-07,Hadir
630,240004013,MK06,2026-05-07,Hadir
631,240004947,MK04,2026-05-07,Tidak Hadir
632,240001260,MK08,2026-05-07,Hadir
633,240001941,MK04,2026-05-07,Hadir
634,240004232,MK08,2026-05-07,Hadir
635,240002018,MK10,2026-05-07,Hadir
636,240004268,MK05,2026-05-07,Hadir
637,240003385,MK02,2026-05-07,Hadir
638,240002455,MK05,2026-05-07,Hadir
639,240002122,MK06,2026-05-07,Hadir
640,240004011,MK10,2026-05-07,Hadir
641,240004248,MK10,2026-05-07,Hadir
642,240000965,MK08,2026-05-07,Hadir
643,240000241,MK01,2026-05-07,Hadir
644,240003849,MK05,2026-05-07,Hadir
645,240004993,MK06,2026-05-07,Hadir
646,240002282,MK04,2026-05-07,Hadir
647,240001675,MK05,2026-05-07,Hadir
648,240000734,MK08,2026-05-07,Hadir
649,240000877,MK03,2026-05-07,Hadir
650,240002438,MK01,2026-05-07,Hadir
651,240001884,MK10,2026-05-07,Hadir
652,240000107,MK08,2026-05-07,Hadir
653,240002569,MK09,2026-05-07,Tidak Hadir
654,240004787,MK10,2026-05-07,Hadir
655,240003647,MK09,2026-05-07,Hadir
656,240003203,MK08,2026-05-07,Hadir
657,240004766,MK02,2026-05-07,Hadir
658,240000048,MK05,2026-05-07,Tidak Hadir
659,240004901,MK04,2026-05-07,Hadir
660,240001005,MK06,2026-05-07,Hadir
661,240004159,MK10,2026-05-07,Hadir
662,240002868,MK09,2026-05-07,Tidak Hadir
663,240004596,MK02,2026-05-07,Hadir
664,240002622,MK04,2026-05-07,Tidak Hadir
665,240003635,MK02,2026-05-07,Hadir
666,240000034,MK09,2026-05-07,Tidak Hadir
667,240000263,MK04,2026-05-07,Hadir
668,240004340,MK10,2026-05-07,Hadir
669,240002962,MK01,2026-05-07,Hadir
670,240003753,MK07,2026-05-07,Hadir
671,240000321,MK09,2026-05-07,Hadir
672,240004671,MK01,2026-05-07,Hadir
673,240000422,MK04,2026-05-07,Hadir
674,240001443,MK06,2026-05-07,Hadir
675,240000291,MK07,2026-05-07,Hadir
676,240001218,MK10,2026-05-07,Hadir
677,240000197,MK03,2026-05-07,Hadir
678,240001205,MK08,2026-05-07,Hadir
679,240001336,MK07,2026-05-07,Hadir
680,240002622,MK08,2026-05-07,Hadir
681,240004663,MK07,2026-05-07,Hadir
682,240004580,MK08,2026-05-07,Hadir
683,240000298,MK08,2026-05-07,Hadir
684,240002662,MK09,2026-05-07,Tidak Hadir
685,240001274,MK03,2026-05-07,Hadir
686,240001174,MK01,2026-05-07,Hadir
687,240002475,MK06,2026-05-07,Hadir
688,240004425,MK07,2026-05-07,Hadir
689,240002231,MK01,2026-05-07,Hadir
690,240000446,MK06,2026-05-07,Hadir
691,240004009,MK05,2026-05-07,Hadir
692,240003131,MK02,2026-05-07,Hadir
693,240003609,MK08,2026-05-07,Hadir
694,240000447,MK07,2026-05-07,Hadir
695,240000687,MK01,2026-05-07,Hadir
696,240001783,MK06,2026-05-07,Hadir
697,240003227,MK01,2026-05-07,Hadir
698,240004115,MK10,2026-05-07,Hadir
699,240001599,MK05,2026-05-07,Hadir
700,240002843,MK04,2026-05-07,Hadir
701,240003798,MK06,2026-05-07,Hadir
702,240004088,MK01,2026-05-07,Hadir
703,240001807,MK04,2026-05-07,Hadir
704,240002712,MK08,2026-05-07,Hadir
705,240004364,MK08,2026-05-07,Tidak Hadir
706,240002228,MK02,2026-05-07,Hadir
707,240004408,MK01,2026-05-07,Hadir
708,240000689,MK03,2026-05-07,Hadir
709,240002558,MK10,2026-05-07,Hadir
710,240001558,MK04,2026-05-07,Hadir
711,240000946,MK04,2026-05-07,Hadir
712,240003986,MK06,2026-05-07,Hadir
713,240003581,MK02,2026-05-07,Hadir
714,240000019,MK10,2026-05-07,Hadir
715,240002916,MK04,2026-05-07,Tidak Hadir
716,240004596,MK10,2026-05-07,Hadir
717,240002126,MK05,2026-05-07,Hadir
718,240002863,MK06,2026-05-07,Hadir
719,240003666,MK08,2026-05-07,Hadir
720,240004845,MK08,2026-05-07,Tidak Hadir
721,240000634,MK04,2026-05-07,Hadir
722,240002768,MK08,2026-05-07,Hadir
723,240001206,MK04,2026-05-07,Hadir
724,240001327,MK03,2026-05-07,Hadir
725,240004776,MK04,2026-05-07,Hadir
726,240004054,MK02,2026-05-07,Hadir
727,240003613,MK01,2026-05-07,Hadir
728,240004564,MK07,2026-05-07,Hadir
729,240003746,MK07,2026-05-07,Hadir
730,240000798,MK10,2026-05-07,Hadir
731,240003322,MK03,2026-05-07,Tidak Hadir
732,240002009,MK01,2026-05-07,Hadir
733,240002707,MK06,2026-05-07,Hadir
734,240000302,MK08,2026-05-07,Hadir
735,240003641,MK01,2026-05-07,Hadir
736,240002362,MK01,2026-05-07,Hadir
737,240001660,MK02,2026-05-07,Hadir
738,240002048,MK08,2026-05-07,Hadir
739,240003872,MK07,2026-05-07,Hadir
740,240001149,MK08,2026-05-07,Hadir
741,240000317,MK10,2026-05-07,Hadir
742,240001291,MK01,2026-05-07,Hadir
743,240002868,MK01,2026-05-07,Hadir
744,240001186,MK06,2026-05-07,Hadir
745,240002740,MK02,2026-05-07,Hadir
746,240000208,MK10,2026-05-07,Hadir
747,240003531,MK02,2026-05-07,Hadir
748,240003141,MK06,2026-05-07,Hadir
749,240002378,MK10,2026-05-07,Hadir
750,240002868,MK07,2026-05-07,Hadir
751,240002977,MK05,2026-05-07,Hadir
752,240002244,MK01,2026-05-07,Hadir
753,240000667,MK05,2026-05-07,Hadir
754,240000468,MK01,2026-05-07,Hadir
755,240004321,MK03,2026-05-07,Hadir
756,240000427,MK05,2026-05-07,Hadir
757,240002367,MK04,2026-05-07,Hadir
758,240002552,MK05,2026-05-07,Hadir
759,240004752,MK01,2026-05-07,Hadir
760,240000496,MK04,2026-05-07,Hadir
761,240002761,MK02,2026-05-07,Hadir
762,240000793,MK10,2026-05-07,Hadir
763,240000898,MK01,2026-05-07,Hadir
764,240001406,MK09,2026-05-07,Hadir
765,240003088,MK07,2026-05-07,Tidak Hadir
766,240004004,MK06,2026-05-07,Hadir
767,240004505,MK04,2026-05-07,Hadir
768,240003027,MK01,2026-05-07,Hadir
769,240002292,MK07,2026-05-07,Hadir
770,240002347,MK02,2026-05-07,Hadir
771,240001617,MK07,2026-05-07,Tidak Hadir
772,240002871,MK01,2026-05-07,Hadir
773,240003455,MK06,2026-05-07,Hadir
774,240001070,MK10,2026-05-07,Hadir
775,240002317,MK09,2026-05-07,Tidak Hadir
776,240001543,MK06,2026-05-07,Hadir
777,240000076,MK07,2026-05-07,Hadir
778,240003288,MK09,2026-05-07,Hadir
779,240004250,MK06,2026-05-07,Hadir
780,240000330,MK04,2026-05-07,Hadir
781,240002004,MK07,2026-05-07,Hadir
782,240001619,MK06,2026-05-07,Hadir
783,240003233,MK08,2026-05-07,Hadir
784,240002231,MK09,2026-05-07,Hadir
785,240004413,MK09,2026-05-07,Hadir
786,240001301,MK07,2026-05-07,Tidak Hadir
787,240002463,MK09,2026-05-07,Hadir
788,240001178,MK04,2026-05-07,Hadir
789,240002219,MK02,2026-05-07,Hadir
790,240002430,MK04,2026-05-07,Hadir
791,240003285,MK09,2026-05-07,Tidak Hadir
792,240004348,MK06,2026-05-07,Tidak Hadir
793,240003379,MK09,2026-05-07,Hadir
794,240004371,MK01,2026-05-07,Hadir
795,240002649,MK02,2026-05-07,Hadir
796,240001140,MK07,2026-05-07,Hadir
797,240002015,MK02,2026-05-07,Hadir
798,240003882,MK05,2026-05-07,Hadir
799,240001784,MK04,2026-05-07,Hadir
800,240003831,MK10,2026-05-07,Hadir
801,240002918,MK02,2026-05-07,Hadir
802,240000664,MK05,2026-05-07,Hadir
803,240003174,MK10,2026-05-07,Hadir
804,240002341,MK09,2026-05-07,Hadir
805,240001812,MK01,2026-05-07,Hadir
806,240003468,MK04,2026-05-07,Hadir
807,240001544,MK05,2026-05-07,Hadir
808,240001399,MK06,2026-05-07,Hadir
809,240001624,MK10,2026-05-07,Hadir
810,240000295,MK06,2026-05-07,Hadir
811,240003435,MK01,2026-05-07,Hadir
812,240002821,MK03,2026-05-07,Hadir
813,240001258,MK09,2026-05-07,Hadir
814,240001638,MK10,2026-05-07,Hadir
815,240004601,MK02,2026-05-07,Hadir
816,240004530,MK04,2026-05-07,Hadir
817,240002300,MK01,2026-05-07,Hadir
818,240001457,MK09,2026-05-07,Hadir
819,240002244,MK06,2026-05-07,Hadir
820,240004741,MK09,2026-05-07,Hadir
821,240000411,MK10,2026-05-07,Tidak Hadir
822,240000978,MK10,2026-05-07,Tidak Hadir
823,240004458,MK02,2026-05-07,Hadir
824,240004498,MK02,2026-05-07,Tidak Hadir
825,240003865,MK04,2026-05-07,Hadir
826,240004390,MK07,2026-05-07,Hadir
827,240001594,MK08,2026-05-07,Hadir
828,240003880,MK06,2026-05-07,Hadir
829,240002395,MK01,2026-05-07,Hadir
830,240004510,MK04,2026-05-07,Hadir
831,240004723,MK05,2026-05-07,Hadir
832,240001296,MK01,2026-05-07,Hadir
833,240004686,MK06,2026-05-07,Tidak Hadir
834,240003269,MK07,2026-05-07,Hadir
835,240001295,MK07,2026-05-07,Hadir
836,240002454,MK04,2026-05-07,Hadir
837,240004531,MK07,2026-05-07,Tidak Hadir
838,240004046,MK05,2026-05-07,Hadir
839,240003162,MK07,2026-05-07,Hadir
840,240004860,MK02,2026-05-07,Hadir
841,240002740,MK03,2026-05-07,Hadir
842,240003486,MK10,2026-05-07,Hadir
843,240003959,MK09,2026-05-07,Hadir
844,240001651,MK04,2026-05-07,Hadir
845,240004621,MK09,2026-05-07,Hadir
846,240000987,MK05,2026-05-07,Hadir
847,240001181,MK04,2026-05-07,Hadir
848,240000360,MK01,2026-05-07,Hadir
849,240002322,MK06,2026-05-07,Hadir
850,240002363,MK09,2026-05-07,Hadir
851,240004062,MK01,2026-05-07,Tidak Hadir
852,240002980,MK07,2026-05-07,Hadir
853,240000118,MK02,2026-05-07,Tidak Hadir
854,240002172,MK09,2026-05-07,Hadir
855,240004314,MK04,2026-05-07,Hadir
856,240000569,MK08,2026-05-07,Hadir
857,240003082,MK05,2026-05-07,Hadir
858,240002293,MK09,2026-05-07,Hadir
859,240004264,MK10,2026-05-07,Hadir
860,240002005,MK07,2026-05-07,Hadir
861,240001502,MK07,2026-05-07,Hadir
862,240001273,MK02,2026-05-07,Hadir
863,240000293,MK06,2026-05-07,Hadir
864,240003514,MK05,2026-05-07,Hadir
865,240000142,MK03,2026-05-07,Hadir
866,240003624,MK09,2026-05-07,Hadir
867,240001008,MK06,2026-05-07,Hadir
868,240004228,MK08,2026-05-07,Hadir
869,240002340,MK01,2026-05-07,Hadir
870,240000084,MK01,2026-05-07,Hadir
871,240002848,MK01,2026-05-07,Hadir
872,240001992,MK02,2026-05-07,Hadir
873,240002466,MK07,2026-05-07,Hadir
874,240003156,MK03,2026-05-07,Tidak Hadir
875,240004568,MK06,2026-05-07,Hadir
876,240004999,MK01,2026-05-07,Hadir
877,240002666,MK07,2026-05-07,Hadir
878,240000175,MK10,2026-05-07,Hadir
879,240002142,MK02,2026-05-07,Hadir
880,240003648,MK06,2026-05-07,Hadir
881,240004447,MK09,2026-05-07,Hadir
882,240002993,MK07,2026-05-07,Hadir
883,240003446,MK08,2026-05-07,Hadir
884,240004920,MK03,2026-05-07,Hadir
885,240000511,MK04,2026-05-07,Hadir
886,240000734,MK08,2026-05-07,Hadir
887,240003420,MK02,2026-05-07,Hadir
888,240004474,MK07,2026-05-07,Hadir
889,240003528,MK06,2026-05-07,Hadir
890,240002066,MK01,2026-05-07,Hadir
891,240002785,MK07,2026-05-07,Hadir
892,240004788,MK03,2026-05-07,Tidak Hadir
893,240004258,MK03,2026-05-07,Hadir
894,240000714,MK09,2026-05-07,Hadir
895,240002308,MK02,2026-05-07,Hadir
896,240000064,MK03,2026-05-07,Hadir
897,240003515,MK07,2026-05-07,Tidak Hadir
898,240004638,MK04,2026-05-07,Hadir
899,240004118,MK04,2026-05-07,Hadir
900,240003084,MK01,2026-05-07,Tidak Hadir
901,240000721,MK07,2026-05-07,Hadir
902,240003753,MK09,2026-05-07,Hadir
903,240004114,MK10,2026-05-07,Hadir
904,240000913,MK07,2026-05-07,Hadir
905,240001030,MK01,2026-05-07,Hadir
906,240001840,MK07,2026-05-07,Hadir
907,240001514,MK02,2026-05-07,Hadir
908,240003488,MK03,2026-05-07,Hadir
909,240000989,MK06,2026-05-07,Hadir
910,240004225,MK07,2026-05-07,Hadir
911,240002511,MK06,2026-05-07,Hadir
912,240002692,MK02,2026-05-07,Tidak Hadir
913,240002407,MK10,2026-05-07,Hadir
914,240000184,MK06,2026-05-07,Hadir
915,240000953,MK05,2026-05-07,Hadir
916,240001363,MK10,2026-05-07,Hadir
917,240000331,MK02,2026-05-07,Hadir
918,240002816,MK03,2026-05-07,Hadir
919,240000004,MK05,2026-05-07,Hadir
920,240004267,MK07,2026-05-07,Hadir
921,240003743,MK04,2026-05-07,Hadir
922,240000761,MK03,2026-05-07,Hadir
923,240004078,MK04,2026-05-07,Hadir
924,240004676,MK03,2026-05-07,Hadir
925,240001433,MK01,2026-05-07,Hadir
926,240001484,MK05,2026-05-07,Hadir
927,240004443,MK04,2026-05-07,Hadir
928,240000387,MK02,2026-05-07,Hadir
929,240004730,MK09,2026-05-07,Hadir
930,240003070,MK05,2026-05-07,Hadir
931,240000821,MK10,2026-05-07,Tidak Hadir
932,240000067,MK02,2026-05-07,Hadir
933,240001371,MK10,2026-05-07,Hadir
934,240000212,MK10,2026-05-07,Hadir
935,240003330,MK05,2026-05-07,Hadir
936,240003259,MK02,2026-05-07,Hadir
937,240003409,MK10,2026-05-07,Hadir
938,240004113,MK05,2026-05-07,Hadir
939,240004700,MK08,2026-05-07,Hadir
940,240004384,MK04,2026-05-07,Hadir
941,240003363,MK07,2026-05-07,Hadir
942,240003820,MK03,2026-05-07,Hadir
943,240001928,MK09,2026-05-07,Hadir
944,240000318,MK03,2026-05-07,Hadir
945,240002410,MK07,2026-05-07,Hadir
946,240002550,MK03,2026-05-07,Hadir
947,240000557,MK08,2026-05-07,Hadir
948,240004555,MK07,2026-05-07,Hadir
949,240004586,MK06,2026-05-07,Tidak Hadir
950,240000459,MK10,2026-05-07,Hadir
951,240003438,MK08,2026-05-07,Hadir
952,240001746,MK01,2026-05-07,Tidak Hadir
953,240000894,MK10,2026-05-07,Hadir
954,240003090,MK08,2026-05-07,Hadir
955,240004416,MK06,2026-05-07,Hadir
956,240000086,MK10,2026-05-07,Hadir
957,240001137,MK01,2026-05-07,Hadir
958,240001401,MK07,2026-05-07,Hadir
959,240001914,MK01,2026-05-07,Hadir
960,240000818,MK10,2026-05-07,Tidak Hadir
961,240004687,MK06,2026-05-07,Hadir
962,240004476,MK05,2026-05-07,Hadir
963,240000942,MK01,2026-05-07,Hadir
964,240004130,MK08,2026-05-07,Hadir
965,240000222,MK03,2026-05-07,Hadir
966,240000496,MK05,2026-05-07,Hadir
967,240003465,MK05,2026-05-07,Hadir
968,240000584,MK09,2026-05-07,Hadir
969,240001475,MK05,2026-05-07,Hadir
970,240001659,MK08,2026-05-07,Hadir
971,240002044,MK01,2026-05-07,Hadir
972,240000586,MK07,2026-05-07,Hadir
973,240003432,MK03,2026-05-07,Hadir
974,240001763,MK10,2026-05-07,Hadir
975,240001634,MK03,2026-05-07,Hadir
976,240004638,MK04,2026-05-07,Hadir
977,240002344,MK03,2026-05-07,Hadir
978,240001531,MK07,2026-05-07,Hadir
979,240000692,MK07,2026-05-07,Hadir
980,240000077,MK03,2026-05-07,Hadir
981,240000656,MK07,2026-05-07,Hadir
982,240004416,MK08,2026-05-07,Hadir
983,240000172,MK09,2026-05-07,Hadir
984,240001727,MK08,2026-05-07,Hadir
985,240004074,MK07,2026-05-07,Hadir
986,240002900,MK06,2026-05-07,Hadir
987,240003028,MK10,2026-05-07,Hadir
988,240004546,MK02,2026-05-07,Hadir
989,240004254,MK09,2026-05-07,Hadir
990,240002711,MK07,2026-05-07,Hadir
991,240003765,MK08,2026-05-07,Hadir
992,240001283,MK08,2026-05-07,Hadir
993,240001101,MK06,2026-05-07,Hadir
994,240001097,MK03,2026-05-07,Hadir
995,240001095,MK08,2026-05-07,Tidak Hadir
996,240003723,MK09,2026-05-07,Hadir
997,240003222,MK08,2026-05-07,Hadir
998,240001648,MK09,2026-05-07,Hadir
999,240003487,MK08,2026-05-07,Tidak Hadir
1000,240002839,MK05,2026-05-07,Hadir
1001,240002013,MK03,2026-05-07,Hadir
1002,240001567,MK03,2026-05-07,Hadir
1003,240000526,MK10,2026-05-07,Hadir
1004,240004638,MK07,2026-05-07,Hadir
1005,240002753,MK05,2026-05-07,Hadir
1006,240003345,MK04,2026-05-07,Hadir
1007,240002194,MK01,2026-05-07,Hadir
1008,240004306,MK06,2026-05-07,Hadir
1009,240004565,MK05,2026-05-07,Hadir
1010,240004604,MK03,2026-05-07,Hadir
1011,240000268,MK10,2026-05-07,Hadir
1012,240001542,MK07,2026-05-07,Tidak Hadir
1013,240002388,MK02,2026-05-07,Hadir
1014,240001777,MK02,2026-05-07,Hadir
1015,240002778,MK02,2026-05-07,Hadir
1016,240001599,MK07,2026-05-07,Hadir
1017,240004620,MK07,2026-05-07,Hadir
1018,240001412,MK08,2026-05-07,Hadir
1019,240000893,MK09,2026-05-07,Hadir
1020,240000582,MK05,2026-05-07,Hadir
1021,240004990,MK02,2026-05-07,Hadir
1022,240004277,MK10,2026-05-07,Hadir
1023,240003576,MK04,2026-05-07,Tidak Hadir
1024,240004829,MK07,2026-05-07,Hadir
1025,240004190,MK03,2026-05-07,Hadir
1026,240001629,MK05,2026-05-07,Hadir
1027,240004198,MK10,2026-05-07,Hadir
1028,240002052,MK06,2026-05-07,Tidak Hadir
1029,240003151,MK07,2026-05-07,Hadir
1030,240003818,MK04,2026-05-07,Tidak Hadir
1031,240003821,MK10,2026-05-07,Hadir
1032,240002766,MK10,2026-05-07,Hadir
1033,240003518,MK04,2026-05-07,Hadir
1034,240002777,MK09,2026-05-07,Hadir
1035,240000560,MK05,2026-05-07,Tidak Hadir
1036,240001874,MK03,2026-05-07,Hadir
1037,240000655,MK03,2026-05-07,Hadir
1038,240001875,MK05,2026-05-07,Tidak Hadir
1039,240003321,MK08,2026-05-07,Hadir
1040,240001314,MK06,2026-05-07,Hadir
1041,240003654,MK06,2026-05-07,Tidak Hadir
1042,240001586,MK08,2026-05-07,Hadir
1043,240002980,MK02,2026-05-07,Hadir
1044,240002827,MK10,2026-05-07,Hadir
1045,240004781,MK06,2026-05-07,Hadir
1046,240003144,MK08,2026-05-07,Hadir
1047,240000713,MK09,2026-05-07,Hadir
1048,240003725,MK03,2026-05-07,Hadir
1049,240004785,MK02,2026-05-07,Hadir
1050,240000316,MK02,2026-05-07,Hadir
1051,240004643,MK10,2026-05-07,Hadir
1052,240003250,MK09,2026-05-07,Hadir
1053,240004310,MK07,2026-05-07,Hadir
1054,240002260,MK05,2026-05-07,Hadir
1055,240003489,MK01,2026-05-07,Hadir
1056,240004579,MK06,2026-05-07,Hadir
1057,240000454,MK02,2026-05-07,Hadir
1058,240004241,MK08,2026-05-07,Hadir
1059,240003610,MK08,2026-05-07,Hadir
1060,240000350,MK02,2026-05-07,Hadir
1061,240001694,MK04,2026-05-07,Hadir
1062,240000182,MK08,2026-05-07,Hadir
1063,240001398,MK07,2026-05-07,Hadir
1064,240003361,MK09,2026-05-07,Hadir
1065,240001461,MK08,2026-05-07,Tidak Hadir
1066,240002858,MK02,2026-05-07,Hadir
1067,240002386,MK05,2026-05-07,Hadir
1068,240002515,MK08,2026-05-07,Hadir
1069,240004921,MK09,2026-05-07,Hadir
1070,240003064,MK02,2026-05-07,Hadir
1071,240000017,MK04,2026-05-07,Hadir
1072,240001705,MK07,2026-05-07,Hadir
1073,240003691,MK03,2026-05-07,Tidak Hadir
1074,240002945,MK09,2026-05-07,Hadir
1075,240002519,MK10,2026-05-07,Hadir
1076,240000904,MK02,2026-05-07,Hadir
1077,240001254,MK05,2026-05-07,Hadir
1078,240002626,MK10,2026-05-07,Hadir
1079,240003243,MK09,2026-05-07,Hadir
1080,240002069,MK10,2026-05-07,Hadir
1081,240000589,MK03,2026-05-07,Hadir
1082,240001451,MK09,2026-05-07,Hadir
1083,240003980,MK02,2026-05-07,Hadir
1084,240003110,MK07,2026-05-07,Hadir
1085,240004573,MK04,2026-05-07,Hadir
1086,240002323,MK07,2026-05-07,Hadir
1087,240001386,MK10,2026-05-07,Hadir
1088,240003246,MK04,2026-05-07,Hadir
1089,240004923,MK02,2026-05-07,Hadir
1090,240002910,MK07,2026-05-07,Hadir
1091,240000672,MK10,2026-05-07,Hadir
1092,240003758,MK02,2026-05-07,Tidak Hadir
1093,240004331,MK07,2026-05-07,Hadir
1094,240001118,MK02,2026-05-07,Hadir
1095,240002177,MK04,2026-05-07,Hadir
1096,240004035,MK02,2026-05-07,Hadir
1097,240003047,MK07,2026-05-07,Hadir
1098,240000755,MK03,2026-05-07,Tidak Hadir
1099,240001169,MK03,2026-05-07,Hadir
1100,240003078,MK04,2026-05-07,Hadir
1101,240003422,MK08,2026-05-07,Hadir
1102,240004621,MK06,2026-05-07,Hadir
1103,240000451,MK08,2026-05-07,Hadir
1104,240002179,MK01,2026-05-07,Hadir
1105,240003811,MK07,2026-05-07,Tidak Hadir
1106,240002040,MK06,2026-05-07,Hadir
1107,240000365,MK08,2026-05-07,Hadir
1108,240001297,MK10,2026-05-07,Hadir
1109,240003187,MK09,2026-05-07,Hadir
1110,240000878,MK07,2026-05-07,Hadir
1111,240003476,MK04,2026-05-07,Hadir
1112,240003417,MK03,2026-05-07,Hadir
1113,240001213,MK05,2026-05-07,Hadir
1114,240001595,MK09,2026-05-07,Hadir
1115,240003711,MK07,2026-05-07,Hadir
1116,240001077,MK04,2026-05-07,Hadir
1117,240002767,MK04,2026-05-07,Tidak Hadir
1118,240000021,MK10,2026-05-07,Hadir
1119,240001566,MK09,2026-05-07,Hadir
1120,240000599,MK07,2026-05-07,Hadir
1121,240000234,MK02,2026-05-07,Hadir
1122,240001621,MK05,2026-05-07,Hadir
1123,240004576,MK10,2026-05-07,Hadir
1124,240004715,MK09,2026-05-07,Hadir
1125,240004066,MK05,2026-05-07,Hadir
1126,240001644,MK01,2026-05-07,Hadir
1127,240002445,MK07,2026-05-07,Hadir
1128,240003095,MK02,2026-05-07,Hadir
1129,240001399,MK05,2026-05-07,Hadir
1130,240000455,MK01,2026-05-07,Tidak Hadir
1131,240002153,MK06,2026-05-07,Hadir
1132,240003561,MK01,2026-05-07,Hadir
1133,240001834,MK08,2026-05-07,Hadir
1134,240000069,MK08,2026-05-07,Hadir
1135,240002789,MK10,2026-05-07,Hadir
1136,240001872,MK08,2026-05-07,Hadir
1137,240001466,MK04,2026-05-07,Hadir
1138,240002592,MK06,2026-05-07,Hadir
1139,240001066,MK10,2026-05-07,Hadir
1140,240003572,MK04,2026-05-07,Hadir
1141,240004419,MK03,2026-05-07,Hadir
1142,240003960,MK02,2026-05-07,Hadir
1143,240001625,MK09,2026-05-07,Hadir
1144,240003157,MK06,2026-05-07,Hadir
1145,240002306,MK06,2026-05-07,Hadir
1146,240001518,MK03,2026-05-07,Hadir
1147,240000238,MK08,2026-05-07,Hadir
1148,240003409,MK06,2026-05-07,Hadir
1149,240004851,MK08,2026-05-07,Hadir
1150,240000992,MK09,2026-05-07,Hadir
1151,240004144,MK06,2026-05-07,Tidak Hadir
1152,240004237,MK06,2026-05-07,Hadir
1153,240004231,MK05,2026-05-07,Hadir
1154,240000964,MK05,2026-05-07,Hadir
1155,240001516,MK08,2026-05-07,Hadir
1156,240004893,MK04,2026-05-07,Hadir
1157,240000096,MK02,2026-05-07,Hadir
1158,240003238,MK08,2026-05-07,Tidak Hadir
1159,240003053,MK07,2026-05-07,Hadir
1160,240003053,MK06,2026-05-07,Hadir
1161,240003813,MK04,2026-05-07,Hadir
1162,240000175,MK10,2026-05-07,Hadir
1163,240002353,MK07,2026-05-07,Hadir
1164,240001740,MK05,2026-05-07,Hadir
1165,240001636,MK04,2026-05-07,Hadir
1166,240003687,MK02,2026-05-07,Hadir
1167,240004833,MK06,2026-05-07,Hadir
1168,240002277,MK02,2026-05-07,Hadir
1169,240002547,MK07,2026-05-07,Tidak Hadir
1170,240000278,MK10,2026-05-07,Hadir
1171,240003901,MK05,2026-05-07,Hadir
1172,240001024,MK08,2026-05-07,Hadir
1173,240004163,MK07,2026-05-07,Hadir
1174,240002617,MK05,2026-05-07,Hadir
1175,240002609,MK08,2026-05-07,Hadir
1176,240004228,MK05,2026-05-07,Hadir
1177,240004560,MK09,2026-05-07,Hadir
1178,240003871,MK10,2026-05-07,Hadir
1179,240004782,MK02,2026-05-07,Hadir
1180,240001560,MK05,2026-05-07,Hadir
1181,240000001,MK06,2026-05-07,Hadir
1182,240000249,MK06,2026-05-07,Hadir
1183,240000558,MK02,2026-05-07,Hadir
1184,240002625,MK06,2026-05-07,Hadir
1185,240004232,MK02,2026-05-07,Hadir
1186,240000458,MK02,2026-05-07,Hadir
1187,240003611,MK10,2026-05-07,Tidak Hadir
1188,240000366,MK06,2026-05-07,Hadir
1189,240001844,MK02,2026-05-07,Hadir
1190,240003674,MK05,2026-05-07,Hadir
1191,240002473,MK06,2026-05-07,Tidak Hadir
1192,240002507,MK10,2026-05-07,Hadir
1193,240001592,MK06,2026-05-07,Hadir
1194,240002599,MK10,2026-05-07,Hadir
1195,240003028,MK09,2026-05-07,Hadir
1196,240000337,MK04,2026-05-07,Hadir
1197,240002125,MK03,2026-05-07,Hadir
1198,240002884,MK01,2026-05-07,Hadir
1199,240001273,MK02,2026-05-07,Hadir
1200,240000302,MK09,2026-05-07,Tidak Hadir
1201,240002563,MK08,2026-05-07,Hadir
1202,240002376,MK05,2026-05-07,Hadir
1203,240003354,MK01,2026-05-07,Hadir
1204,240000987,MK10,2026-05-07,Hadir
1205,240004105,MK01,2026-05-07,Hadir
1206,240003385,MK09,2026-05-07,Hadir
1207,240002837,MK10,2026-05-07,Hadir
1208,240002751,MK06,2026-05-07,Hadir
1209,240001921,MK04,2026-05-07,Hadir
1210,240002550,MK06,2026-05-07,Tidak Hadir
1211,240001262,MK03,2026-05-07,Hadir
1212,240004346,MK02,2026-05-07,Hadir
1213,240002132,MK04,2026-05-07,Hadir
1214,240000555,MK05,2026-05-07,Hadir
1215,240002117,MK07,2026-05-07,Hadir
1216,240000291,MK01,2026-05-07,Hadir
1217,240003453,MK04,2026-05-07,Hadir
1218,240000795,MK04,2026-05-07,Hadir
1219,240003362,MK02,2026-05-07,Hadir
1220,240002826,MK04,2026-05-07,Hadir
1221,240001350,MK08,2026-05-07,Tidak Hadir
1222,240002617,MK05,2026-05-07,Hadir
1223,240000018,MK02,2026-05-07,Hadir
1224,240001483,MK02,2026-05-07,Hadir
1225,240000701,MK05,2026-05-07,Hadir
1226,240003458,MK01,2026-05-07,Hadir
1227,240002081,MK03,2026-05-07,Hadir
1228,240003533,MK06,2026-05-07,Hadir
1229,240000558,MK06,2026-05-07,Hadir
1230,240001923,MK08,2026-05-07,Hadir
1231,240000821,MK06,2026-05-07,Hadir
1232,240004857,MK07,2026-05-07,Hadir
1233,240004959,MK05,2026-05-07,Tidak Hadir
1234,240003858,MK08,2026-05-07,Hadir
1235,240003422,MK06,2026-05-07,Tidak Hadir
1236,240003820,MK05,2026-05-07,Hadir
1237,240003694,MK09,2026-05-07,Hadir
1238,240001948,MK03,2026-05-07,Hadir
1239,240002920,MK10,2026-05-07,Hadir
1240,240000778,MK08,2026-05-07,Hadir
1241,240001411,MK07,2026-05-07,Hadir
1242,240000561,MK06,2026-05-07,Hadir
1243,240000879,MK04,2026-05-07,Hadir
1244,240003614,MK10,2026-05-07,Hadir
1245,240003816,MK01,2026-05-07,Hadir
1246,240002146,MK10,2026-05-07,Hadir
1247,240004241,MK06,2026-05-07,Hadir
1248,240002135,MK04,2026-05-07,Tidak Hadir
1249,240000795,MK10,2026-05-07,Hadir
1250,240001182,MK07,2026-05-07,Hadir
1251,240001204,MK03,2026-05-07,Hadir
1252,240003759,MK01,2026-05-07,Hadir
1253,240001845,MK07,2026-05-07,Hadir
1254,240002059,MK05,2026-05-07,Hadir
1255,240004894,MK10,2026-05-07,Hadir
1256,240002238,MK01,2026-05-07,Hadir
1257,240004134,MK08,2026-05-07,Hadir
1258,240001318,MK01,2026-05-07,Hadir
1259,240000870,MK09,2026-05-07,Hadir
1260,240001240,MK07,2026-05-07,Hadir
1261,240003189,MK01,2026-05-07,Hadir
1262,240002292,MK01,2026-05-07,Hadir
1263,240000869,MK07,2026-05-07,Hadir
1264,240002305,MK08,2026-05-07,Hadir
1265,240004803,MK07,2026-05-07,Hadir
1266,240000741,MK02,2026-05-07,Hadir
1267,240003807,MK01,2026-05-07,Hadir
1268,240003643,MK07,2026-05-07,Hadir
1269,240001975,MK08,2026-05-07,Hadir
1270,240003028,MK02,2026-05-07,Hadir
1271,240000643,MK02,2026-05-07,Hadir
1272,240001714,MK07,2026-05-07,Hadir
1273,240002958,MK03,2026-05-07,Hadir
1274,240000088,MK02,2026-05-07,Hadir
1275,240001276,MK09,2026-05-07,Hadir
1276,240001930,MK05,2026-05-07,Hadir
1277,240002093,MK09,2026-05-07,Hadir
1278,240004200,MK05,2026-05-07,Hadir
1279,240000738,MK10,2026-05-07,Hadir
1280,240003176,MK03,2026-05-07,Hadir
1281,240002479,MK06,2026-05-07,Hadir
1282,240002504,MK02,2026-05-07,Hadir
1283,240003285,MK07,2026-05-07,Hadir
1284,240001565,MK03,2026-05-07,Hadir
1285,240001060,MK03,2026-05-07,Hadir
1286,240000331,MK07,2026-05-07,Hadir
1287,240003194,MK09,2026-05-07,Tidak Hadir
1288,240001505,MK09,2026-05-07,Hadir
1289,240003749,MK02,2026-05-07,Hadir
1290,240000859,MK03,2026-05-07,Hadir
1291,240004922,MK01,2026-05-07,Hadir
1292,240002505,MK01,2026-05-07,Tidak Hadir
1293,240002422,MK10,2026-05-07,Hadir
1294,240002004,MK06,2026-05-07,Hadir
1295,240000230,MK10,2026-05-07,Hadir
1296,240002874,MK07,2026-05-07,Hadir
1297,240001217,MK03,2026-05-07,Hadir
1298,240000639,MK05,2026-05-07,Hadir
1299,240002361,MK05,2026-05-07,Hadir
1300,240003980,MK07,2026-05-07,Tidak Hadir
1301,240001115,MK10,2026-05-07,Hadir
1302,240003713,MK05,2026-05-07,Hadir
1303,240002378,MK04,2026-05-07,Hadir
1304,240001947,MK09,2026-05-07,Hadir
1305,240002651,MK02,2026-05-07,Hadir
1306,240004884,MK06,2026-05-07,Tidak Hadir
1307,240004068,MK03,2026-05-07,Hadir
1308,240002560,MK10,2026-05-07,Hadir
1309,240000815,MK01,2026-05-07,Hadir
1310,240001927,MK06,2026-05-07,Hadir
1311,240000495,MK02,2026-05-07,Hadir
1312,240000536,MK10,2026-05-07,Hadir
1313,240003747,MK09,2026-05-07,Hadir
1314,240000350,MK03,2026-05-07,Hadir
1315,240000276,MK10,2026-05-07,Hadir
1316,240004475,MK10,2026-05-07,Hadir
1317,240003960,MK01,2026-05-07,Hadir
1318,240004061,MK01,2026-05-07,Hadir
1319,240004348,MK10,2026-05-07,Hadir
1320,240004982,MK09,2026-05-07,Hadir
1321,240004084,MK08,2026-05-07,Hadir
1322,240002110,MK08,2026-05-07,Hadir
1323,240003346,MK03,2026-05-07,Tidak Hadir
1324,240001218,MK02,2026-05-07,Hadir
1325,240000471,MK03,2026-05-07,Hadir
1326,240003934,MK04,2026-05-07,Hadir
1327,240002916,MK07,2026-05-07,Tidak Hadir
1328,240000489,MK10,2026-05-07,Hadir
1329,240004906,MK02,2026-05-07,Hadir
1330,240001591,MK09,2026-05-07,Hadir
1331,240000974,MK06,2026-05-07,Tidak Hadir
1332,240003614,MK04,2026-05-07,Hadir
1333,240002392,MK10,2026-05-07,Hadir
1334,240002866,MK07,2026-05-07,Hadir
1335,240003722,MK06,2026-05-07,Hadir
1336,240002259,MK07,2026-05-07,Hadir
1337,240001109,MK10,2026-05-07,Hadir
1338,240003412,MK08,2026-05-07,Tidak Hadir
1339,240001210,MK02,2026-05-07,Hadir
1340,240002900,MK02,2026-05-07,Hadir
1341,240002497,MK09,2026-05-07,Hadir
1342,240003792,MK10,2026-05-07,Hadir
1343,240000241,MK04,2026-05-07,Hadir
1344,240002217,MK02,2026-05-07,Hadir
1345,240000968,MK04,2026-05-07,Hadir
1346,240002766,MK08,2026-05-07,Hadir
1347,240004502,MK10,2026-05-07,Hadir
1348,240001057,MK08,2026-05-07,Hadir
1349,240004359,MK08,2026-05-07,Hadir
1350,240001037,MK07,2026-05-07,Hadir
1351,240004767,MK01,2026-05-07,Hadir
1352,240002238,MK05,2026-05-07,Hadir
1353,240001538,MK04,2026-05-07,Hadir
1354,240004163,MK02,2026-05-07,Tidak Hadir
1355,240002197,MK10,2026-05-07,Hadir
1356,240000551,MK08,2026-05-07,Hadir
1357,240001696,MK04,2026-05-07,Hadir
1358,240000367,MK05,2026-05-07,Hadir
1359,240000823,MK08,2026-05-07,Hadir
1360,240004519,MK03,2026-05-07,Hadir
1361,240000543,MK04,2026-05-07,Hadir
1362,240001061,MK08,2026-05-07,Hadir
1363,240000029,MK01,2026-05-07,Hadir
1364,240004095,MK05,2026-05-07,Hadir
1365,240000062,MK08,2026-05-07,Hadir
1366,240002910,MK03,2026-05-07,Hadir
1367,240003085,MK09,2026-05-07,Hadir
1368,240003420,MK04,2026-05-07,Hadir
1369,240003439,MK10,2026-05-07,Hadir
1370,240001837,MK08,2026-05-07,Hadir
1371,240004747,MK03,2026-05-07,Hadir
1372,240001026,MK03,2026-05-07,Hadir
1373,240004874,MK04,2026-05-07,Hadir
1374,240004522,MK01,2026-05-07,Tidak Hadir
1375,240004796,MK09,2026-05-07,Hadir
1376,240001619,MK06,2026-05-07,Hadir
1377,240002725,MK09,2026-05-07,Hadir
1378,240000808,MK07,2026-05-07,Tidak Hadir
1379,240004911,MK07,2026-05-07,Hadir
1380,240003166,MK04,2026-05-07,Hadir
1381,240002052,MK10,2026-05-07,Hadir
1382,240004620,MK02,2026-05-07,Hadir
1383,240003183,MK05,2026-05-07,Hadir
1384,240001001,MK10,2026-05-07,Hadir
1385,240001906,MK06,2026-05-07,Hadir
1386,240004346,MK04,2026-05-07,Hadir
1387,240000685,MK06,2026-05-07,Hadir
1388,240003998,MK10,2026-05-07,Hadir
1389,240004813,MK04,2026-05-07,Tidak Hadir
1390,240000799,MK10,2026-05-07,Hadir
1391,240001988,MK08,2026-05-07,Hadir
1392,240004427,MK08,2026-05-07,Hadir
1393,240004940,MK06,2026-05-07,Hadir
1394,240004147,MK04,2026-05-07,Hadir
1395,240004446,MK08,2026-05-07,Hadir
1396,240003167,MK08,2026-05-07,Hadir
1397,240001598,MK03,2026-05-07,Hadir
1398,240000371,MK03,2026-05-07,Hadir
1399,240004748,MK07,2026-05-07,Hadir
1400,240004700,MK08,2026-05-07,Hadir
1401,240004262,MK06,2026-05-07,Hadir
1402,240003163,MK04,2026-05-07,Hadir
1403,240004003,MK04,2026-05-07,Hadir
1404,240001611,MK03,2026-05-07,Hadir
1405,240001763,MK08,2026-05-07,Hadir
1406,240000412,MK06,2026-05-07,Tidak Hadir
1407,240000008,MK09,2026-05-07,Hadir
1408,240002589,MK05,2026-05-07,Hadir
1409,240003576,MK01,2026-05-07,Hadir
1410,240001351,MK04,2026-05-07,Hadir
1411,240003166,MK03,2026-05-07,Hadir
1412,240000160,MK07,2026-05-07,Hadir
1413,240004376,MK03,2026-05-07,Hadir
1414,240002793,MK10,2026-05-07,Tidak Hadir
1415,240004822,MK10,2026-05-07,Hadir
1416,240002344,MK05,2026-05-07,Hadir
1417,240001062,MK06,2026-05-07,Hadir
1418,240000848,MK03,2026-05-07,Hadir
1419,240001075,MK03,2026-05-07,Hadir
1420,240001436,MK06,2026-05-07,Hadir
1421,240003931,MK04,2026-05-07,Hadir
1422,240000421,MK07,2026-05-07,Tidak Hadir
1423,240000333,MK10,2026-05-07,Hadir
1424,240004245,MK01,2026-05-07,Tidak Hadir
1425,240004459,MK02,2026-05-07,Hadir
1426,240004798,MK02,2026-05-07,Hadir
1427,240001445,MK10,2026-05-07,Hadir
1428,240004273,MK03,2026-05-07,Hadir
1429,240003452,MK05,2026-05-07,Hadir
1430,240000310,MK04,2026-05-07,Hadir
1431,240004040,MK03,2026-05-07,Hadir
1432,240003536,MK04,2026-05-07,Hadir
1433,240002634,MK01,2026-05-07,Hadir
1434,240001185,MK05,2026-05-07,Tidak Hadir
1435,240003556,MK05,2026-05-07,Hadir
1436,240001056,MK07,2026-05-07,Hadir
1437,240001582,MK04,2026-05-07,Hadir
1438,240002324,MK01,2026-05-07,Tidak Hadir
1439,240002891,MK02,2026-05-07,Hadir
1440,240003758,MK09,2026-05-07,Hadir
1441,240003625,MK03,2026-05-07,Hadir
1442,240000978,MK05,2026-05-07,Hadir
1443,240001223,MK10,2026-05-07,Hadir
1444,240001533,MK01,2026-05-07,Hadir
1445,240001740,MK06,2026-05-07,Hadir
1446,240000044,MK04,2026-05-07,Hadir
1447,240003088,MK10,2026-05-07,Hadir
1448,240004638,MK04,2026-05-07,Hadir
1449,240002483,MK10,2026-05-07,Hadir
1450,240000099,MK07,2026-05-07,Hadir
1451,240001824,MK06,2026-05-07,Hadir
1452,240004266,MK02,2026-05-07,Hadir
1453,240002174,MK01,2026-05-07,Hadir
1454,240000864,MK02,2026-05-07,Hadir
1455,240004989,MK07,2026-05-07,Hadir
1456,240002033,MK07,2026-05-07,Hadir
1457,240002017,MK03,2026-05-07,Hadir
1458,240003010,MK08,2026-05-07,Hadir
1459,240000880,MK10,2026-05-07,Hadir
1460,240000715,MK09,2026-05-07,Hadir
1461,240002817,MK10,2026-05-07,Hadir
1462,240002169,MK10,2026-05-07,Hadir
1463,240004069,MK09,2026-05-07,Hadir
1464,240002748,MK10,2026-05-07,Hadir
1465,240002071,MK06,2026-05-07,Hadir
1466,240001699,MK05,2026-05-07,Tidak Hadir
1467,240003615,MK06,2026-05-07,Hadir
1468,240004529,MK03,2026-05-07,Hadir
1469,240002397,MK06,2026-05-07,Hadir
1470,240002502,MK09,2026-05-07,Hadir
1471,240001296,MK02,2026-05-07,Hadir
1472,240000976,MK08,2026-05-07,Hadir
1473,240000609,MK05,2026-05-07,Hadir
1474,240004856,MK06,2026-05-07,Tidak Hadir
1475,240004241,MK04,2026-05-07,Tidak Hadir
1476,240003784,MK02,2026-05-07,Hadir
1477,240000960,MK07,2026-05-07,Hadir
1478,240001939,MK09,2026-05-07,Tidak Hadir
1479,240000246,MK10,2026-05-07,Tidak Hadir
1480,240002088,MK06,2026-05-07,Hadir
1481,240000745,MK05,2026-05-07,Hadir
1482,240000615,MK03,2026-05-07,Hadir
1483,240000879,MK05,2026-05-07,Hadir
1484,240000025,MK06,2026-05-07,Hadir
1485,240003058,MK03,2026-05-07,Tidak Hadir
1486,240003280,MK07,2026-05-07,Hadir
1487,240003347,MK04,2026-05-07,Hadir
1488,240002854,MK04,2026-05-07,Hadir
1489,240000847,MK09,2026-05-07,Hadir
1490,240001698,MK05,2026-05-07,Hadir
1491,240001485,MK03,2026-05-07,Hadir
1492,240004537,MK08,2026-05-07,Hadir
1493,240002116,MK05,2026-05-07,Hadir
1494,240004931,MK01,2026-05-07,Hadir
1495,240004968,MK05,2026-05-07,Hadir
1496,240001572,MK08,2026-05-07,Hadir
1497,240001196,MK07,2026-05-07,Hadir
1498,240000676,MK07,2026-05-07,Tidak Hadir
1499,240002242,MK05,2026-05-07,Hadir
1500,240001372,MK03,2026-05-07,Hadir
1501,240002123,MK06,2026-05-07,Hadir
1502,240000451,MK08,2026-05-07,Hadir
1503,240001364,MK06,2026-05-07,Hadir
1504,240002478,MK01,2026-05-07,Hadir
1505,240003076,MK05,2026-05-07,Hadir
1506,240003720,MK02,2026-05-07,Tidak Hadir
1507,240001702,MK03,2026-05-07,Hadir
1508,240004438,MK06,2026-05-07,Hadir
1509,240001808,MK01,2026-05-07,Hadir
1510,240003538,MK08,2026-05-07,Hadir
1511,240003957,MK04,2026-05-07,Hadir
1512,240003983,MK05,2026-05-07,Hadir
1513,240004335,MK02,2026-05-07,Hadir
1514,240001894,MK06,2026-05-07,Hadir
1515,240001334,MK07,2026-05-07,Hadir
1516,240000444,MK02,2026-05-07,Hadir
1517,240002087,MK09,2026-05-07,Hadir
1518,240001816,MK06,2026-05-07,Hadir
1519,240004683,MK10,2026-05-07,Hadir
1520,240003380,MK07,2026-05-07,Hadir
1521,240004754,MK07,2026-05-07,Hadir
1522,240002506,MK01,2026-05-07,Hadir
1523,240001459,MK04,2026-05-07,Hadir
1524,240001165,MK10,2026-05-07,Hadir
1525,240003002,MK06,2026-05-07,Hadir
1526,240003853,MK05,2026-05-07,Hadir
1527,240001209,MK03,2026-05-07,Hadir
1528,240001293,MK05,2026-05-07,Hadir
1529,240003596,MK06,2026-05-07,Hadir
1530,240004810,MK01,2026-05-07,Hadir
1531,240002229,MK04,2026-05-07,Hadir
1532,240001154,MK03,2026-05-07,Hadir
1533,240000124,MK02,2026-05-07,Hadir
1534,240000846,MK08,2026-05-07,Hadir
1535,240002737,MK10,2026-05-07,Hadir
1536,240000489,MK06,2026-05-07,Hadir
1537,240004264,MK10,2026-05-07,Hadir
1538,240003861,MK01,2026-05-07,Hadir
1539,240004155,MK09,2026-05-07,Hadir
1540,240000180,MK01,2026-05-07,Hadir
1541,240003381,MK10,2026-05-07,Hadir
1542,240002919,MK10,2026-05-07,Hadir
1543,240003796,MK01,2026-05-07,Hadir
1544,240004179,MK01,2026-05-07,Hadir
1545,240000550,MK01,2026-05-07,Hadir
1546,240003106,MK06,2026-05-07,Hadir
1547,240001958,MK04,2026-05-07,Hadir
1548,240002957,MK03,2026-05-07,Hadir
1549,240002140,MK04,2026-05-07,Hadir
1550,240001942,MK02,2026-05-07,Hadir
1551,240000079,MK06,2026-05-07,Hadir
1552,240004761,MK06,2026-05-07,Hadir
1553,240002284,MK05,2026-05-07,Hadir
1554,240000692,MK04,2026-05-07,Hadir
1555,240003764,MK06,2026-05-07,Hadir
1556,240002150,MK05,2026-05-07,Hadir
1557,240000864,MK02,2026-05-07,Hadir
1558,240002207,MK03,2026-05-07,Hadir
1559,240003708,MK05,2026-05-07,Hadir
1560,240001705,MK04,2026-05-07,Hadir
1561,240003703,MK05,2026-05-07,Hadir
1562,240002105,MK03,2026-05-07,Hadir
1563,240000641,MK04,2026-05-07,Tidak Hadir
1564,240003689,MK07,2026-05-07,Hadir
1565,240001843,MK08,2026-05-07,Hadir
1566,240000087,MK10,2026-05-07,Hadir
1567,240002074,MK05,2026-05-07,Tidak Hadir
1568,240003680,MK02,2026-05-07,Hadir
1569,240001303,MK04,2026-05-07,Hadir
1570,240000022,MK04,2026-05-07,Hadir
1571,240004000,MK08,2026-05-07,Hadir
1572,240001421,MK08,2026-05-07,Hadir
1573,240003035,MK04,2026-05-07,Hadir
1574,240002595,MK01,2026-05-07,Hadir
1575,240004961,MK01,2026-05-07,Tidak Hadir
1576,240002381,MK01,2026-05-07,Tidak Hadir
1577,240003783,MK09,2026-05-07,Hadir
1578,240004483,MK02,2026-05-07,Hadir
1579,240002633,MK05,2026-05-07,Hadir
1580,240004538,MK05,2026-05-07,Tidak Hadir
1581,240000817,MK09,2026-05-07,Hadir
1582,240000427,MK04,2026-05-07,Hadir
1583,240003724,MK04,2026-05-07,Tidak Hadir
1584,240000258,MK10,2026-05-07,Hadir
1585,240003210,MK02,2026-05-07,Hadir
1586,240004274,MK10,2026-05-07,Hadir
1587,240004609,MK04,2026-05-07,Hadir
1588,240004075,MK08,2026-05-07,Hadir
1589,240000447,MK10,2026-05-07,Hadir
1590,240000213,MK09,2026-05-07,Hadir
1591,240000838,MK10,2026-05-07,Hadir
1592,240003387,MK01,2026-05-07,Hadir
1593,240004714,MK09,2026-05-07,Hadir
1594,240000823,MK10,2026-05-07,Hadir
1595,240000190,MK01,2026-05-07,Hadir
1596,240004494,MK09,2026-05-07,Hadir
1597,240002120,MK01,2026-05-07,Hadir
1598,240002268,MK06,2026-05-07,Hadir
1599,240000663,MK10,2026-05-07,Hadir
1600,240002480,MK02,2026-05-07,Hadir
1601,240003778,MK01,2026-05-07,Hadir
1602,240004164,MK04,2026-05-07,Hadir
1603,240004005,MK02,2026-05-07,Hadir
1604,240004600,MK09,2026-05-07,Hadir
1605,240001143,MK06,2026-05-07,Hadir
1606,240003875,MK02,2026-05-07,Hadir
1607,240000823,MK06,2026-05-07,Hadir
1608,240000005,MK05,2026-05-07,Hadir
1609,240003719,MK03,2026-05-07,Tidak Hadir
1610,240003613,MK05,2026-05-07,Hadir
1611,240001693,MK08,2026-05-07,Hadir
1612,240002242,MK04,2026-05-07,Hadir
1613,240004409,MK10,2026-05-07,Hadir
1614,240004932,MK03,2026-05-07,Hadir
1615,240004322,MK10,2026-05-07,Hadir
1616,240001966,MK10,2026-05-07,Hadir
1617,240000916,MK07,2026-05-07,Hadir
1618,240004439,MK06,2026-05-07,Hadir
1619,240003894,MK06,2026-05-07,Hadir
1620,240000827,MK08,2026-05-07,Hadir
1621,240001005,MK05,2026-05-07,Hadir
1622,240000465,MK08,2026-05-07,Hadir
1623,240001741,MK09,2026-05-07,Hadir
1624,240002469,MK07,2026-05-07,Hadir
1625,240002222,MK08,2026-05-07,Hadir
1626,240002505,MK02,2026-05-07,Hadir
1627,240004362,MK02,2026-05-07,Tidak Hadir
1628,240003913,MK04,2026-05-07,Hadir
1629,240002420,MK02,2026-05-07,Hadir
1630,240001471,MK06,2026-05-07,Hadir
1631,240002392,MK01,2026-05-07,Hadir
1632,240004585,MK06,2026-05-07,Hadir
1633,240000246,MK09,2026-05-07,Hadir
1634,240000273,MK06,2026-05-07,Hadir
1635,240003099,MK03,2026-05-07,Tidak Hadir
1636,240004984,MK06,2026-05-07,Hadir
1637,240003708,MK07,2026-05-07,Hadir
1638,240002793,MK02,2026-05-07,Hadir
1639,240002003,MK04,2026-05-07,Tidak Hadir
1640,240000092,MK07,2026-05-07,Hadir
1641,240004344,MK04,2026-05-07,Hadir
1642,240001880,MK08,2026-05-07,Hadir
1643,240001686,MK10,2026-05-07,Hadir
1644,240000295,MK06,2026-05-07,Hadir
1645,240000655,MK02,2026-05-07,Hadir
1646,240001605,MK02,2026-05-07,Hadir
1647,240003852,MK05,2026-05-07,Hadir
1648,240001976,MK10,2026-05-07,Hadir
1649,240003695,MK06,2026-05-07,Hadir
1650,240001327,MK02,2026-05-07,Tidak Hadir
1651,240003199,MK02,2026-05-07,Hadir
1652,240001637,MK06,2026-05-07,Hadir
1653,240000021,MK05,2026-05-07,Hadir
1654,240002583,MK02,2026-05-07,Hadir
1655,240001476,MK04,2026-05-07,Hadir
1656,240002866,MK01,2026-05-07,Hadir
1657,240003219,MK08,2026-05-07,Hadir
1658,240000727,MK07,2026-05-07,Hadir
1659,240003496,MK01,2026-05-07,Hadir
1660,240001683,MK08,2026-05-07,Hadir
1661,240000959,MK04,2026-05-07,Hadir
1662,240003938,MK04,2026-05-07,Tidak Hadir
1663,240000196,MK04,2026-05-07,Hadir
1664,240003873,MK06,2026-05-07,Hadir
1665,240003878,MK07,2026-05-07,Hadir
1666,240002767,MK05,2026-05-07,Tidak Hadir
1667,240000286,MK04,2026-05-07,Hadir
1668,240002932,MK09,2026-05-07,Hadir
1669,240003290,MK07,2026-05-07,Hadir
1670,240004029,MK04,2026-05-07,Hadir
1671,240003996,MK10,2026-05-07,Hadir
1672,240000176,MK02,2026-05-07,Tidak Hadir
1673,240000126,MK06,2026-05-07,Hadir
1674,240004196,MK06,2026-05-07,Hadir
1675,240001291,MK03,2026-05-07,Hadir
1676,240002529,MK02,2026-05-07,Hadir
1677,240001338,MK02,2026-05-07,Hadir
1678,240001171,MK09,2026-05-07,Hadir
1679,240003309,MK02,2026-05-07,Hadir
1680,240002193,MK05,2026-05-07,Hadir
1681,240000677,MK01,2026-05-07,Hadir
1682,240003264,MK10,2026-05-07,Hadir
1683,240002187,MK03,2026-05-07,Hadir
1684,240001089,MK09,2026-05-07,Hadir
1685,240001462,MK10,2026-05-07,Tidak Hadir
1686,240004016,MK07,2026-05-07,Hadir
1687,240003575,MK08,2026-05-07,Hadir
1688,240003941,MK06,2026-05-07,Tidak Hadir
1689,240001233,MK05,2026-05-07,Hadir
1690,240000288,MK03,2026-05-07,Hadir
1691,240002446,MK01,2026-05-07,Hadir
1692,240001338,MK03,2026-05-07,Hadir
1693,240001236,MK02,2026-05-07,Tidak Hadir
1694,240004621,MK04,2026-05-07,Hadir
1695,240003545,MK04,2026-05-07,Hadir
1696,240002236,MK10,2026-05-07,Tidak Hadir
1697,240000677,MK09,2026-05-07,Hadir
1698,240003454,MK03,2026-05-07,Hadir
1699,240000026,MK04,2026-05-07,Hadir
1700,240003386,MK04,2026-05-07,Hadir
1701,240004738,MK04,2026-05-07,Hadir
1702,240001126,MK10,2026-05-07,Hadir
1703,240003678,MK09,2026-05-07,Hadir
1704,240004509,MK02,2026-05-07,Hadir
1705,240004963,MK01,2026-05-07,Hadir
1706,240003215,MK09,2026-05-07,Hadir
1707,240002892,MK03,2026-05-07,Hadir
1708,240001755,MK01,2026-05-07,Hadir
1709,240001434,MK07,2026-05-07,Hadir
1710,240003304,MK05,2026-05-07,Tidak Hadir
1711,240004017,MK03,2026-05-07,Hadir
1712,240003286,MK10,2026-05-07,Hadir
1713,240000295,MK07,2026-05-07,Hadir
1714,240004996,MK09,2026-05-07,Hadir
1715,240000106,MK03,2026-05-07,Hadir
1716,240002844,MK02,2026-05-07,Hadir
1717,240000412,MK08,2026-05-07,Tidak Hadir
1718,240003148,MK01,2026-05-07,Hadir
1719,240002156,MK04,2026-05-07,Hadir
1720,240002676,MK09,2026-05-07,Hadir
1721,240002996,MK05,2026-05-07,Hadir
1722,240003345,MK05,2026-05-07,Hadir
1723,240002889,MK05,2026-05-07,Hadir
1724,240000910,MK04,2026-05-07,Hadir
1725,240004210,MK05,2026-05-07,Hadir
1726,240004229,MK10,2026-05-07,Hadir
1727,240002555,MK02,2026-05-07,Hadir
1728,240004972,MK07,2026-05-07,Hadir
1729,240001812,MK09,2026-05-07,Hadir
1730,240003577,MK10,2026-05-07,Hadir
1731,240000396,MK04,2026-05-07,Tidak Hadir
1732,240004870,MK08,2026-05-07,Hadir
1733,240002318,MK01,2026-05-07,Hadir
1734,240001789,MK04,2026-05-07,Hadir
1735,240002571,MK09,2026-05-07,Hadir
1736,240004955,MK03,2026-05-07,Hadir
1737,240001640,MK06,2026-05-07,Hadir
1738,240001729,MK10,2026-05-07,Hadir
1739,240001294,MK03,2026-05-07,Hadir
1740,240003814,MK10,2026-05-07,Hadir
1741,240004224,MK05,2026-05-07,Hadir
1742,240003129,MK09,2026-05-07,Hadir
1743,240001719,MK06,2026-05-07,Tidak Hadir
1744,240000111,MK07,2026-05-07,Hadir
1745,240000718,MK04,2026-05-07,Hadir
1746,240002473,MK05,2026-05-07,Hadir
1747,240000769,MK02,2026-05-07,Hadir
1748,240002277,MK03,2026-05-07,Hadir
1749,240001771,MK06,2026-05-07,Hadir
1750,240002247,MK09,2026-05-07,Hadir
1751,240003600,MK06,2026-05-07,Hadir
1752,240001684,MK04,2026-05-07,Hadir
1753,240003369,MK06,2026-05-07,Hadir
1754,240004127,MK05,2026-05-07,Hadir
1755,240002363,MK02,2026-05-07,Hadir
1756,240000599,MK08,2026-05-07,Hadir
1757,240003462,MK03,2026-05-07,Tidak Hadir
1758,240000841,MK05,2026-05-07,Tidak Hadir
1759,240002884,MK04,2026-05-07,Hadir
1760,240001645,MK01,2026-05-07,Hadir
1761,240002383,MK03,2026-05-07,Hadir
1762,240002770,MK06,2026-05-07,Hadir
1763,240002121,MK08,2026-05-07,Hadir
1764,240002471,MK10,2026-05-07,Hadir
1765,240000552,MK05,2026-05-07,Hadir
1766,240004642,MK03,2026-05-07,Tidak Hadir
1767,240000461,MK09,2026-05-07,Hadir
1768,240004500,MK01,2026-05-07,Hadir
1769,240000191,MK03,2026-05-07,Hadir
1770,240002537,MK05,2026-05-07,Tidak Hadir
1771,240004918,MK09,2026-05-07,Hadir
1772,240000511,MK01,2026-05-07,Hadir
1773,240003281,MK01,2026-05-07,Hadir
1774,240004194,MK08,2026-05-07,Hadir
1775,240002243,MK06,2026-05-07,Hadir
1776,240004248,MK01,2026-05-07,Hadir
1777,240002873,MK02,2026-05-07,Hadir
1778,240001642,MK08,2026-05-07,Hadir
1779,240002857,MK01,2026-05-07,Hadir
1780,240001114,MK07,2026-05-07,Hadir
1781,240000780,MK10,2026-05-07,Hadir
1782,240000665,MK06,2026-05-07,Tidak Hadir
1783,240004291,MK06,2026-05-07,Hadir
1784,240002286,MK07,2026-05-07,Hadir
1785,240003833,MK01,2026-05-07,Hadir
1786,240004403,MK04,2026-05-07,Tidak Hadir
1787,240003728,MK03,2026-05-07,Hadir
1788,240000853,MK08,2026-05-07,Hadir
1789,240001867,MK05,2026-05-07,Hadir
1790,240002889,MK07,2026-05-07,Hadir
1791,240001297,MK06,2026-05-07,Hadir
1792,240002117,MK10,2026-05-07,Hadir
1793,240004869,MK10,2026-05-07,Hadir
1794,240001103,MK02,2026-05-07,Hadir
1795,240003218,MK08,2026-05-07,Hadir
1796,240001226,MK06,2026-05-07,Hadir
1797,240002785,MK10,2026-05-07,Hadir
1798,240004912,MK02,2026-05-07,Hadir
1799,240000764,MK05,2026-05-07,Hadir
1800,240003950,MK04,2026-05-07,Hadir
1801,240001928,MK03,2026-05-07,Hadir
1802,240001161,MK03,2026-05-07,Hadir
1803,240001643,MK08,2026-05-07,Hadir
1804,240000564,MK04,2026-05-07,Hadir
1805,240002803,MK08,2026-05-07,Hadir
1806,240004167,MK09,2026-05-07,Hadir
1807,240002141,MK03,2026-05-07,Hadir
1808,240004689,MK09,2026-05-07,Hadir
1809,240000901,MK05,2026-05-07,Tidak Hadir
1810,240004420,MK03,2026-05-07,Hadir
1811,240001644,MK04,2026-05-07,Hadir
1812,240000897,MK06,2026-05-07,Hadir
1813,240003933,MK10,2026-05-07,Hadir
1814,240004236,MK08,2026-05-07,Tidak Hadir
1815,240004432,MK08,2026-05-07,Hadir
1816,240000925,MK01,2026-05-07,Hadir
1817,240002551,MK10,2026-05-07,Hadir
1818,240003029,MK10,2026-05-07,Hadir
1819,240003734,MK05,2026-05-07,Hadir
1820,240000114,MK02,2026-05-07,Hadir
1821,240003952,MK06,2026-05-07,Hadir
1822,240000177,MK07,2026-05-07,Hadir
1823,240002581,MK01,2026-05-07,Hadir
1824,240002851,MK05,2026-05-07,Hadir
1825,240002703,MK08,2026-05-07,Tidak Hadir
1826,240000072,MK10,2026-05-07,Hadir
1827,240001003,MK07,2026-05-07,Hadir
1828,240002307,MK10,2026-05-07,Hadir
1829,240004779,MK04,2026-05-07,Hadir
1830,240000765,MK05,2026-05-07,Hadir
1831,240001040,MK10,2026-05-07,Hadir
1832,240003485,MK09,2026-05-07,Hadir
1833,240000899,MK04,2026-05-07,Hadir
1834,240003092,MK03,2026-05-07,Hadir
1835,240000842,MK02,2026-05-07,Hadir
1836,240000801,MK04,2026-05-07,Hadir
1837,240000520,MK09,2026-05-07,Hadir
1838,240003545,MK04,2026-05-07,Hadir
1839,240002914,MK04,2026-05-07,Hadir
1840,240002308,MK03,2026-05-07,Tidak Hadir
1841,240003622,MK06,2026-05-07,Hadir
1842,240003702,MK01,2026-05-07,Hadir
1843,240001461,MK10,2026-05-07,Hadir
1844,240000890,MK09,2026-05-07,Hadir
1845,240002643,MK07,2026-05-07,Hadir
1846,240004186,MK02,2026-05-07,Hadir
1847,240003110,MK09,2026-05-07,Hadir
1848,240004176,MK04,2026-05-07,Hadir
1849,240002137,MK02,2026-05-07,Hadir
1850,240000205,MK01,2026-05-07,Hadir
1851,240000119,MK05,2026-05-07,Hadir
1852,240002212,MK07,2026-05-07,Hadir
1853,240000182,MK01,2026-05-07,Hadir
1854,240001213,MK02,2026-05-07,Hadir
1855,240003535,MK02,2026-05-07,Hadir
1856,240000849,MK01,2026-05-07,Tidak Hadir
1857,240004177,MK01,2026-05-07,Hadir
1858,240003519,MK10,2026-05-07,Tidak Hadir
1859,240002967,MK04,2026-05-07,Hadir
1860,240004730,MK08,2026-05-07,Hadir
1861,240004988,MK09,2026-05-07,Tidak Hadir
1862,240003330,MK09,2026-05-07,Hadir
1863,240002734,MK08,2026-05-07,Hadir
1864,240004538,MK07,2026-05-07,Hadir
1865,240003815,MK04,2026-05-07,Hadir
1866,240001480,MK08,2026-05-07,Hadir
1867,240001306,MK09,2026-05-07,Hadir
1868,240002901,MK03,2026-05-07,Hadir
1869,240003052,MK10,2026-05-07,Hadir
1870,240000322,MK04,2026-05-07,Hadir
1871,240003835,MK02,2026-05-07,Hadir
1872,240003180,MK09,2026-05-07,Hadir
1873,240004623,MK10,2026-05-07,Hadir
1874,240002685,MK07,2026-05-07,Hadir
1875,240001096,MK10,2026-05-07,Hadir
1876,240004244,MK07,2026-05-07,Hadir
1877,240002249,MK02,2026-05-07,Tidak Hadir
1878,240003544,MK07,2026-05-07,Hadir
1879,240000507,MK09,2026-05-07,Hadir
1880,240003039,MK09,2026-05-07,Hadir
1881,240001621,MK06,2026-05-07,Tidak Hadir
1882,240003049,MK06,2026-05-07,Hadir
1883,240002136,MK03,2026-05-07,Hadir
1884,240001560,MK01,2026-05-07,Hadir
1885,240000461,MK04,2026-05-07,Hadir
1886,240004241,MK03,2026-05-07,Hadir
1887,240003236,MK10,2026-05-07,Hadir
1888,240002919,MK06,2026-05-07,Hadir
1889,240003436,MK08,2026-05-07,Hadir
1890,240000683,MK02,2026-05-07,Hadir
1891,240003271,MK02,2026-05-07,Tidak Hadir
1892,240002126,MK08,2026-05-07,Hadir
1893,240004120,MK05,2026-05-07,Tidak Hadir
1894,240002254,MK10,2026-05-07,Tidak Hadir
1895,240001389,MK04,2026-05-07,Hadir
1896,240000853,MK02,2026-05-07,Hadir
1897,240000436,MK05,2026-05-07,Hadir
1898,240004585,MK01,2026-05-07,Hadir
1899,240003416,MK02,2026-05-07,Tidak Hadir
1900,240000486,MK10,2026-05-07,Hadir
1901,240000975,MK02,2026-05-07,Hadir
1902,240004777,MK01,2026-05-07,Tidak Hadir
1903,240000753,MK07,2026-05-07,Hadir
1904,240004031,MK07,2026-05-07,Hadir
1905,240001997,MK03,2026-05-07,Hadir
1906,240001336,MK06,2026-05-07,Hadir
1907,240004003,MK06,2026-05-07,Hadir
1908,240001354,MK06,2026-05-07,Hadir
1909,240003340,MK03,2026-05-07,Tidak Hadir
1910,240002249,MK06,2026-05-07,Hadir
1911,240004558,MK06,2026-05-07,Hadir
1912,240003448,MK09,2026-05-07,Hadir
1913,240003847,MK10,2026-05-07,Hadir
1914,240004406,MK07,2026-05-07,Tidak Hadir
1915,240000015,MK10,2026-05-07,Hadir
1916,240002240,MK10,2026-05-07,Hadir
1917,240002311,MK03,2026-05-07,Hadir
1918,240003138,MK01,2026-05-07,Hadir
1919,240001399,MK02,2026-05-07,Hadir
1920,240003644,MK06,2026-05-07,Hadir
1921,240004723,MK08,2026-05-07,Hadir
1922,240001377,MK07,2026-05-07,Hadir
1923,240004929,MK03,2026-05-07,Hadir
1924,240004162,MK06,2026-05-07,Hadir
1925,240004117,MK09,2026-05-07,Hadir
1926,240003907,MK08,2026-05-07,Hadir
1927,240001151,MK06,2026-05-07,Hadir
1928,240003570,MK07,2026-05-07,Hadir
1929,240002258,MK05,2026-05-07,Hadir
1930,240001609,MK02,2026-05-07,Hadir
1931,240000688,MK02,2026-05-07,Hadir
1932,240000246,MK02,2026-05-07,Hadir
1933,240003734,MK04,2026-05-07,Tidak Hadir
1934,240001097,MK01,2026-05-07,Hadir
1935,240003727,MK07,2026-05-07,Hadir
1936,240002553,MK05,2026-05-07,Hadir
1937,240004008,MK10,2026-05-07,Hadir
1938,240002986,MK02,2026-05-07,Tidak Hadir
1939,240001497,MK09,2026-05-07,Hadir
1940,240002206,MK08,2026-05-07,Hadir
1941,240002845,MK02,2026-05-07,Hadir
1942,240004372,MK08,2026-05-07,Hadir
1943,240001132,MK01,2026-05-07,Hadir
1944,240001391,MK09,2026-05-07,Hadir
1945,240001661,MK04,2026-05-07,Hadir
1946,240003331,MK03,2026-05-07,Hadir
1947,240002588,MK09,2026-05-07,Tidak Hadir
1948,240000357,MK06,2026-05-07,Hadir
1949,240000035,MK09,2026-05-07,Hadir
1950,240003648,MK06,2026-05-07,Hadir
1951,240002685,MK05,2026-05-07,Hadir
1952,240001432,MK07,2026-05-07,Hadir
1953,240002184,MK09,2026-05-07,Hadir
1954,240002401,MK08,2026-05-07,Hadir
1955,240002289,MK08,2026-05-07,Hadir
1956,240003768,MK08,2026-05-07,Hadir
1957,240002318,MK06,2026-05-07,Hadir
1958,240002003,MK04,2026-05-07,Hadir
1959,240000371,MK05,2026-05-07,Tidak Hadir
1960,240004246,MK01,2026-05-07,Hadir
1961,240001150,MK02,2026-05-07,Hadir
1962,240001538,MK04,2026-05-07,Hadir
1963,240001377,MK08,2026-05-07,Hadir
1964,240004566,MK05,2026-05-07,Hadir
1965,240003081,MK06,2026-05-07,Hadir
1966,240000026,MK08,2026-05-07,Hadir
1967,240001133,MK07,2026-05-07,Hadir
1968,240003856,MK04,2026-05-07,Hadir
1969,240000050,MK03,2026-05-07,Hadir
1970,240003497,MK09,2026-05-07,Hadir
1971,240003632,MK01,2026-05-07,Hadir
1972,240000247,MK01,2026-05-07,Hadir
1973,240002714,MK08,2026-05-07,Hadir
1974,240002595,MK06,2026-05-07,Hadir
1975,240004090,MK03,2026-05-07,Hadir
1976,240001816,MK09,2026-05-07,Hadir
1977,240001461,MK06,2026-05-07,Hadir
1978,240004465,MK01,2026-05-07,Hadir
1979,240000332,MK05,2026-05-07,Hadir
1980,240004054,MK01,2026-05-07,Hadir
1981,240000210,MK07,2026-05-07,Hadir
1982,240003365,MK08,2026-05-07,Hadir
1983,240004273,MK05,2026-05-07,Hadir
1984,240002622,MK08,2026-05-07,Hadir
1985,240002583,MK04,2026-05-07,Hadir
1986,240004363,MK10,2026-05-07,Hadir
1987,240002120,MK10,2026-05-07,Hadir
1988,240002265,MK03,2026-05-07,Hadir
1989,240000347,MK10,2026-05-07,Hadir
1990,240003303,MK03,2026-05-07,Hadir
1991,240002899,MK03,2026-05-07,Hadir
1992,240004370,MK10,2026-05-07,Hadir
1993,240003615,MK01,2026-05-07,Tidak Hadir
1994,240001476,MK01,2026-05-07,Hadir
1995,240001118,MK02,2026-05-07,Tidak Hadir
1996,240003823,MK04,2026-05-07,Hadir
1997,240003678,MK04,2026-05-07,Tidak Hadir
1998,240002127,MK08,2026-05-07,Hadir
1999,240000843,MK01,2026-05-07,Hadir
2000,240004745,MK08,2026-05-07,Hadir
2001,240001405,MK08,2026-05-07,Hadir
2002,240003517,MK03,2026-05-07,Hadir
2003,240004326,MK09,2026-05-07,Hadir
2004,240000806,MK06,2026-05-07,Hadir
2005,240001754,MK02,2026-05-07,Tidak Hadir
2006,240004624,MK09,2026-05-07,Tidak Hadir
2007,240002281,MK03,2026-05-07,Hadir
2008,240003863,MK05,2026-05-07,Hadir
2009,240002710,MK06,2026-05-07,Tidak Hadir
2010,240000111,MK07,2026-05-07,Hadir
2011,240000229,MK06,2026-05-07,Tidak Hadir
2012,240002320,MK03,2026-05-07,Hadir
2013,240002323,MK08,2026-05-07,Hadir
2014,240003502,MK03,2026-05-07,Hadir
2015,240003897,MK06,2026-05-07,Hadir
2016,240002914,MK01,2026-05-07,Hadir
2017,240002595,MK04,2026-05-07,Hadir
2018,240004339,MK07,2026-05-07,Hadir
2019,240002975,MK05,2026-05-07,Hadir
2020,240000057,MK08,2026-05-07,Hadir
2021,240003000,MK03,2026-05-07,Hadir
2022,240003408,MK09,2026-05-07,Hadir
2023,240003865,MK09,2026-05-07,Tidak Hadir
2024,240004040,MK03,2026-05-07,Hadir
2025,240002819,MK02,2026-05-07,Hadir
2026,240002180,MK01,2026-05-07,Hadir
2027,240001199,MK02,2026-05-07,Hadir
2028,240004894,MK02,2026-05-07,Hadir
2029,240001335,MK01,2026-05-07,Hadir
2030,240001395,MK10,2026-05-07,Hadir
2031,240002743,MK08,2026-05-07,Hadir
2032,240001194,MK08,2026-05-07,Hadir
2033,240002174,MK07,2026-05-07,Hadir
2034,240000422,MK01,2026-05-07,Tidak Hadir
2035,240002895,MK10,2026-05-07,Hadir
2036,240004300,MK02,2026-05-07,Hadir
2037,240001090,MK03,2026-05-07,Hadir
2038,240000358,MK01,2026-05-07,Tidak Hadir
2039,240004739,MK09,2026-05-07,Hadir
2040,240004053,MK04,2026-05-07,Hadir
2041,240003522,MK02,2026-05-07,Hadir
2042,240000273,MK08,2026-05-07,Hadir
2043,240002727,MK07,2026-05-07,Hadir
2044,240002149,MK01,2026-05-07,Hadir
2045,240000657,MK10,2026-05-07,Hadir
2046,240003394,MK06,2026-05-07,Hadir
2047,240003224,MK06,2026-05-07,Hadir
2048,240003216,MK03,2026-05-07,Hadir
2049,240004337,MK09,2026-05-07,Tidak Hadir
2050,240001372,MK04,2026-05-07,Hadir
2051,240000521,MK05,2026-05-07,Hadir
2052,240002640,MK04,2026-05-07,Hadir
2053,240000382,MK04,2026-05-07,Tidak Hadir
2054,240003063,MK06,2026-05-07,Hadir
2055,240004833,MK05,2026-05-07,Hadir
2056,240003187,MK08,2026-05-07,Hadir
2057,240001358,MK09,2026-05-07,Hadir
2058,240001915,MK07,2026-05-07,Tidak Hadir
2059,240000417,MK07,2026-05-07,Hadir
2060,240000782,MK02,2026-05-07,Hadir
2061,240000700,MK01,2026-05-07,Hadir
2062,240000495,MK06,2026-05-07,Hadir
2063,240002713,MK03,2026-05-07,Hadir
2064,240004664,MK09,2026-05-07,Hadir
2065,240000392,MK06,2026-05-07,Hadir
2066,240001003,MK05,2026-05-07,Hadir
2067,240000449,MK10,2026-05-07,Hadir
2068,240003409,MK06,2026-05-07,Hadir
2069,240004755,MK05,2026-05-07,Hadir
2070,240002737,MK08,2026-05-07,Hadir
2071,240002535,MK01,2026-05-07,Hadir
2072,240001853,MK07,2026-05-07,Hadir
2073,240002692,MK02,2026-05-07,Tidak Hadir
2074,240003730,MK02,2026-05-07,Hadir
2075,240000909,MK06,2026-05-07,Hadir
2076,240003790,MK10,2026-05-07,Hadir
2077,240004570,MK09,2026-05-07,Hadir
2078,240002182,MK07,2026-05-07,Hadir
2079,240003285,MK07,2026-05-07,Hadir
2080,240000778,MK08,2026-05-07,Hadir
2081,240000456,MK06,2026-05-07,Hadir
2082,240002171,MK09,2026-05-07,Hadir
2083,240000985,MK01,2026-05-07,Hadir
2084,240001584,MK01,2026-05-07,Hadir
2085,240002762,MK10,2026-05-07,Hadir
2086,240001982,MK07,2026-05-07,Hadir
2087,240000837,MK03,2026-05-07,Hadir
2088,240001265,MK07,2026-05-07,Hadir
2089,240002224,MK09,2026-05-07,Hadir
2090,240002988,MK05,2026-05-07,Hadir
2091,240001755,MK06,2026-05-07,Hadir
2092,240001247,MK03,2026-05-07,Hadir
2093,240000441,MK06,2026-05-07,Hadir
2094,240003731,MK01,2026-05-07,Hadir
2095,240000353,MK03,2026-05-07,Hadir
2096,240002794,MK04,2026-05-07,Hadir
2097,240001939,MK01,2026-05-07,Hadir
2098,240001833,MK03,2026-05-07,Hadir
2099,240001289,MK01,2026-05-07,Hadir
2100,240004283,MK10,2026-05-07,Hadir
2101,240001314,MK05,2026-05-07,Hadir
2102,240003202,MK04,2026-05-07,Hadir
2103,240002907,MK02,2026-05-07,Hadir
2104,240004935,MK07,2026-05-07,Hadir
2105,240001559,MK04,2026-05-07,Hadir
2106,240002564,MK08,2026-05-07,Hadir
2107,240002318,MK08,2026-05-07,Hadir
2108,240003498,MK03,2026-05-07,Tidak Hadir
2109,240003479,MK06,2026-05-07,Hadir
2110,240002628,MK05,2026-05-07,Hadir
2111,240002454,MK04,2026-05-07,Hadir
2112,240004561,MK09,2026-05-07,Tidak Hadir
2113,240003810,MK05,2026-05-07,Hadir
2114,240003368,MK09,2026-05-07,Hadir
2115,240002532,MK03,2026-05-07,Hadir
2116,240004058,MK03,2026-05-07,Hadir
2117,240001009,MK02,2026-05-07,Hadir
2118,240002937,MK04,2026-05-07,Hadir
2119,240001246,MK06,2026-05-07,Tidak Hadir
2120,240003689,MK10,2026-05-07,Tidak Hadir
2121,240000717,MK10,2026-05-07,Hadir
2122,240002470,MK06,2026-05-07,Hadir
2123,240002429,MK09,2026-05-07,Hadir
2124,240001945,MK08,2026-05-07,Hadir
2125,240004472,MK02,2026-05-07,Tidak Hadir
2126,240004717,MK10,2026-05-07,Hadir
2127,240002909,MK07,2026-05-07,Hadir
2128,240001676,MK01,2026-05-07,Hadir
2129,240000638,MK03,2026-05-07,Hadir
2130,240004063,MK03,2026-05-07,Tidak Hadir
2131,240004241,MK04,2026-05-07,Hadir
2132,240003477,MK06,2026-05-07,Hadir
2133,240002063,MK03,2026-05-07,Hadir
2134,240002486,MK02,2026-05-07,Hadir
2135,240000980,MK07,2026-05-07,Hadir
2136,240003738,MK01,2026-05-07,Hadir
2137,240002166,MK05,2026-05-07,Hadir
2138,240004333,MK09,2026-05-07,Hadir
2139,240002600,MK08,2026-05-07,Hadir
2140,240001643,MK08,2026-05-07,Tidak Hadir
2141,240002253,MK10,2026-05-07,Hadir
2142,240000158,MK05,2026-05-07,Hadir
2143,240004573,MK09,2026-05-07,Hadir
2144,240000357,MK05,2026-05-07,Hadir
2145,240002336,MK08,2026-05-07,Hadir
2146,240000799,MK06,2026-05-07,Hadir
2147,240004838,MK08,2026-05-07,Hadir
2148,240003237,MK10,2026-05-07,Tidak Hadir
2149,240000503,MK02,2026-05-07,Hadir
2150,240003547,MK01,2026-05-07,Hadir
2151,240001752,MK05,2026-05-07,Hadir
2152,240001181,MK06,2026-05-07,Tidak Hadir
2153,240003938,MK08,2026-05-07,Hadir
2154,240002492,MK01,2026-05-07,Hadir
2155,240001796,MK02,2026-05-07,Hadir
2156,240004262,MK09,2026-05-07,Tidak Hadir
2157,240001606,MK03,2026-05-07,Hadir
2158,240004537,MK01,2026-05-07,Hadir
2159,240000541,MK07,2026-05-07,Hadir
2160,240004163,MK02,2026-05-07,Hadir
2161,240004352,MK04,2026-05-07,Hadir
2162,240004147,MK04,2026-05-07,Tidak Hadir
2163,240000431,MK08,2026-05-07,Tidak Hadir
2164,240004202,MK04,2026-05-07,Hadir
2165,240002110,MK07,2026-05-07,Hadir
2166,240002232,MK07,2026-05-07,Hadir
2167,240000943,MK09,2026-05-07,Tidak Hadir
2168,240001219,MK06,2026-05-07,Hadir
2169,240003134,MK03,2026-05-07,Tidak Hadir
2170,240002402,MK09,2026-05-07,Hadir
2171,240000403,MK02,2026-05-07,Hadir
2172,240001344,MK05,2026-05-07,Hadir
2173,240000531,MK05,2026-05-07,Hadir
2174,240003961,MK02,2026-05-07,Hadir
2175,240004005,MK05,2026-05-07,Tidak Hadir
2176,240003186,MK06,2026-05-07,Hadir
2177,240000353,MK06,2026-05-07,Hadir
2178,240001101,MK06,2026-05-07,Hadir
2179,240000258,MK07,2026-05-07,Hadir
2180,240002474,MK05,2026-05-07,Hadir
2181,240003898,MK02,2026-05-07,Hadir
2182,240004468,MK06,2026-05-07,Tidak Hadir
2183,240004632,MK01,2026-05-07,Hadir
2184,240003248,MK03,2026-05-07,Hadir
2185,240003790,MK10,2026-05-07,Tidak Hadir
2186,240004612,MK09,2026-05-07,Hadir
2187,240002119,MK08,2026-05-07,Hadir
2188,240003956,MK06,2026-05-07,Hadir
2189,240000815,MK09,2026-05-07,Hadir
2190,240001219,MK02,2026-05-07,Hadir
2191,240003114,MK10,2026-05-07,Hadir
2192,240000658,MK10,2026-05-07,Hadir
2193,240001774,MK05,2026-05-07,Hadir
2194,240003222,MK08,2026-05-07,Hadir
2195,240003109,MK03,2026-05-07,Hadir
2196,240001406,MK03,2026-05-07,Hadir
2197,240000732,MK03,2026-05-07,Tidak Hadir
2198,240001852,MK10,2026-05-07,Hadir
2199,240001353,MK02,2026-05-07,Hadir
2200,240002198,MK09,2026-05-07,Hadir
2201,240001732,MK04,2026-05-07,Hadir
2202,240003026,MK02,2026-05-07,Tidak Hadir
2203,240004208,MK03,2026-05-07,Hadir
2204,240000502,MK01,2026-05-07,Hadir
2205,240001732,MK05,2026-05-07,Hadir
2206,240002046,MK07,2026-05-07,Hadir
2207,240000013,MK08,2026-05-07,Hadir
2208,240004067,MK06,2026-05-07,Hadir
2209,240001564,MK06,2026-05-07,Hadir
2210,240002169,MK01,2026-05-07,Hadir
2211,240001242,MK07,2026-05-07,Tidak Hadir
2212,240001313,MK10,2026-05-07,Tidak Hadir
2213,240002958,MK05,2026-05-07,Hadir
2214,240004941,MK10,2026-05-07,Hadir
2215,240000564,MK07,2026-05-07,Hadir
2216,240002848,MK01,2026-05-07,Tidak Hadir
2217,240003529,MK04,2026-05-07,Hadir
2218,240002964,MK01,2026-05-07,Hadir
2219,240003464,MK03,2026-05-07,Hadir
2220,240001947,MK08,2026-05-07,Hadir
2221,240000097,MK10,2026-05-07,Hadir
2222,240001239,MK07,2026-05-07,Hadir
2223,240002156,MK07,2026-05-07,Hadir
2224,240000723,MK10,2026-05-07,Hadir
2225,240004179,MK01,2026-05-07,Hadir
2226,240000793,MK05,2026-05-07,Hadir
2227,240000131,MK04,2026-05-07,Hadir
2228,240000609,MK06,2026-05-07,Hadir
2229,240001676,MK06,2026-05-07,Hadir
2230,240003821,MK06,2026-05-07,Hadir
2231,240001271,MK01,2026-05-07,Hadir
2232,240003326,MK03,2026-05-07,Hadir
2233,240004311,MK10,2026-05-07,Tidak Hadir
2234,240002135,MK01,2026-05-07,Hadir
2235,240000484,MK04,2026-05-07,Hadir
2236,240004545,MK05,2026-05-07,Hadir
2237,240001493,MK08,2026-05-07,Hadir
2238,240003783,MK01,2026-05-07,Tidak Hadir
2239,240001589,MK02,2026-05-07,Hadir
2240,240004607,MK05,2026-05-07,Hadir
2241,240000870,MK04,2026-05-07,Hadir
2242,240004402,MK10,2026-05-07,Hadir
2243,240002323,MK10,2026-05-07,Hadir
2244,240001685,MK04,2026-05-07,Hadir
2245,240001742,MK10,2026-05-07,Hadir
2246,240002054,MK07,2026-05-07,Hadir
2247,240002341,MK02,2026-05-07,Tidak Hadir
2248,240000780,MK10,2026-05-07,Hadir
2249,240003225,MK03,2026-05-07,Hadir
2250,240003819,MK05,2026-05-07,Hadir
2251,240002513,MK09,2026-05-07,Hadir
2252,240002741,MK08,2026-05-07,Hadir
2253,240003307,MK07,2026-05-07,Hadir
2254,240000249,MK10,2026-05-07,Hadir
2255,240001866,MK06,2026-05-07,Hadir
2256,240000627,MK04,2026-05-07,Hadir
2257,240000851,MK04,2026-05-07,Hadir
2258,240003886,MK06,2026-05-07,Hadir
2259,240000283,MK09,2026-05-07,Hadir
2260,240002406,MK10,2026-05-07,Hadir
2261,240003711,MK08,2026-05-07,Hadir
2262,240003347,MK08,2026-05-07,Hadir
2263,240000366,MK03,2026-05-07,Hadir
2264,240002476,MK02,2026-05-07,Hadir
2265,240003885,MK02,2026-05-07,Hadir
2266,240001975,MK02,2026-05-07,Hadir
2267,240003136,MK04,2026-05-07,Hadir
2268,240004162,MK08,2026-05-07,Hadir
2269,240003524,MK09,2026-05-07,Tidak Hadir
2270,240004557,MK01,2026-05-07,Hadir
2271,240003332,MK08,2026-05-07,Hadir
2272,240001564,MK03,2026-05-07,Hadir
2273,240003700,MK08,2026-05-07,Hadir
2274,240000989,MK02,2026-05-07,Hadir
2275,240002296,MK10,2026-05-07,Hadir
2276,240001545,MK08,2026-05-07,Hadir
2277,240000845,MK10,2026-05-07,Tidak Hadir
2278,240001390,MK06,2026-05-07,Hadir
2279,240000179,MK07,2026-05-07,Hadir
2280,240003711,MK02,2026-05-07,Hadir
2281,240000748,MK01,2026-05-07,Hadir
2282,240002378,MK02,2026-05-07,Hadir
2283,240000373,MK07,2026-05-07,Hadir
2284,240003651,MK02,2026-05-07,Hadir
2285,240002955,MK05,2026-05-07,Hadir
2286,240000082,MK03,2026-05-07,Hadir
2287,240002246,MK05,2026-05-07,Hadir
2288,240003488,MK08,2026-05-07,Hadir
2289,240002019,MK07,2026-05-07,Hadir
2290,240002579,MK08,2026-05-07,Tidak Hadir
2291,240003771,MK02,2026-05-07,Hadir
2292,240003616,MK02,2026-05-07,Hadir
2293,240003265,MK03,2026-05-07,Hadir
2294,240001251,MK04,2026-05-07,Hadir
2295,240001449,MK06,2026-05-07,Hadir
2296,240001526,MK10,2026-05-07,Hadir
2297,240001301,MK02,2026-05-07,Tidak Hadir
2298,240001214,MK03,2026-05-07,Hadir
2299,240004792,MK02,2026-05-07,Hadir
2300,240004718,MK02,2026-05-07,Hadir
2301,240003141,MK06,2026-05-07,Hadir
2302,240000340,MK09,2026-05-07,Hadir
2303,240000674,MK09,2026-05-07,Hadir
2304,240004690,MK07,2026-05-07,Hadir
2305,240003895,MK09,2026-05-07,Hadir
2306,240004905,MK07,2026-05-07,Hadir
2307,240001768,MK04,2026-05-07,Hadir
2308,240002445,MK04,2026-05-07,Hadir
2309,240004344,MK01,2026-05-07,Hadir
2310,240001427,MK07,2026-05-07,Hadir
2311,240000161,MK07,2026-05-07,Hadir
2312,240002004,MK05,2026-05-07,Hadir
2313,240003564,MK08,2026-05-07,Hadir
2314,240000986,MK06,2026-05-07,Hadir
2315,240002952,MK03,2026-05-07,Hadir
2316,240004616,MK05,2026-05-07,Hadir
2317,240002173,MK10,2026-05-07,Hadir
2318,240004695,MK09,2026-05-07,Hadir
2319,240002826,MK05,2026-05-07,Hadir
2320,240004285,MK07,2026-05-07,Hadir
2321,240002654,MK02,2026-05-07,Tidak Hadir
2322,240004702,MK06,2026-05-07,Hadir
2323,240001576,MK10,2026-05-07,Hadir
2324,240002124,MK04,2026-05-07,Hadir
2325,240001921,MK01,2026-05-07,Hadir
2326,240001376,MK02,2026-05-07,Hadir
2327,240003135,MK03,2026-05-07,Tidak Hadir
2328,240004954,MK08,2026-05-07,Hadir
2329,240002051,MK01,2026-05-07,Hadir
2330,240002288,MK06,2026-05-07,Hadir
2331,240000448,MK09,2026-05-07,Hadir
2332,240003704,MK07,2026-05-07,Hadir
2333,240003134,MK03,2026-05-07,Tidak Hadir
2334,240000758,MK03,2026-05-07,Hadir
2335,240001849,MK08,2026-05-07,Hadir
2336,240000551,MK08,2026-05-07,Hadir
2337,240001657,MK09,2026-05-07,Hadir
2338,240000973,MK10,2026-05-07,Hadir
2339,240001604,MK03,2026-05-07,Hadir
2340,240002171,MK08,2026-05-07,Hadir
2341,240003172,MK08,2026-05-07,Tidak Hadir
2342,240002720,MK06,2026-05-07,Hadir
2343,240003649,MK08,2026-05-07,Hadir
2344,240002445,MK01,2026-05-07,Hadir
2345,240000903,MK02,2026-05-07,Hadir
2346,240003947,MK01,2026-05-07,Hadir
2347,240004146,MK03,2026-05-07,Hadir
2348,240001008,MK08,2026-05-07,Tidak Hadir
2349,240002054,MK04,2026-05-07,Hadir
2350,240002002,MK03,2026-05-07,Hadir
2351,240000952,MK06,2026-05-07,Hadir
2352,240002695,MK10,2026-05-07,Hadir
2353,240000324,MK02,2026-05-07,Tidak Hadir
2354,240001056,MK10,2026-05-07,Hadir
2355,240003567,MK03,2026-05-07,Hadir
2356,240001912,MK01,2026-05-07,Hadir
2357,240003235,MK10,2026-05-07,Tidak Hadir
2358,240004802,MK05,2026-05-07,Hadir
2359,240004621,MK01,2026-05-07,Hadir
2360,240003403,MK09,2026-05-07,Hadir
2361,240001189,MK02,2026-05-07,Hadir
2362,240000278,MK03,2026-05-07,Hadir
2363,240002698,MK05,2026-05-07,Hadir
2364,240002962,MK06,2026-05-07,Hadir
2365,240002704,MK07,2026-05-07,Tidak Hadir
2366,240001393,MK07,2026-05-07,Hadir
2367,240003666,MK10,2026-05-07,Hadir
2368,240001094,MK02,2026-05-07,Hadir
2369,240000424,MK01,2026-05-07,Hadir
2370,240004489,MK05,2026-05-07,Hadir
2371,240003658,MK10,2026-05-07,Hadir
2372,240001911,MK01,2026-05-07,Hadir
2373,240004021,MK01,2026-05-07,Hadir
2374,240004619,MK08,2026-05-07,Hadir
2375,240004300,MK03,2026-05-07,Hadir
2376,240001920,MK06,2026-05-07,Hadir
2377,240001136,MK01,2026-05-07,Hadir
2378,240000427,MK01,2026-05-07,Hadir
2379,240004527,MK02,2026-05-07,Hadir
2380,240003192,MK06,2026-05-07,Hadir
2381,240002629,MK01,2026-05-07,Hadir
2382,240003309,MK06,2026-05-07,Hadir
2383,240003882,MK08,2026-05-07,Hadir
2384,240001233,MK04,2026-05-07,Hadir
2385,240000893,MK04,2026-05-07,Hadir
2386,240000390,MK02,2026-05-07,Hadir
2387,240001199,MK06,2026-05-07,Hadir
2388,240002413,MK07,2026-05-07,Hadir
2389,240004308,MK02,2026-05-07,Hadir
2390,240001208,MK01,2026-05-07,Hadir
2391,240004467,MK06,2026-05-07,Tidak Hadir
2392,240003288,MK01,2026-05-07,Hadir
2393,240001568,MK04,2026-05-07,Hadir
2394,240003067,MK06,2026-05-07,Hadir
2395,240003879,MK02,2026-05-07,Hadir
2396,240004456,MK06,2026-05-07,Hadir
2397,240001138,MK03,2026-05-07,Hadir
2398,240004193,MK04,2026-05-07,Hadir
2399,240002820,MK07,2026-05-07,Hadir
2400,240003605,MK07,2026-05-07,Hadir
2401,240002079,MK01,2026-05-07,Hadir
2402,240002853,MK09,2026-05-07,Hadir
2403,240004594,MK09,2026-05-07,Hadir
2404,240004571,MK07,2026-05-07,Hadir
2405,240000604,MK01,2026-05-07,Hadir
2406,240002577,MK01,2026-05-07,Hadir
2407,240003258,MK06,2026-05-07,Hadir
2408,240000632,MK08,2026-05-07,Tidak Hadir
2409,240001825,MK04,2026-05-07,Tidak Hadir
2410,240000702,MK10,2026-05-07,Hadir
2411,240004108,MK10,2026-05-07,Hadir
2412,240002353,MK08,2026-05-07,Hadir
2413,240002649,MK01,2026-05-07,Hadir
2414,240003452,MK04,2026-05-07,Hadir
2415,240002123,MK06,2026-05-07,Hadir
2416,240000413,MK02,2026-05-07,Hadir
2417,240004656,MK05,2026-05-07,Hadir
2418,240001696,MK01,2026-05-07,Hadir
2419,240001696,MK04,2026-05-07,Hadir
2420,240000475,MK02,2026-05-07,Hadir
2421,240003359,MK01,2026-05-07,Hadir
2422,240003771,MK09,2026-05-07,Hadir
2423,240001681,MK09,2026-05-07,Hadir
2424,240000687,MK05,2026-05-07,Hadir
2425,240001910,MK01,2026-05-07,Hadir
2426,240001726,MK09,2026-05-07,Hadir
2427,240004839,MK01,2026-05-07,Hadir
2428,240002730,MK02,2026-05-07,Hadir
2429,240003913,MK07,2026-05-07,Hadir
2430,240004140,MK08,2026-05-07,Hadir
2431,240001669,MK06,2026-05-07,Hadir
2432,240000184,MK07,2026-05-07,Hadir
2433,240003833,MK03,2026-05-07,Tidak Hadir
2434,240001147,MK01,2026-05-07,Hadir
2435,240003337,MK03,2026-05-07,Hadir
2436,240001189,MK10,2026-05-07,Hadir
2437,240004058,MK10,2026-05-07,Hadir
2438,240001755,MK09,2026-05-07,Tidak Hadir
2439,240000788,MK05,2026-05-07,Tidak Hadir
2440,240001646,MK10,2026-05-07,Hadir
2441,240004645,MK08,2026-05-07,Tidak Hadir
2442,240004795,MK01,2026-05-07,Tidak Hadir
2443,240002584,MK06,2026-05-07,Hadir
2444,240002985,MK09,2026-05-07,Hadir
2445,240003705,MK04,2026-05-07,Tidak Hadir
2446,240003591,MK09,2026-05-07,Hadir
2447,240004452,MK08,2026-05-07,Hadir
2448,240002403,MK05,2026-05-07,Hadir
2449,240002443,MK05,2026-05-07,Hadir
2450,240002144,MK06,2026-05-07,Hadir
2451,240001023,MK05,2026-05-07,Hadir
2452,240004104,MK08,2026-05-07,Hadir
2453,240004761,MK05,2026-05-07,Hadir
2454,240000079,MK10,2026-05-07,Hadir
2455,240003829,MK07,2026-05-07,Tidak Hadir
2456,240003011,MK10,2026-05-07,Tidak Hadir
2457,240004455,MK09,2026-05-07,Hadir
2458,240003367,MK01,2026-05-07,Hadir
2459,240002145,MK09,2026-05-07,Hadir
2460,240004162,MK08,2026-05-07,Hadir
2461,240003671,MK02,2026-05-07,Tidak Hadir
2462,240001116,MK03,2026-05-07,Hadir
2463,240001869,MK08,2026-05-07,Hadir
2464,240002129,MK01,2026-05-07,Hadir
2465,240003603,MK07,2026-05-07,Hadir
2466,240001856,MK01,2026-05-07,Hadir
2467,240001125,MK08,2026-05-07,Hadir
2468,240002475,MK10,2026-05-07,Hadir
2469,240000413,MK06,2026-05-07,Hadir
2470,240003351,MK01,2026-05-07,Hadir
2471,240003439,MK01,2026-05-07,Tidak Hadir
2472,240004360,MK06,2026-05-07,Hadir
2473,240002033,MK08,2026-05-07,Hadir
2474,240002993,MK03,2026-05-07,Tidak Hadir
2475,240004122,MK01,2026-05-07,Hadir
2476,240002421,MK04,2026-05-07,Hadir
2477,240000111,MK06,2026-05-07,Hadir
2478,240003782,MK02,2026-05-07,Hadir
2479,240001620,MK04,2026-05-07,Hadir
2480,240003883,MK05,2026-05-07,Tidak Hadir
2481,240003752,MK03,2026-05-07,Tidak Hadir
2482,240003731,MK09,2026-05-07,Hadir
2483,240004142,MK05,2026-05-07,Hadir
2484,240001624,MK03,2026-05-07,Tidak Hadir
2485,240003406,MK05,2026-05-07,Hadir
2486,240000446,MK05,2026-05-07,Hadir
2487,240001895,MK05,2026-05-07,Hadir
2488,240001314,MK02,2026-05-07,Hadir
2489,240000071,MK07,2026-05-07,Hadir
2490,240004204,MK03,2026-05-07,Hadir
2491,240001372,MK02,2026-05-07,Hadir
2492,240004916,MK08,2026-05-07,Hadir
2493,240003375,MK03,2026-05-07,Hadir
2494,240002805,MK03,2026-05-07,Hadir
2495,240001784,MK05,2026-05-07,Hadir
2496,240003727,MK09,2026-05-07,Hadir
2497,240000286,MK10,2026-05-07,Hadir
2498,240003773,MK07,2026-05-07,Hadir
2499,240001170,MK09,2026-05-07,Hadir
2500,240003579,MK10,2026-05-07,Hadir
2501,240002648,MK01,2026-05-07,Hadir
2502,240001537,MK09,2026-05-07,Hadir
2503,240003757,MK04,2026-05-07,Hadir
2504,240003792,MK03,2026-05-07,Hadir
2505,240001044,MK03,2026-05-07,Hadir
2506,240002983,MK03,2026-05-07,Hadir
2507,240003016,MK01,2026-05-07,Hadir
2508,240004917,MK03,2026-05-07,Hadir
2509,240000746,MK03,2026-05-07,Hadir
2510,240002843,MK01,2026-05-07,Hadir
2511,240003665,MK01,2026-05-07,Hadir
2512,240004727,MK04,2026-05-07,Hadir
2513,240002321,MK02,2026-05-07,Hadir
2514,240001536,MK08,2026-05-07,Hadir
2515,240002458,MK10,2026-05-07,Hadir
2516,240004961,MK09,2026-05-07,Hadir
2517,240003005,MK07,2026-05-07,Hadir
2518,240002044,MK03,2026-05-07,Hadir
2519,240002387,MK09,2026-05-07,Hadir
2520,240004928,MK06,2026-05-07,Hadir
2521,240000322,MK01,2026-05-07,Hadir
2522,240002921,MK09,2026-05-07,Hadir
2523,240004046,MK08,2026-05-07,Hadir
2524,240001534,MK03,2026-05-07,Hadir
2525,240000917,MK08,2026-05-07,Hadir
2526,240003708,MK02,2026-05-07,Hadir
2527,240000952,MK02,2026-05-07,Hadir
2528,240002000,MK09,2026-05-07,Hadir
2529,240004862,MK01,2026-05-07,Hadir
2530,240003739,MK08,2026-05-07,Hadir
2531,240001597,MK03,2026-05-07,Hadir
2532,240000966,MK08,2026-05-07,Hadir
2533,240003881,MK02,2026-05-07,Hadir
2534,240001074,MK10,2026-05-07,Hadir
2535,240004430,MK04,2026-05-07,Hadir
2536,240004720,MK09,2026-05-07,Hadir
2537,240002625,MK05,2026-05-07,Tidak Hadir
2538,240004944,MK07,2026-05-07,Tidak Hadir
2539,240003730,MK01,2026-05-07,Hadir
2540,240001545,MK10,2026-05-07,Hadir
2541,240003773,MK10,2026-05-07,Hadir
2542,240001418,MK10,2026-05-07,Hadir
2543,240000258,MK05,2026-05-07,Hadir
2544,240000950,MK10,2026-05-07,Hadir
2545,240001962,MK08,2026-05-07,Hadir
2546,240004279,MK03,2026-05-07,Tidak Hadir
2547,240001737,MK01,2026-05-07,Hadir
2548,240004723,MK05,2026-05-07,Tidak Hadir
2549,240001273,MK09,2026-05-07,Hadir
2550,240001344,MK06,2026-05-07,Hadir
2551,240001350,MK06,2026-05-07,Hadir
2552,240002784,MK03,2026-05-07,Hadir
2553,240004604,MK08,2026-05-07,Hadir
2554,240003574,MK03,2026-05-07,Hadir
2555,240000445,MK06,2026-05-07,Hadir
2556,240001793,MK01,2026-05-07,Tidak Hadir
2557,240002064,MK03,2026-05-07,Hadir
2558,240004961,MK03,2026-05-07,Hadir
2559,240000984,MK05,2026-05-07,Hadir
2560,240004101,MK04,2026-05-07,Hadir
2561,240003684,MK05,2026-05-07,Hadir
2562,240004580,MK08,2026-05-07,Tidak Hadir
2563,240001048,MK01,2026-05-07,Hadir
2564,240003824,MK06,2026-05-07,Hadir
2565,240002030,MK09,2026-05-07,Hadir
2566,240000620,MK08,2026-05-07,Hadir
2567,240001430,MK08,2026-05-07,Hadir
2568,240000512,MK03,2026-05-07,Hadir
2569,240002461,MK08,2026-05-07,Hadir
2570,240002119,MK03,2026-05-07,Hadir
2571,240004362,MK09,2026-05-07,Hadir
2572,240004020,MK02,2026-05-07,Hadir
2573,240004763,MK08,2026-05-07,Hadir
2574,240003456,MK08,2026-05-07,Hadir
2575,240004164,MK06,2026-05-07,Hadir
2576,240004327,MK09,2026-05-07,Hadir
2577,240003035,MK01,2026-05-07,Tidak Hadir
2578,240004474,MK08,2026-05-07,Hadir
2579,240003449,MK09,2026-05-07,Hadir
2580,240000357,MK06,2026-05-07,Hadir
2581,240000901,MK02,2026-05-07,Hadir
2582,240000113,MK01,2026-05-07,Hadir
2583,240000144,MK02,2026-05-07,Hadir
2584,240001471,MK03,2026-05-07,Hadir
2585,240004916,MK01,2026-05-07,Hadir
2586,240001887,MK01,2026-05-07,Hadir
2587,240004879,MK05,2026-05-07,Hadir
2588,240004293,MK08,2026-05-07,Tidak Hadir
2589,240004932,MK06,2026-05-07,Hadir
2590,240003531,MK06,2026-05-07,Hadir
2591,240001076,MK03,2026-05-07,Hadir
2592,240003667,MK05,2026-05-07,Hadir
2593,240004348,MK07,2026-05-07,Hadir
2594,240001158,MK02,2026-05-07,Hadir
2595,240001703,MK06,2026-05-07,Hadir
2596,240004519,MK03,2026-05-07,Hadir
2597,240003447,MK10,2026-05-07,Hadir
2598,240003456,MK03,2026-05-07,Hadir
2599,240004819,MK07,2026-05-07,Hadir
2600,240001189,MK01,2026-05-07,Hadir
2601,240004887,MK03,2026-05-07,Hadir
2602,240002162,MK03,2026-05-07,Hadir
2603,240001396,MK04,2026-05-07,Hadir
2604,240001966,MK09,2026-05-07,Tidak Hadir
2605,240002088,MK07,2026-05-07,Hadir
2606,240000394,MK06,2026-05-07,Hadir
2607,240000942,MK01,2026-05-07,Hadir
2608,240002141,MK07,2026-05-07,Tidak Hadir
2609,240004542,MK03,2026-05-07,Hadir
2610,240001032,MK02,2026-05-07,Hadir
2611,240000813,MK09,2026-05-07,Hadir
2612,240000436,MK06,2026-05-07,Hadir
2613,240002713,MK01,2026-05-07,Tidak Hadir
2614,240000456,MK10,2026-05-07,Hadir
2615,240003641,MK04,2026-05-07,Hadir
2616,240000021,MK02,2026-05-07,Hadir
2617,240003026,MK08,2026-05-07,Hadir
2618,240001251,MK09,2026-05-07,Hadir
2619,240003377,MK04,2026-05-07,Hadir
2620,240000727,MK05,2026-05-07,Hadir
2621,240001216,MK01,2026-05-07,Hadir
2622,240004196,MK09,2026-05-07,Hadir
2623,240001383,MK10,2026-05-07,Hadir
2624,240000970,MK08,2026-05-07,Hadir
2625,240003983,MK10,2026-05-07,Tidak Hadir
2626,240002900,MK10,2026-05-07,Hadir
2627,240003660,MK02,2026-05-07,Hadir
2628,240003461,MK04,2026-05-07,Hadir
2629,240002131,MK07,2026-05-07,Hadir
2630,240001458,MK08,2026-05-07,Hadir
2631,240000743,MK09,2026-05-07,Hadir
2632,240000451,MK08,2026-05-07,Hadir
2633,240001585,MK08,2026-05-07,Hadir
2634,240002515,MK03,2026-05-07,Hadir
2635,240002869,MK03,2026-05-07,Hadir
2636,240004437,MK08,2026-05-07,Hadir
2637,240003773,MK10,2026-05-07,Tidak Hadir
2638,240001221,MK05,2026-05-07,Hadir
2639,240001874,MK07,2026-05-07,Hadir
2640,240004644,MK05,2026-05-07,Hadir
2641,240004417,MK10,2026-05-07,Hadir
2642,240001665,MK05,2026-05-07,Hadir
2643,240004958,MK10,2026-05-07,Hadir
2644,240000082,MK07,2026-05-07,Hadir
2645,240004090,MK01,2026-05-07,Hadir
2646,240000692,MK03,2026-05-07,Hadir
2647,240000728,MK03,2026-05-07,Hadir
2648,240001113,MK10,2026-05-07,Hadir
2649,240003658,MK03,2026-05-07,Hadir
2650,240003299,MK10,2026-05-07,Hadir
2651,240004057,MK05,2026-05-07,Hadir
2652,240002925,MK07,2026-05-07,Hadir
2653,240004676,MK07,2026-05-07,Hadir
2654,240002966,MK07,2026-05-07,Hadir
2655,240001622,MK01,2026-05-07,Hadir
2656,240002828,MK03,2026-05-07,Hadir
2657,240002056,MK02,2026-05-07,Hadir
2658,240001059,MK09,2026-05-07,Hadir
2659,240004769,MK08,2026-05-07,Hadir
2660,240000654,MK02,2026-05-07,Hadir
2661,240004997,MK06,2026-05-07,Hadir
2662,240001863,MK08,2026-05-07,Hadir
2663,240003824,MK10,2026-05-07,Hadir
2664,240003625,MK10,2026-05-07,Hadir
2665,240002451,MK07,2026-05-07,Hadir
2666,240001787,MK05,2026-05-07,Hadir
2667,240003356,MK08,2026-05-07,Hadir
2668,240000499,MK08,2026-05-07,Hadir
2669,240004401,MK02,2026-05-07,Hadir
2670,240001786,MK08,2026-05-07,Hadir
2671,240001119,MK06,2026-05-07,Hadir
2672,240002037,MK01,2026-05-07,Hadir
2673,240000346,MK04,2026-05-07,Hadir
2674,240002160,MK01,2026-05-07,Hadir
2675,240001077,MK02,2026-05-07,Hadir
2676,240002381,MK01,2026-05-07,Hadir
2677,240004492,MK09,2026-05-07,Hadir
2678,240002836,MK06,2026-05-07,Hadir
2679,240004626,MK03,2026-05-07,Hadir
2680,240004159,MK02,2026-05-07,Hadir
2681,240004438,MK03,2026-05-07,Hadir
2682,240003116,MK01,2026-05-07,Hadir
2683,240000600,MK10,2026-05-07,Tidak Hadir
2684,240002598,MK09,2026-05-07,Hadir
2685,240001204,MK07,2026-05-07,Hadir
2686,240002571,MK05,2026-05-07,Hadir
2687,240001326,MK02,2026-05-07,Tidak Hadir
2688,240004390,MK09,2026-05-07,Hadir
2689,240004846,MK05,2026-05-07,Hadir
2690,240004165,MK03,2026-05-07,Hadir
2691,240001758,MK06,2026-05-07,Hadir
2692,240000462,MK10,2026-05-07,Hadir
2693,240002926,MK07,2026-05-07,Hadir
2694,240004420,MK07,2026-05-07,Hadir
2695,240001466,MK06,2026-05-07,Hadir
2696,240000443,MK02,2026-05-07,Hadir
2697,240004095,MK07,2026-05-07,Tidak Hadir
2698,240004064,MK07,2026-05-07,Hadir
2699,240004363,MK09,2026-05-07,Hadir
2700,240003167,MK09,2026-05-07,Hadir
2701,240001645,MK09,2026-05-07,Hadir
2702,240003870,MK07,2026-05-07,Hadir
2703,240001007,MK02,2026-05-07,Hadir
2704,240003054,MK05,2026-05-07,Tidak Hadir
2705,240004295,MK10,2026-05-07,Hadir
2706,240001937,MK07,2026-05-07,Hadir
2707,240001131,MK07,2026-05-07,Hadir
2708,240001710,MK01,2026-05-07,Hadir
2709,240002800,MK03,2026-05-07,Hadir
2710,240002671,MK07,2026-05-07,Hadir
2711,240004034,MK08,2026-05-07,Hadir
2712,240003741,MK04,2026-05-07,Hadir
2713,240004975,MK03,2026-05-07,Hadir
2714,240003615,MK08,2026-05-07,Tidak Hadir
2715,240001610,MK01,2026-05-07,Tidak Hadir
2716,240002603,MK03,2026-05-07,Hadir
2717,240003015,MK01,2026-05-07,Hadir
2718,240001553,MK04,2026-05-07,Hadir
2719,240002069,MK08,2026-05-07,Hadir
2720,240000757,MK10,2026-05-07,Hadir
2721,240001749,MK01,2026-05-07,Tidak Hadir
2722,240001146,MK04,2026-05-07,Hadir
2723,240003329,MK02,2026-05-07,Hadir
2724,240002446,MK10,2026-05-07,Tidak Hadir
2725,240002331,MK10,2026-05-07,Hadir
2726,240000184,MK08,2026-05-07,Hadir
2727,240000004,MK10,2026-05-07,Hadir
2728,240004523,MK04,2026-05-07,Hadir
2729,240004576,MK08,2026-05-07,Hadir
2730,240004820,MK09,2026-05-07,Hadir
2731,240004915,MK09,2026-05-07,Hadir
2732,240002482,MK10,2026-05-07,Hadir
2733,240000908,MK05,2026-05-07,Hadir
2734,240002641,MK08,2026-05-07,Hadir
2735,240001393,MK05,2026-05-07,Hadir
2736,240004289,MK04,2026-05-07,Hadir
2737,240003897,MK06,2026-05-07,Hadir
2738,240003314,MK06,2026-05-07,Hadir
2739,240002760,MK03,2026-05-07,Hadir
2740,240000197,MK04,2026-05-07,Hadir
2741,240000174,MK07,2026-05-07,Hadir
2742,240003954,MK07,2026-05-07,Hadir
2743,240004701,MK04,2026-05-07,Hadir
2744,240002340,MK05,2026-05-07,Tidak Hadir
2745,240001160,MK07,2026-05-07,Hadir
2746,240002772,MK06,2026-05-07,Hadir
2747,240002049,MK04,2026-05-07,Hadir
2748,240004228,MK09,2026-05-07,Hadir
2749,240004585,MK01,2026-05-07,Hadir
2750,240003641,MK10,2026-05-07,Hadir
2751,240004891,MK03,2026-05-07,Hadir
2752,240002678,MK06,2026-05-07,Hadir
2753,240004585,MK08,2026-05-07,Tidak Hadir
2754,240002339,MK09,2026-05-07,Hadir
2755,240001387,MK10,2026-05-07,Hadir
2756,240004564,MK08,2026-05-07,Hadir
2757,240003265,MK09,2026-05-07,Hadir
2758,240003065,MK09,2026-05-07,Hadir
2759,240000794,MK01,2026-05-07,Hadir
2760,240004202,MK10,2026-05-07,Hadir
2761,240002264,MK07,2026-05-07,Hadir
2762,240003923,MK01,2026-05-07,Hadir
2763,240000229,MK10,2026-05-07,Hadir
2764,240000549,MK09,2026-05-07,Hadir
2765,240003259,MK09,2026-05-07,Hadir
2766,240002636,MK06,2026-05-07,Hadir
2767,240004710,MK03,2026-05-07,Hadir
2768,240002417,MK04,2026-05-07,Hadir
2769,240004107,MK04,2026-05-07,Hadir
2770,240001792,MK10,2026-05-07,Hadir
2771,240002020,MK05,2026-05-07,Hadir
2772,240003879,MK03,2026-05-07,Tidak Hadir
2773,240001697,MK09,2026-05-07,Hadir
2774,240002817,MK05,2026-05-07,Hadir
2775,240002751,MK04,2026-05-07,Hadir
2776,240002947,MK07,2026-05-07,Tidak Hadir
2777,240003345,MK04,2026-05-07,Hadir
2778,240002714,MK01,2026-05-07,Hadir
2779,240002122,MK04,2026-05-07,Hadir
2780,240000538,MK05,2026-05-07,Hadir
2781,240001258,MK07,2026-05-07,Hadir
2782,240003334,MK02,2026-05-07,Hadir
2783,240001239,MK01,2026-05-07,Hadir
2784,240003783,MK10,2026-05-07,Hadir
2785,240003634,MK07,2026-05-07,Hadir
2786,240003628,MK09,2026-05-07,Tidak Hadir
2787,240002080,MK09,2026-05-07,Hadir
2788,240000323,MK02,2026-05-07,Hadir
2789,240001182,MK04,2026-05-07,Tidak Hadir
2790,240003566,MK08,2026-05-07,Hadir
2791,240001014,MK10,2026-05-07,Hadir
2792,240002286,MK02,2026-05-07,Hadir
2793,240002153,MK09,2026-05-07,Hadir
2794,240004419,MK06,2026-05-07,Hadir
2795,240000158,MK04,2026-05-07,Hadir
2796,240004892,MK01,2026-05-07,Hadir
2797,240000789,MK02,2026-05-07,Hadir
2798,240002048,MK02,2026-05-07,Hadir
2799,240002210,MK09,2026-05-07,Hadir
2800,240004073,MK05,2026-05-07,Hadir
2801,240002707,MK02,2026-05-07,Hadir
2802,240003709,MK03,2026-05-07,Hadir
2803,240002383,MK10,2026-05-07,Hadir
2804,240003383,MK09,2026-05-07,Hadir
2805,240002505,MK08,2026-05-07,Hadir
2806,240002820,MK10,2026-05-07,Hadir
2807,240002300,MK04,2026-05-07,Hadir
2808,240003457,MK07,2026-05-07,Hadir
2809,240000202,MK04,2026-05-07,Hadir
2810,240000940,MK02,2026-05-07,Hadir
2811,240001959,MK09,2026-05-07,Hadir
2812,240002594,MK09,2026-05-07,Hadir
2813,240004566,MK04,2026-05-07,Hadir
2814,240001718,MK02,2026-05-07,Hadir
2815,240002406,MK06,2026-05-07,Hadir
2816,240004846,MK01,2026-05-07,Hadir
2817,240001353,MK01,2026-05-07,Hadir
2818,240002380,MK03,2026-05-07,Hadir
2819,240002623,MK04,2026-05-07,Hadir
2820,240004510,MK05,2026-05-07,Tidak Hadir
2821,240003535,MK04,2026-05-07,Hadir
2822,240000148,MK10,2026-05-07,Hadir
2823,240000214,MK07,2026-05-07,Hadir
2824,240002691,MK01,2026-05-07,Hadir
2825,240003483,MK06,2026-05-07,Hadir
2826,240001869,MK06,2026-05-07,Hadir
2827,240004177,MK02,2026-05-07,Hadir
2828,240004233,MK01,2026-05-07,Hadir
2829,240001196,MK10,2026-05-07,Hadir
2830,240002407,MK06,2026-05-07,Hadir
2831,240003420,MK07,2026-05-07,Hadir
2832,240000627,MK04,2026-05-07,Hadir
2833,240004176,MK04,2026-05-07,Hadir
2834,240001055,MK08,2026-05-07,Hadir
2835,240003181,MK08,2026-05-07,Hadir
2836,240004985,MK03,2026-05-07,Tidak Hadir
2837,240001406,MK08,2026-05-07,Tidak Hadir
2838,240000618,MK05,2026-05-07,Hadir
2839,240004551,MK05,2026-05-07,Hadir
2840,240001893,MK09,2026-05-07,Hadir
2841,240000570,MK06,2026-05-07,Hadir
2842,240003595,MK04,2026-05-07,Hadir
2843,240002863,MK06,2026-05-07,Hadir
2844,240003922,MK02,2026-05-07,Tidak Hadir
2845,240003442,MK06,2026-05-07,Hadir
2846,240000401,MK07,2026-05-07,Hadir
2847,240002007,MK04,2026-05-07,Hadir
2848,240003707,MK06,2026-05-07,Hadir
2849,240000307,MK07,2026-05-07,Hadir
2850,240002858,MK07,2026-05-07,Hadir
2851,240000519,MK04,2026-05-07,Hadir
2852,240001052,MK05,2026-05-07,Hadir
2853,240002687,MK08,2026-05-07,Tidak Hadir
2854,240003522,MK05,2026-05-07,Hadir
2855,240002138,MK05,2026-05-07,Hadir
2856,240002673,MK07,2026-05-07,Hadir
2857,240004846,MK08,2026-05-07,Hadir
2858,240000317,MK01,2026-05-07,Hadir
2859,240000355,MK10,2026-05-07,Hadir
2860,240004732,MK06,2026-05-07,Hadir
2861,240004424,MK06,2026-05-07,Hadir
2862,240000164,MK01,2026-05-07,Hadir
2863,240002094,MK04,2026-05-07,Hadir
2864,240002710,MK04,2026-05-07,Hadir
2865,240001722,MK04,2026-05-07,Hadir
2866,240002685,MK06,2026-05-07,Tidak Hadir
2867,240002628,MK05,2026-05-07,Hadir
2868,240000309,MK09,2026-05-07,Hadir
2869,240000416,MK09,2026-05-07,Hadir
2870,240000561,MK05,2026-05-07,Tidak Hadir
2871,240002066,MK10,2026-05-07,Hadir
2872,240001580,MK05,2026-05-07,Hadir
2873,240000188,MK06,2026-05-07,Hadir
2874,240001632,MK05,2026-05-07,Hadir
2875,240000869,MK01,2026-05-07,Hadir
2876,240000857,MK03,2026-05-07,Hadir
2877,240004932,MK01,2026-05-07,Hadir
2878,240003379,MK08,2026-05-07,Hadir
2879,240002881,MK05,2026-05-07,Hadir
2880,240004062,MK01,2026-05-07,Hadir
2881,240001658,MK05,2026-05-07,Hadir
2882,240000365,MK06,2026-05-07,Hadir
2883,240002277,MK06,2026-05-07,Hadir
2884,240004776,MK01,2026-05-07,Hadir
2885,240002758,MK08,2026-05-07,Hadir
2886,240000602,MK08,2026-05-07,Hadir
2887,240003925,MK07,2026-05-07,Hadir
2888,240000399,MK07,2026-05-07,Hadir
2889,240001386,MK07,2026-05-07,Hadir
2890,240002224,MK03,2026-05-07,Hadir
2891,240002145,MK05,2026-05-07,Hadir
2892,240003035,MK10,2026-05-07,Hadir
2893,240001739,MK05,2026-05-07,Hadir
2894,240004276,MK02,2026-05-07,Hadir
2895,240004335,MK08,2026-05-07,Hadir
2896,240002815,MK08,2026-05-07,Hadir
2897,240003159,MK04,2026-05-07,Hadir
2898,240000797,MK02,2026-05-07,Hadir
2899,240000790,MK08,2026-05-07,Hadir
2900,240004425,MK06,2026-05-07,Hadir
2901,240004813,MK04,2026-05-07,Hadir
2902,240003096,MK01,2026-05-07,Hadir
2903,240000590,MK01,2026-05-07,Tidak Hadir
2904,240003896,MK08,2026-05-07,Hadir
2905,240001636,MK08,2026-05-07,Tidak Hadir
2906,240001782,MK09,2026-05-07,Tidak Hadir
2907,240003492,MK04,2026-05-07,Hadir
2908,240004888,MK01,2026-05-07,Tidak Hadir
2909,240002605,MK02,2026-05-07,Hadir
2910,240003817,MK07,2026-05-07,Hadir
2911,240004312,MK08,2026-05-07,Hadir
2912,240002055,MK05,2026-05-07,Hadir
2913,240002534,MK08,2026-05-07,Hadir
2914,240000902,MK09,2026-05-07,Hadir
2915,240004752,MK06,2026-05-07,Hadir
2916,240001489,MK02,2026-05-07,Tidak Hadir
2917,240002562,MK04,2026-05-07,Hadir
2918,240001995,MK05,2026-05-07,Hadir
2919,240002242,MK07,2026-05-07,Hadir
2920,240000217,MK06,2026-05-07,Hadir
2921,240002965,MK02,2026-05-07,Tidak Hadir
2922,240004929,MK06,2026-05-07,Tidak Hadir
2923,240003726,MK07,2026-05-07,Hadir
2924,240004241,MK07,2026-05-07,Hadir
2925,240002351,MK08,2026-05-07,Hadir
2926,240003123,MK03,2026-05-07,Hadir
2927,240003856,MK03,2026-05-07,Hadir
2928,240002401,MK03,2026-05-07,Hadir
2929,240004607,MK08,2026-05-07,Hadir
2930,240002787,MK04,2026-05-07,Hadir
2931,240000473,MK07,2026-05-07,Hadir
2932,240003635,MK09,2026-05-07,Hadir
2933,240004611,MK08,2026-05-07,Hadir
2934,240000390,MK06,2026-05-07,Hadir
2935,240000254,MK03,2026-05-07,Hadir
2936,240004765,MK07,2026-05-07,Hadir
2937,240002904,MK06,2026-05-07,Hadir
2938,240003525,MK05,2026-05-07,Hadir
2939,240003752,MK04,2026-05-07,Hadir
2940,240003071,MK09,2026-05-07,Hadir
2941,240003129,MK04,2026-05-07,Hadir
2942,240001641,MK09,2026-05-07,Hadir
2943,240001000,MK09,2026-05-07,Hadir
2944,240000108,MK04,2026-05-07,Hadir
2945,240000114,MK03,2026-05-07,Hadir
2946,240002986,MK08,2026-05-07,Hadir
2947,240001739,MK02,2026-05-07,Hadir
2948,240000960,MK08,2026-05-07,Hadir
2949,240003206,MK09,2026-05-07,Hadir
2950,240004728,MK03,2026-05-07,Hadir
2951,240002780,MK09,2026-05-07,Hadir
2952,240000642,MK09,2026-05-07,Hadir
2953,240003070,MK03,2026-05-07,Tidak Hadir
2954,240000263,MK06,2026-05-07,Hadir
2955,240001990,MK01,2026-05-07,Hadir
2956,240001473,MK01,2026-05-07,Hadir
2957,240004608,MK08,2026-05-07,Hadir
2958,240004423,MK06,2026-05-07,Hadir
2959,240000460,MK06,2026-05-07,Hadir
2960,240000048,MK07,2026-05-07,Hadir
2961,240001258,MK08,2026-05-07,Hadir
2962,240001834,MK08,2026-05-07,Hadir
2963,240001580,MK06,2026-05-07,Hadir
2964,240003057,MK06,2026-05-07,Hadir
2965,240003033,MK10,2026-05-07,Hadir
2966,240000437,MK09,2026-05-07,Tidak Hadir
2967,240002725,MK08,2026-05-07,Hadir
2968,240000433,MK06,2026-05-07,Hadir
2969,240000792,MK06,2026-05-07,Hadir
2970,240003115,MK05,2026-05-07,Hadir
2971,240004701,MK01,2026-05-07,Hadir
2972,240004696,MK08,2026-05-07,Tidak Hadir
2973,240002715,MK08,2026-05-07,Hadir
2974,240002042,MK03,2026-05-07,Hadir
2975,240002553,MK01,2026-05-07,Hadir
2976,240003099,MK08,2026-05-07,Hadir
2977,240001434,MK03,2026-05-07,Hadir
2978,240003129,MK02,2026-05-07,Hadir
2979,240004055,MK05,2026-05-07,Hadir
2980,240000649,MK03,2026-05-07,Hadir
2981,240000422,MK08,2026-05-07,Hadir
2982,240002556,MK06,2026-05-07,Hadir
2983,240000023,MK10,2026-05-07,Hadir
2984,240001886,MK10,2026-05-07,Hadir
2985,240004615,MK08,2026-05-07,Hadir
2986,240004665,MK01,2026-05-07,Hadir
2987,240001708,MK06,2026-05-07,Tidak Hadir
2988,240001003,MK07,2026-05-07,Hadir
2989,240000292,MK03,2026-05-07,Hadir
2990,240001230,MK01,2026-05-07,Hadir
2991,240001728,MK08,2026-05-07,Hadir
2992,240001928,MK02,2026-05-07,Hadir
2993,240002296,MK05,2026-05-07,Hadir
2994,240004816,MK02,2026-05-07,Hadir
2995,240001070,MK09,2026-05-07,Hadir
2996,240003135,MK01,2026-05-07,Hadir
2997,240001161,MK09,2026-05-07,Hadir
2998,240003335,MK04,2026-05-07,Hadir
2999,240001591,MK10,2026-05-07,Hadir
3000,240001393,MK06,2026-05-07,Hadir
3001,240003091,MK04,2026-05-07,Hadir
3002,240002550,MK07,2026-05-07,Hadir
3003,240004289,MK09,2026-05-07,Tidak Hadir
3004,240001147,MK08,2026-05-07,Tidak Hadir
3005,240001122,MK01,2026-05-07,Hadir
3006,240003783,MK02,2026-05-07,Hadir
3007,240001515,MK08,2026-05-07,Hadir
3008,240001716,MK05,2026-05-07,Hadir
3009,240004290,MK07,2026-05-07,Tidak Hadir
3010,240000773,MK07,2026-05-07,Hadir
3011,240001567,MK09,2026-05-07,Hadir
3012,240002177,MK06,2026-05-07,Hadir
3013,240004537,MK08,2026-05-07,Hadir
3014,240003181,MK04,2026-05-07,Hadir
3015,240003381,MK05,2026-05-07,Tidak Hadir
3016,240002070,MK01,2026-05-07,Hadir
3017,240003442,MK01,2026-05-07,Hadir
3018,240004371,MK08,2026-05-07,Hadir
3019,240000985,MK07,2026-05-07,Hadir
3020,240000227,MK05,2026-05-07,Hadir
3021,240000852,MK10,2026-05-07,Hadir
3022,240004757,MK07,2026-05-07,Hadir
3023,240003271,MK09,2026-05-07,Hadir
3024,240002370,MK04,2026-05-07,Hadir
3025,240003063,MK09,2026-05-07,Hadir
3026,240000454,MK06,2026-05-07,Hadir
3027,240001794,MK10,2026-05-07,Hadir
3028,240000336,MK10,2026-05-07,Hadir
3029,240002040,MK05,2026-05-07,Hadir
3030,240002101,MK06,2026-05-07,Hadir
3031,240001456,MK07,2026-05-07,Hadir
3032,240001495,MK09,2026-05-07,Hadir
3033,240004762,MK02,2026-05-07,Hadir
3034,240000463,MK01,2026-05-07,Hadir
3035,240004855,MK05,2026-05-07,Hadir
3036,240003588,MK08,2026-05-07,Hadir
3037,240001665,MK07,2026-05-07,Hadir
3038,240004320,MK01,2026-05-07,Hadir
3039,240000086,MK05,2026-05-07,Tidak Hadir
3040,240004642,MK01,2026-05-07,Hadir
3041,240003847,MK08,2026-05-07,Hadir
3042,240004422,MK06,2026-05-07,Hadir
3043,240000776,MK09,2026-05-07,Hadir
3044,240001647,MK10,2026-05-07,Hadir
3045,240004220,MK02,2026-05-07,Hadir
3046,240002135,MK01,2026-05-07,Hadir
3047,240002859,MK01,2026-05-07,Hadir
3048,240001265,MK10,2026-05-07,Hadir
3049,240002427,MK05,2026-05-07,Hadir
3050,240000598,MK06,2026-05-07,Hadir
3051,240004160,MK06,2026-05-07,Tidak Hadir
3052,240000969,MK05,2026-05-07,Hadir
3053,240003612,MK02,2026-05-07,Hadir
3054,240000045,MK08,2026-05-07,Hadir
3055,240000530,MK05,2026-05-07,Hadir
3056,240004787,MK04,2026-05-07,Hadir
3057,240001573,MK09,2026-05-07,Tidak Hadir
3058,240002419,MK07,2026-05-07,Hadir
3059,240000312,MK05,2026-05-07,Hadir
3060,240001892,MK02,2026-05-07,Hadir
3061,240003744,MK01,2026-05-07,Hadir
3062,240001661,MK05,2026-05-07,Hadir
3063,240002247,MK08,2026-05-07,Hadir
3064,240001139,MK03,2026-05-07,Hadir
3065,240001847,MK05,2026-05-07,Hadir
3066,240002419,MK09,2026-05-07,Hadir
3067,240004665,MK01,2026-05-07,Hadir
3068,240004451,MK06,2026-05-07,Hadir
3069,240002749,MK09,2026-05-07,Hadir
3070,240001880,MK08,2026-05-07,Hadir
3071,240000200,MK01,2026-05-07,Hadir
3072,240002754,MK09,2026-05-07,Hadir
3073,240004849,MK07,2026-05-07,Tidak Hadir
3074,240002229,MK03,2026-05-07,Hadir
3075,240000700,MK01,2026-05-07,Hadir
3076,240002420,MK01,2026-05-07,Tidak Hadir
3077,240000332,MK05,2026-05-07,Tidak Hadir
3078,240000687,MK09,2026-05-07,Tidak Hadir
3079,240000335,MK07,2026-05-07,Hadir
3080,240001879,MK02,2026-05-07,Hadir
3081,240000682,MK08,2026-05-07,Hadir
3082,240001850,MK09,2026-05-07,Hadir
3083,240001771,MK06,2026-05-07,Hadir
3084,240001513,MK03,2026-05-07,Hadir
3085,240004924,MK07,2026-05-07,Tidak Hadir
3086,240002961,MK04,2026-05-07,Hadir
3087,240002533,MK01,2026-05-07,Hadir
3088,240000682,MK01,2026-05-07,Hadir
3089,240000499,MK09,2026-05-07,Hadir
3090,240002832,MK06,2026-05-07,Hadir
3091,240001141,MK07,2026-05-07,Hadir
3092,240002662,MK05,2026-05-07,Hadir
3093,240003911,MK08,2026-05-07,Hadir
3094,240003765,MK01,2026-05-07,Hadir
3095,240004978,MK03,2026-05-07,Hadir
3096,240003693,MK08,2026-05-07,Hadir
3097,240001620,MK05,2026-05-07,Hadir
3098,240002992,MK07,2026-05-07,Hadir
3099,240002530,MK07,2026-05-07,Hadir
3100,240003707,MK03,2026-05-07,Hadir
3101,240003297,MK09,2026-05-07,Hadir
3102,240002542,MK02,2026-05-07,Tidak Hadir
3103,240004979,MK06,2026-05-07,Hadir
3104,240003519,MK03,2026-05-07,Hadir
3105,240001608,MK01,2026-05-07,Hadir
3106,240004840,MK06,2026-05-07,Hadir
3107,240004006,MK07,2026-05-07,Hadir
3108,240001471,MK08,2026-05-07,Hadir
3109,240001794,MK05,2026-05-07,Hadir
3110,240003234,MK08,2026-05-07,Hadir
3111,240002576,MK02,2026-05-07,Hadir
3112,240001101,MK03,2026-05-07,Hadir
3113,240001782,MK10,2026-05-07,Hadir
3114,240004821,MK04,2026-05-07,Hadir
3115,240002534,MK04,2026-05-07,Hadir
3116,240003860,MK03,2026-05-07,Hadir
3117,240000293,MK07,2026-05-07,Hadir
3118,240001930,MK10,2026-05-07,Hadir
3119,240000831,MK01,2026-05-07,Hadir
3120,240003835,MK01,2026-05-07,Hadir
3121,240001276,MK03,2026-05-07,Hadir
3122,240001753,MK06,2026-05-07,Hadir
3123,240001965,MK07,2026-05-07,Tidak Hadir
3124,240001382,MK06,2026-05-07,Hadir
3125,240003520,MK08,2026-05-07,Hadir
3126,240002962,MK07,2026-05-07,Tidak Hadir
3127,240004321,MK10,2026-05-07,Hadir
3128,240002459,MK06,2026-05-07,Hadir
3129,240004627,MK10,2026-05-07,Hadir
3130,240000950,MK10,2026-05-07,Hadir
3131,240004466,MK07,2026-05-07,Hadir
3132,240001980,MK08,2026-05-07,Hadir
3133,240001358,MK05,2026-05-07,Hadir
3134,240003675,MK06,2026-05-07,Hadir
3135,240002783,MK05,2026-05-07,Hadir
3136,240000116,MK10,2026-05-07,Hadir
3137,240002440,MK07,2026-05-07,Hadir
3138,240002877,MK09,2026-05-07,Hadir
3139,240003540,MK08,2026-05-07,Hadir
3140,240004993,MK01,2026-05-07,Hadir
3141,240002472,MK04,2026-05-07,Hadir
3142,240000682,MK08,2026-05-07,Hadir
3143,240004366,MK05,2026-05-07,Hadir
3144,240001083,MK06,2026-05-07,Hadir
3145,240002103,MK08,2026-05-07,Hadir
3146,240001608,MK07,2026-05-07,Hadir
3147,240001248,MK10,2026-05-07,Tidak Hadir
3148,240000805,MK03,2026-05-07,Hadir
3149,240003162,MK05,2026-05-07,Hadir
3150,240003636,MK08,2026-05-07,Hadir
3151,240004728,MK01,2026-05-07,Hadir
3152,240004204,MK04,2026-05-07,Hadir
3153,240003677,MK08,2026-05-07,Hadir
3154,240001343,MK04,2026-05-07,Hadir
3155,240002087,MK07,2026-05-07,Hadir
3156,240004149,MK10,2026-05-07,Hadir
3157,240003640,MK07,2026-05-07,Hadir
3158,240002798,MK02,2026-05-07,Hadir
3159,240003245,MK03,2026-05-07,Hadir
3160,240003261,MK05,2026-05-07,Hadir
3161,240000925,MK10,2026-05-07,Hadir
3162,240002774,MK05,2026-05-07,Hadir
3163,240003443,MK07,2026-05-07,Hadir
3164,240002485,MK07,2026-05-07,Hadir
3165,240001925,MK09,2026-05-07,Hadir
3166,240002178,MK07,2026-05-07,Hadir
3167,240001902,MK01,2026-05-07,Hadir
3168,240002605,MK01,2026-05-07,Hadir
3169,240000375,MK09,2026-05-07,Hadir
3170,240001744,MK03,2026-05-07,Hadir
3171,240004509,MK09,2026-05-07,Hadir
3172,240002122,MK01,2026-05-07,Hadir
3173,240003538,MK06,2026-05-07,Hadir
3174,240002696,MK01,2026-05-07,Hadir
3175,240001958,MK04,2026-05-07,Hadir
3176,240003755,MK01,2026-05-07,Hadir
3177,240000635,MK09,2026-05-07,Hadir
3178,240002107,MK06,2026-05-07,Hadir
3179,240003473,MK07,2026-05-07,Hadir
3180,240004291,MK02,2026-05-07,Tidak Hadir
3181,240002552,MK05,2026-05-07,Tidak Hadir
3182,240000127,MK07,2026-05-07,Hadir
3183,240002821,MK01,2026-05-07,Tidak Hadir
3184,240000257,MK03,2026-05-07,Tidak Hadir
3185,240004849,MK10,2026-05-07,Hadir
3186,240002933,MK03,2026-05-07,Hadir
3187,240000449,MK06,2026-05-07,Hadir
3188,240004749,MK01,2026-05-07,Hadir
3189,240000695,MK03,2026-05-07,Hadir
3190,240000394,MK05,2026-05-07,Hadir
3191,240004253,MK05,2026-05-07,Hadir
3192,240000865,MK08,2026-05-07,Hadir
3193,240004002,MK02,2026-05-07,Hadir
3194,240004282,MK03,2026-05-07,Hadir
3195,240001149,MK04,2026-05-07,Hadir
3196,240004652,MK03,2026-05-07,Hadir
3197,240004307,MK01,2026-05-07,Hadir
3198,240000583,MK10,2026-05-07,Hadir
3199,240000034,MK04,2026-05-07,Hadir
3200,240000709,MK09,2026-05-07,Hadir
3201,240004024,MK02,2026-05-07,Hadir
3202,240003786,MK04,2026-05-07,Hadir
3203,240000185,MK10,2026-05-07,Hadir
3204,240004175,MK03,2026-05-07,Hadir
3205,240002185,MK09,2026-05-07,Hadir
3206,240000225,MK03,2026-05-07,Hadir
3207,240002227,MK01,2026-05-07,Hadir
3208,240000881,MK08,2026-05-07,Hadir
3209,240003528,MK05,2026-05-07,Hadir
3210,240002422,MK02,2026-05-07,Hadir
3211,240001734,MK02,2026-05-07,Hadir
3212,240003139,MK10,2026-05-07,Hadir
3213,240002527,MK09,2026-05-07,Hadir
3214,240004800,MK08,2026-05-07,Hadir
3215,240004427,MK03,2026-05-07,Hadir
3216,240002386,MK08,2026-05-07,Hadir
3217,240000603,MK10,2026-05-07,Hadir
3218,240002035,MK10,2026-05-07,Hadir
3219,240001636,MK09,2026-05-07,Hadir
3220,240001605,MK05,2026-05-07,Hadir
3221,240004002,MK01,2026-05-07,Hadir
3222,240003609,MK07,2026-05-07,Hadir
3223,240004774,MK10,2026-05-07,Hadir
3224,240004116,MK07,2026-05-07,Hadir
3225,240003851,MK01,2026-05-07,Hadir
3226,240004592,MK07,2026-05-07,Hadir
3227,240003193,MK05,2026-05-07,Hadir
3228,240001361,MK08,2026-05-07,Hadir
3229,240004303,MK01,2026-05-07,Hadir
3230,240001377,MK01,2026-05-07,Hadir
3231,240002844,MK03,2026-05-07,Hadir
3232,240001753,MK10,2026-05-07,Hadir
3233,240002460,MK06,2026-05-07,Hadir
3234,240000362,MK03,2026-05-07,Hadir
3235,240003647,MK05,2026-05-07,Hadir
3236,240002231,MK01,2026-05-07,Hadir
3237,240001990,MK01,2026-05-07,Hadir
3238,240003380,MK01,2026-05-07,Tidak Hadir
3239,240004686,MK05,2026-05-07,Hadir
3240,240000822,MK02,2026-05-07,Hadir
3241,240000725,MK02,2026-05-07,Hadir
3242,240004129,MK07,2026-05-07,Hadir
3243,240003124,MK03,2026-05-07,Hadir
3244,240000078,MK04,2026-05-07,Hadir
3245,240003806,MK09,2026-05-07,Hadir
3246,240002297,MK02,2026-05-07,Tidak Hadir
3247,240004353,MK05,2026-05-07,Hadir
3248,240000602,MK10,2026-05-07,Hadir
3249,240004319,MK09,2026-05-07,Hadir
3250,240002225,MK08,2026-05-07,Hadir
3251,240003540,MK10,2026-05-07,Hadir
3252,240000226,MK08,2026-05-07,Hadir
3253,240002593,MK05,2026-05-07,Hadir
3254,240000524,MK10,2026-05-07,Hadir
3255,240004570,MK02,2026-05-07,Hadir
3256,240000127,MK06,2026-05-07,Hadir
3257,240003940,MK04,2026-05-07,Hadir
3258,240004285,MK04,2026-05-07,Hadir
3259,240004522,MK02,2026-05-07,Hadir
3260,240004108,MK03,2026-05-07,Hadir
3261,240003279,MK01,2026-05-07,Hadir
3262,240001071,MK03,2026-05-07,Hadir
3263,240001447,MK08,2026-05-07,Hadir
3264,240004952,MK01,2026-05-07,Tidak Hadir
3265,240004237,MK01,2026-05-07,Hadir
3266,240000631,MK03,2026-05-07,Hadir
3267,240004715,MK09,2026-05-07,Hadir
3268,240002147,MK01,2026-05-07,Hadir
3269,240004459,MK10,2026-05-07,Hadir
3270,240002120,MK04,2026-05-07,Hadir
3271,240001899,MK08,2026-05-07,Hadir
3272,240001504,MK03,2026-05-07,Hadir
3273,240004729,MK09,2026-05-07,Tidak Hadir
3274,240003289,MK01,2026-05-07,Hadir
3275,240003145,MK10,2026-05-07,Hadir
3276,240001812,MK08,2026-05-07,Hadir
3277,240002471,MK04,2026-05-07,Tidak Hadir
3278,240002811,MK10,2026-05-07,Hadir
3279,240001790,MK08,2026-05-07,Hadir
3280,240000371,MK07,2026-05-07,Hadir
3281,240004934,MK03,2026-05-07,Hadir
3282,240000340,MK10,2026-05-07,Hadir
3283,240002298,MK05,2026-05-07,Hadir
3284,240000436,MK06,2026-05-07,Hadir
3285,240004503,MK03,2026-05-07,Hadir
3286,240002502,MK03,2026-05-07,Hadir
3287,240002522,MK08,2026-05-07,Hadir
3288,240003603,MK03,2026-05-07,Hadir
3289,240001217,MK05,2026-05-07,Hadir
3290,240002076,MK09,2026-05-07,Hadir
3291,240003913,MK01,2026-05-07,Hadir
3292,240004468,MK03,2026-05-07,Hadir
3293,240004281,MK01,2026-05-07,Hadir
3294,240000485,MK10,2026-05-07,Hadir
3295,240004566,MK03,2026-05-07,Hadir
3296,240004863,MK06,2026-05-07,Hadir
3297,240003895,MK03,2026-05-07,Hadir
3298,240003831,MK04,2026-05-07,Hadir
3299,240004076,MK03,2026-05-07,Hadir
3300,240001761,MK03,2026-05-07,Hadir
3301,240004913,MK06,2026-05-07,Tidak Hadir
3302,240000990,MK04,2026-05-07,Tidak Hadir
3303,240001442,MK10,2026-05-07,Hadir
3304,240003956,MK02,2026-05-07,Tidak Hadir
3305,240004908,MK09,2026-05-07,Hadir
3306,240001522,MK04,2026-05-07,Hadir
3307,240000174,MK08,2026-05-07,Hadir
3308,240000257,MK07,2026-05-07,Hadir
3309,240001958,MK03,2026-05-07,Hadir
3310,240002124,MK08,2026-05-07,Tidak Hadir
3311,240004670,MK09,2026-05-07,Hadir
3312,240001375,MK04,2026-05-07,Tidak Hadir
3313,240002418,MK08,2026-05-07,Hadir
3314,240004935,MK02,2026-05-07,Tidak Hadir
3315,240003185,MK07,2026-05-07,Tidak Hadir
3316,240002558,MK04,2026-05-07,Hadir
3317,240004851,MK04,2026-05-07,Hadir
3318,240000330,MK08,2026-05-07,Hadir
3319,240003163,MK01,2026-05-07,Hadir
3320,240002015,MK10,2026-05-07,Hadir
3321,240004958,MK10,2026-05-07,Hadir
3322,240003712,MK05,2026-05-07,Hadir
3323,240004052,MK10,2026-05-07,Tidak Hadir
3324,240004561,MK02,2026-05-07,Hadir
3325,240002316,MK10,2026-05-07,Hadir
3326,240002361,MK07,2026-05-07,Hadir
3327,240001247,MK08,2026-05-07,Hadir
3328,240004868,MK03,2026-05-07,Hadir
3329,240001894,MK06,2026-05-07,Hadir
3330,240004663,MK08,2026-05-07,Hadir
3331,240004283,MK06,2026-05-07,Hadir
3332,240002799,MK10,2026-05-07,Hadir
3333,240000546,MK07,2026-05-07,Hadir
3334,240003363,MK09,2026-05-07,Hadir
3335,240002584,MK04,2026-05-07,Hadir
3336,240001899,MK04,2026-05-07,Hadir
3337,240004267,MK03,2026-05-07,Hadir
3338,240001840,MK07,2026-05-07,Hadir
3339,240002971,MK08,2026-05-07,Hadir
3340,240003092,MK08,2026-05-07,Hadir
3341,240002360,MK05,2026-05-07,Hadir
3342,240001862,MK10,2026-05-07,Tidak Hadir
3343,240000552,MK05,2026-05-07,Hadir
3344,240001085,MK09,2026-05-07,Hadir
3345,240001022,MK02,2026-05-07,Hadir
3346,240001243,MK09,2026-05-07,Hadir
3347,240001671,MK01,2026-05-07,Tidak Hadir
3348,240000890,MK07,2026-05-07,Hadir
3349,240004259,MK02,2026-05-07,Hadir
3350,240002327,MK03,2026-05-07,Hadir
3351,240004110,MK05,2026-05-07,Hadir
3352,240001116,MK07,2026-05-07,Hadir
3353,240004671,MK10,2026-05-07,Tidak Hadir
3354,240004611,MK02,2026-05-07,Hadir
3355,240003604,MK08,2026-05-07,Hadir
3356,240004021,MK08,2026-05-07,Hadir
3357,240003252,MK01,2026-05-07,Hadir
3358,240000485,MK07,2026-05-07,Hadir
3359,240000777,MK07,2026-05-07,Hadir
3360,240004554,MK07,2026-05-07,Hadir
3361,240001013,MK05,2026-05-07,Hadir
3362,240000492,MK10,2026-05-07,Hadir
3363,240003682,MK07,2026-05-07,Hadir
3364,240004284,MK10,2026-05-07,Hadir
3365,240001582,MK03,2026-05-07,Hadir
3366,240001722,MK02,2026-05-07,Hadir
3367,240003138,MK09,2026-05-07,Tidak Hadir
3368,240004207,MK07,2026-05-07,Hadir
3369,240001903,MK08,2026-05-07,Hadir
3370,240004029,MK07,2026-05-07,Hadir
3371,240001540,MK02,2026-05-07,Hadir
3372,240003424,MK03,2026-05-07,Hadir
3373,240000809,MK10,2026-05-07,Hadir
3374,240004464,MK10,2026-05-07,Hadir
3375,240000730,MK09,2026-05-07,Hadir
3376,240001036,MK03,2026-05-07,Tidak Hadir
3377,240000015,MK10,2026-05-07,Hadir
3378,240004022,MK07,2026-05-07,Hadir
3379,240003206,MK02,2026-05-07,Hadir
3380,240003753,MK05,2026-05-07,Hadir
3381,240000224,MK01,2026-05-07,Hadir
3382,240002586,MK08,2026-05-07,Hadir
3383,240002988,MK04,2026-05-07,Hadir
3384,240001713,MK02,2026-05-07,Hadir
3385,240002267,MK07,2026-05-07,Hadir
3386,240002255,MK04,2026-05-07,Hadir
3387,240004985,MK06,2026-05-07,Hadir
3388,240003389,MK07,2026-05-07,Hadir
3389,240003053,MK04,2026-05-07,Hadir
3390,240003463,MK02,2026-05-07,Hadir
3391,240001088,MK09,2026-05-07,Hadir
3392,240000670,MK08,2026-05-07,Hadir
3393,240002955,MK05,2026-05-07,Hadir
3394,240003944,MK03,2026-05-07,Hadir
3395,240003868,MK08,2026-05-07,Hadir
3396,240001811,MK10,2026-05-07,Hadir
3397,240001352,MK01,2026-05-07,Hadir
3398,240003490,MK10,2026-05-07,Hadir
3399,240001989,MK07,2026-05-07,Hadir
3400,240001170,MK02,2026-05-07,Tidak Hadir
3401,240002257,MK09,2026-05-07,Hadir
3402,240001763,MK06,2026-05-07,Hadir
3403,240002316,MK02,2026-05-07,Hadir
3404,240000493,MK03,2026-05-07,Hadir
3405,240001285,MK03,2026-05-07,Hadir
3406,240001931,MK05,2026-05-07,Tidak Hadir
3407,240004607,MK05,2026-05-07,Hadir
3408,240001594,MK08,2026-05-07,Hadir
3409,240001279,MK06,2026-05-07,Hadir
3410,240000869,MK04,2026-05-07,Hadir
3411,240000810,MK04,2026-05-07,Hadir
3412,240000555,MK03,2026-05-07,Hadir
3413,240001689,MK01,2026-05-07,Hadir
3414,240001747,MK04,2026-05-07,Hadir
3415,240000925,MK10,2026-05-07,Hadir
3416,240000262,MK05,2026-05-07,Hadir
3417,240004310,MK06,2026-05-07,Hadir
3418,240002714,MK03,2026-05-07,Hadir
3419,240000719,MK05,2026-05-07,Hadir
3420,240003416,MK07,2026-05-07,Hadir
3421,240004946,MK09,2026-05-07,Hadir
3422,240001199,MK09,2026-05-07,Hadir
3423,240001001,MK05,2026-05-07,Hadir
3424,240002875,MK08,2026-05-07,Hadir
3425,240004542,MK08,2026-05-07,Hadir
3426,240001512,MK01,2026-05-07,Hadir
3427,240001264,MK07,2026-05-07,Hadir
3428,240000220,MK10,2026-05-07,Hadir
3429,240004323,MK10,2026-05-07,Hadir
3430,240000455,MK06,2026-05-07,Hadir
3431,240004128,MK05,2026-05-07,Hadir
3432,240000870,MK03,2026-05-07,Hadir
3433,240003538,MK03,2026-05-07,Hadir
3434,240001303,MK06,2026-05-07,Hadir
3435,240002635,MK02,2026-05-07,Hadir
3436,240003674,MK06,2026-05-07,Hadir
3437,240003616,MK01,2026-05-07,Hadir
3438,240004361,MK07,2026-05-07,Hadir
3439,240001315,MK05,2026-05-07,Hadir
3440,240003336,MK05,2026-05-07,Hadir
3441,240004649,MK05,2026-05-07,Hadir
3442,240004517,MK09,2026-05-07,Hadir
3443,240001334,MK01,2026-05-07,Hadir
3444,240001194,MK10,2026-05-07,Hadir
3445,240002240,MK08,2026-05-07,Hadir
3446,240003526,MK09,2026-05-07,Hadir
3447,240002841,MK04,2026-05-07,Hadir
3448,240002665,MK04,2026-05-07,Hadir
3449,240001570,MK06,2026-05-07,Hadir
3450,240004030,MK08,2026-05-07,Tidak Hadir
3451,240002700,MK01,2026-05-07,Hadir
3452,240001376,MK07,2026-05-07,Hadir
3453,240004531,MK05,2026-05-07,Hadir
3454,240000521,MK09,2026-05-07,Hadir
3455,240000430,MK05,2026-05-07,Hadir
3456,240000443,MK01,2026-05-07,Hadir
3457,240004185,MK10,2026-05-07,Hadir
3458,240003996,MK01,2026-05-07,Hadir
3459,240002377,MK05,2026-05-07,Hadir
3460,240001594,MK06,2026-05-07,Hadir
3461,240004860,MK09,2026-05-07,Hadir
3462,240001584,MK06,2026-05-07,Hadir
3463,240002879,MK04,2026-05-07,Hadir
3464,240003856,MK04,2026-05-07,Hadir
3465,240000554,MK02,2026-05-07,Tidak Hadir
3466,240001074,MK10,2026-05-07,Hadir
3467,240002885,MK09,2026-05-07,Hadir
3468,240003616,MK08,2026-05-07,Hadir
3469,240004019,MK03,2026-05-07,Hadir
3470,240002484,MK01,2026-05-07,Hadir
3471,240001963,MK04,2026-05-07,Hadir
3472,240001587,MK07,2026-05-07,Hadir
3473,240004948,MK09,2026-05-07,Hadir
3474,240004632,MK01,2026-05-07,Tidak Hadir
3475,240001537,MK02,2026-05-07,Hadir
3476,240003597,MK02,2026-05-07,Tidak Hadir
3477,240003358,MK04,2026-05-07,Hadir
3478,240004812,MK01,2026-05-07,Tidak Hadir
3479,240000717,MK06,2026-05-07,Hadir
3480,240000697,MK01,2026-05-07,Hadir
3481,240001112,MK10,2026-05-07,Hadir
3482,240003802,MK04,2026-05-07,Hadir
3483,240003951,MK05,2026-05-07,Hadir
3484,240001536,MK02,2026-05-07,Tidak Hadir
3485,240003616,MK09,2026-05-07,Hadir
3486,240003301,MK10,2026-05-07,Hadir
3487,240001656,MK09,2026-05-07,Hadir
3488,240002639,MK09,2026-05-07,Hadir
3489,240000130,MK09,2026-05-07,Hadir
3490,240001591,MK05,2026-05-07,Hadir
3491,240003486,MK02,2026-05-07,Hadir
3492,240003333,MK08,2026-05-07,Hadir
3493,240000694,MK03,2026-05-07,Hadir
3494,240002918,MK04,2026-05-07,Hadir
3495,240003504,MK03,2026-05-07,Hadir
3496,240004844,MK05,2026-05-07,Hadir
3497,240002777,MK10,2026-05-07,Hadir
3498,240003090,MK01,2026-05-07,Hadir
3499,240001138,MK06,2026-05-07,Hadir
3500,240002340,MK03,2026-05-07,Hadir
3501,240004429,MK08,2026-05-07,Hadir
3502,240002892,MK05,2026-05-07,Hadir
3503,240000586,MK05,2026-05-07,Tidak Hadir
3504,240001725,MK07,2026-05-07,Hadir
3505,240001111,MK02,2026-05-07,Tidak Hadir
3506,240002951,MK03,2026-05-07,Hadir
3507,240000297,MK01,2026-05-07,Hadir
3508,240004025,MK07,2026-05-07,Hadir
3509,240004800,MK02,2026-05-07,Hadir
3510,240003217,MK05,2026-05-07,Hadir
3511,240000729,MK08,2026-05-07,Hadir
3512,240000794,MK01,2026-05-07,Hadir
3513,240003403,MK07,2026-05-07,Hadir
3514,240004934,MK02,2026-05-07,Hadir
3515,240002956,MK07,2026-05-07,Hadir
3516,240003971,MK06,2026-05-07,Hadir
3517,240003009,MK01,2026-05-07,Hadir
3518,240000462,MK10,2026-05-07,Hadir
3519,240002674,MK06,2026-05-07,Hadir
3520,240000722,MK03,2026-05-07,Hadir
3521,240004209,MK09,2026-05-07,Hadir
3522,240003631,MK01,2026-05-07,Hadir
3523,240001153,MK05,2026-05-07,Hadir
3524,240000834,MK08,2026-05-07,Hadir
3525,240004443,MK08,2026-05-07,Hadir
3526,240002422,MK04,2026-05-07,Hadir
3527,240004515,MK04,2026-05-07,Tidak Hadir
3528,240003471,MK05,2026-05-07,Hadir
3529,240004840,MK05,2026-05-07,Hadir
3530,240004269,MK06,2026-05-07,Hadir
3531,240001438,MK09,2026-05-07,Hadir
3532,240001975,MK03,2026-05-07,Hadir
3533,240003148,MK02,2026-05-07,Hadir
3534,240001013,MK05,2026-05-07,Hadir
3535,240002623,MK01,2026-05-07,Hadir
3536,240001148,MK05,2026-05-07,Hadir
3537,240000089,MK05,2026-05-07,Hadir
3538,240002682,MK06,2026-05-07,Hadir
3539,240002336,MK05,2026-05-07,Hadir
3540,240002269,MK02,2026-05-07,Hadir
3541,240000091,MK04,2026-05-07,Hadir
3542,240001929,MK04,2026-05-07,Hadir
3543,240003207,MK01,2026-05-07,Hadir
3544,240003361,MK02,2026-05-07,Hadir
3545,240000242,MK02,2026-05-07,Hadir
3546,240003652,MK06,2026-05-07,Hadir
3547,240001862,MK04,2026-05-07,Hadir
3548,240004101,MK09,2026-05-07,Hadir
3549,240003566,MK03,2026-05-07,Hadir
3550,240001723,MK03,2026-05-07,Hadir
3551,240001071,MK02,2026-05-07,Hadir
3552,240004107,MK02,2026-05-07,Hadir
3553,240000242,MK07,2026-05-07,Hadir
3554,240003974,MK02,2026-05-07,Tidak Hadir
3555,240003946,MK05,2026-05-07,Hadir
3556,240000156,MK08,2026-05-07,Hadir
3557,240003535,MK03,2026-05-07,Hadir
3558,240004951,MK06,2026-05-07,Hadir
3559,240001029,MK06,2026-05-07,Hadir
3560,240001741,MK08,2026-05-07,Hadir
3561,240001211,MK06,2026-05-07,Hadir
3562,240001300,MK08,2026-05-07,Hadir
3563,240002305,MK05,2026-05-07,Hadir
3564,240001340,MK10,2026-05-07,Hadir
3565,240003828,MK09,2026-05-07,Hadir
3566,240003614,MK01,2026-05-07,Tidak Hadir
3567,240000522,MK07,2026-05-07,Hadir
3568,240003883,MK04,2026-05-07,Hadir
3569,240000926,MK08,2026-05-07,Hadir
3570,240002282,MK04,2026-05-07,Hadir
3571,240002696,MK07,2026-05-07,Hadir
3572,240001028,MK06,2026-05-07,Hadir
3573,240002384,MK08,2026-05-07,Hadir
3574,240000624,MK05,2026-05-07,Hadir
3575,240003105,MK01,2026-05-07,Hadir
3576,240001026,MK10,2026-05-07,Hadir
3577,240004378,MK05,2026-05-07,Hadir
3578,240000809,MK08,2026-05-07,Hadir
3579,240002260,MK02,2026-05-07,Hadir
3580,240000709,MK10,2026-05-07,Hadir
3581,240000949,MK08,2026-05-07,Hadir
3582,240003249,MK09,2026-05-07,Hadir
3583,240004901,MK08,2026-05-07,Hadir
3584,240002323,MK10,2026-05-07,Hadir
3585,240002613,MK09,2026-05-07,Hadir
3586,240002551,MK01,2026-05-07,Hadir
3587,240002654,MK08,2026-05-07,Hadir
3588,240000788,MK06,2026-05-07,Hadir
3589,240002547,MK01,2026-05-07,Hadir
3590,240002696,MK03,2026-05-07,Hadir
3591,240002772,MK03,2026-05-07,Hadir
3592,240002321,MK03,2026-05-07,Hadir
3593,240004898,MK06,2026-05-07,Hadir
3594,240001398,MK02,2026-05-07,Hadir
3595,240000353,MK03,2026-05-07,Hadir
3596,240000865,MK04,2026-05-07,Hadir
3597,240002211,MK06,2026-05-07,Hadir
3598,240000392,MK06,2026-05-07,Hadir
3599,240001799,MK04,2026-05-07,Hadir
3600,240003775,MK09,2026-05-07,Tidak Hadir
3601,240001762,MK08,2026-05-07,Hadir
3602,240003083,MK10,2026-05-07,Tidak Hadir
3603,240002939,MK09,2026-05-07,Hadir
3604,240001399,MK08,2026-05-07,Hadir
3605,240001396,MK03,2026-05-07,Hadir
3606,240003995,MK05,2026-05-07,Tidak Hadir
3607,240000031,MK08,2026-05-07,Hadir
3608,240000187,MK08,2026-05-07,Hadir
3609,240001238,MK07,2026-05-07,Hadir
3610,240003056,MK05,2026-05-07,Tidak Hadir
3611,240000956,MK04,2026-05-07,Hadir
3612,240001434,MK09,2026-05-07,Hadir
3613,240002028,MK07,2026-05-07,Hadir
3614,240003415,MK08,2026-05-07,Hadir
3615,240001859,MK05,2026-05-07,Hadir
3616,240001352,MK06,2026-05-07,Hadir
3617,240003649,MK07,2026-05-07,Hadir
3618,240004347,MK10,2026-05-07,Hadir
3619,240000396,MK06,2026-05-07,Hadir
3620,240003930,MK04,2026-05-07,Hadir
3621,240002153,MK09,2026-05-07,Hadir
3622,240004794,MK03,2026-05-07,Hadir
3623,240003315,MK01,2026-05-07,Hadir
3624,240002408,MK08,2026-05-07,Hadir
3625,240003445,MK08,2026-05-07,Hadir
3626,240000830,MK03,2026-05-07,Hadir
3627,240000330,MK01,2026-05-07,Hadir
3628,240001386,MK02,2026-05-07,Hadir
3629,240002928,MK06,2026-05-07,Hadir
3630,240001273,MK08,2026-05-07,Hadir
3631,240002089,MK03,2026-05-07,Hadir
3632,240000399,MK03,2026-05-07,Hadir
3633,240000331,MK05,2026-05-07,Hadir
3634,240002275,MK04,2026-05-07,Hadir
3635,240001341,MK07,2026-05-07,Hadir
3636,240000329,MK06,2026-05-07,Hadir
3637,240003772,MK09,2026-05-07,Hadir
3638,240003063,MK10,2026-05-07,Hadir
3639,240002375,MK06,2026-05-07,Hadir
3640,240004745,MK01,2026-05-07,Hadir
3641,240001371,MK03,2026-05-07,Hadir
3642,240004606,MK07,2026-05-07,Hadir
3643,240001728,MK04,2026-05-07,Hadir
3644,240002053,MK10,2026-05-07,Hadir
3645,240001052,MK04,2026-05-07,Hadir
3646,240001970,MK08,2026-05-07,Hadir
3647,240001516,MK02,2026-05-07,Hadir
3648,240001944,MK10,2026-05-07,Hadir
3649,240000240,MK09,2026-05-07,Tidak Hadir
3650,240001451,MK03,2026-05-07,Hadir
3651,240000377,MK09,2026-05-07,Hadir
3652,240001724,MK06,2026-05-07,Hadir
3653,240002270,MK02,2026-05-07,Hadir
3654,240002661,MK07,2026-05-07,Hadir
3655,240000869,MK06,2026-05-07,Hadir
3656,240001632,MK01,2026-05-07,Hadir
3657,240004199,MK06,2026-05-07,Hadir
3658,240001412,MK07,2026-05-07,Tidak Hadir
3659,240002896,MK09,2026-05-07,Hadir
3660,240003862,MK08,2026-05-07,Hadir
3661,240001806,MK07,2026-05-07,Hadir
3662,240004181,MK05,2026-05-07,Hadir
3663,240003399,MK08,2026-05-07,Hadir
3664,240002057,MK05,2026-05-07,Hadir
3665,240003831,MK07,2026-05-07,Hadir
3666,240001425,MK05,2026-05-07,Hadir
3667,240002598,MK09,2026-05-07,Hadir
3668,240000130,MK01,2026-05-07,Hadir
3669,240001119,MK02,2026-05-07,Hadir
3670,240004454,MK02,2026-05-07,Hadir
3671,240002498,MK05,2026-05-07,Hadir
3672,240000750,MK02,2026-05-07,Hadir
3673,240003339,MK02,2026-05-07,Tidak Hadir
3674,240004079,MK04,2026-05-07,Hadir
3675,240001746,MK04,2026-05-07,Hadir
3676,240003713,MK01,2026-05-07,Hadir
3677,240000378,MK04,2026-05-07,Hadir
3678,240000901,MK03,2026-05-07,Tidak Hadir
3679,240001634,MK10,2026-05-07,Hadir
3680,240000622,MK04,2026-05-07,Hadir
3681,240002185,MK05,2026-05-07,Hadir
3682,240004808,MK03,2026-05-07,Hadir
3683,240001265,MK07,2026-05-07,Hadir
3684,240001000,MK03,2026-05-07,Hadir
3685,240002378,MK07,2026-05-07,Hadir
3686,240003292,MK06,2026-05-07,Tidak Hadir
3687,240000363,MK02,2026-05-07,Hadir
3688,240001433,MK09,2026-05-07,Hadir
3689,240003124,MK05,2026-05-07,Hadir
3690,240002030,MK04,2026-05-07,Hadir
3691,240000312,MK04,2026-05-07,Hadir
3692,240004767,MK01,2026-05-07,Hadir
3693,240000251,MK01,2026-05-07,Hadir
3694,240003331,MK03,2026-05-07,Hadir
3695,240000626,MK01,2026-05-07,Hadir
3696,240000288,MK07,2026-05-07,Hadir
3697,240001097,MK07,2026-05-07,Hadir
3698,240001593,MK03,2026-05-07,Tidak Hadir
3699,240004936,MK10,2026-05-07,Hadir
3700,240000779,MK05,2026-05-07,Hadir
3701,240003966,MK03,2026-05-07,Hadir
3702,240002270,MK02,2026-05-07,Hadir
3703,240003805,MK10,2026-05-07,Hadir
3704,240004948,MK02,2026-05-07,Hadir
3705,240003482,MK09,2026-05-07,Hadir
3706,240000324,MK10,2026-05-07,Hadir
3707,240002631,MK05,2026-05-07,Hadir
3708,240000293,MK04,2026-05-07,Hadir
3709,240001445,MK10,2026-05-07,Tidak Hadir
3710,240001121,MK05,2026-05-07,Tidak Hadir
3711,240000224,MK10,2026-05-07,Hadir
3712,240004465,MK10,2026-05-07,Hadir
3713,240003012,MK08,2026-05-07,Hadir
3714,240000232,MK10,2026-05-07,Hadir
3715,240001699,MK04,2026-05-07,Hadir
3716,240004255,MK03,2026-05-07,Tidak Hadir
3717,240001426,MK04,2026-05-07,Hadir
3718,240004539,MK02,2026-05-07,Hadir
3719,240004170,MK03,2026-05-07,Hadir
3720,240003989,MK02,2026-05-07,Hadir
3721,240001088,MK02,2026-05-07,Hadir
3722,240002992,MK03,2026-05-07,Hadir
3723,240004849,MK06,2026-05-07,Hadir
3724,240002336,MK07,2026-05-07,Hadir
3725,240004438,MK05,2026-05-07,Tidak Hadir
3726,240002695,MK04,2026-05-07,Hadir
3727,240000863,MK04,2026-05-07,Hadir
3728,240002809,MK06,2026-05-07,Hadir
3729,240002662,MK10,2026-05-07,Hadir
3730,240004909,MK04,2026-05-07,Hadir
3731,240002108,MK10,2026-05-07,Hadir
3732,240003501,MK10,2026-05-07,Hadir
3733,240000411,MK07,2026-05-07,Hadir
3734,240003046,MK07,2026-05-07,Hadir
3735,240000923,MK03,2026-05-07,Hadir
3736,240001115,MK03,2026-05-07,Tidak Hadir
3737,240003282,MK03,2026-05-07,Hadir
3738,240000484,MK05,2026-05-07,Hadir
3739,240001739,MK01,2026-05-07,Hadir
3740,240002157,MK02,2026-05-07,Hadir
3741,240000673,MK10,2026-05-07,Hadir
3742,240004432,MK08,2026-05-07,Hadir
3743,240004837,MK08,2026-05-07,Tidak Hadir
3744,240003032,MK03,2026-05-07,Hadir
3745,240000529,MK04,2026-05-07,Hadir
3746,240001556,MK02,2026-05-07,Hadir
3747,240002043,MK01,2026-05-07,Hadir
3748,240003243,MK03,2026-05-07,Hadir
3749,240000574,MK09,2026-05-07,Hadir
3750,240000082,MK07,2026-05-07,Hadir
3751,240000316,MK03,2026-05-07,Hadir
3752,240001277,MK01,2026-05-07,Hadir
3753,240001593,MK01,2026-05-07,Hadir
3754,240001009,MK02,2026-05-07,Hadir
3755,240004157,MK09,2026-05-07,Hadir
3756,240004648,MK09,2026-05-07,Hadir
3757,240003492,MK03,2026-05-07,Hadir
3758,240002753,MK09,2026-05-07,Tidak Hadir
3759,240000329,MK10,2026-05-07,Hadir
3760,240000372,MK02,2026-05-07,Hadir
3761,240003222,MK01,2026-05-07,Hadir
3762,240002207,MK10,2026-05-07,Hadir
3763,240001037,MK02,2026-05-07,Hadir
3764,240001577,MK05,2026-05-07,Hadir
3765,240004441,MK06,2026-05-07,Hadir
3766,240001881,MK04,2026-05-07,Hadir
3767,240003197,MK05,2026-05-07,Tidak Hadir
3768,240000222,MK07,2026-05-07,Hadir
3769,240003955,MK06,2026-05-07,Hadir
3770,240004374,MK02,2026-05-07,Hadir
3771,240003501,MK07,2026-05-07,Hadir
3772,240000859,MK06,2026-05-07,Hadir
3773,240002008,MK01,2026-05-07,Hadir
3774,240004408,MK06,2026-05-07,Hadir
3775,240003532,MK10,2026-05-07,Hadir
3776,240002649,MK05,2026-05-07,Hadir
3777,240002416,MK06,2026-05-07,Hadir
3778,240002260,MK04,2026-05-07,Hadir
3779,240002157,MK04,2026-05-07,Hadir
3780,240004334,MK06,2026-05-07,Hadir
3781,240004487,MK05,2026-05-07,Hadir
3782,240003574,MK03,2026-05-07,Hadir
3783,240003693,MK04,2026-05-07,Hadir
3784,240004413,MK10,2026-05-07,Hadir
3785,240001586,MK07,2026-05-07,Hadir
3786,240002592,MK10,2026-05-07,Hadir
3787,240000602,MK04,2026-05-07,Hadir
3788,240001239,MK02,2026-05-07,Hadir
3789,240003641,MK08,2026-05-07,Tidak Hadir
3790,240001758,MK07,2026-05-07,Hadir
3791,240004074,MK05,2026-05-07,Hadir
3792,240002592,MK09,2026-05-07,Hadir
3793,240004856,MK07,2026-05-07,Hadir
3794,240000654,MK07,2026-05-07,Hadir
3795,240004808,MK10,2026-05-07,Hadir
3796,240002134,MK06,2026-05-07,Tidak Hadir
3797,240000491,MK05,2026-05-07,Hadir
3798,240003753,MK04,2026-05-07,Hadir
3799,240004490,MK05,2026-05-07,Hadir
3800,240001116,MK06,2026-05-07,Tidak Hadir
3801,240004886,MK01,2026-05-07,Hadir
3802,240003675,MK06,2026-05-07,Hadir
3803,240004336,MK01,2026-05-07,Hadir
3804,240001843,MK02,2026-05-07,Hadir
3805,240001856,MK01,2026-05-07,Hadir
3806,240003034,MK10,2026-05-07,Hadir
3807,240004246,MK09,2026-05-07,Hadir
3808,240002939,MK09,2026-05-07,Hadir
3809,240001613,MK07,2026-05-07,Hadir
3810,240000237,MK09,2026-05-07,Hadir
3811,240004084,MK08,2026-05-07,Tidak Hadir
3812,240000478,MK07,2026-05-07,Hadir
3813,240004880,MK09,2026-05-07,Hadir
3814,240004739,MK06,2026-05-07,Hadir
3815,240002862,MK03,2026-05-07,Hadir
3816,240004649,MK07,2026-05-07,Hadir
3817,240000040,MK05,2026-05-07,Hadir
3818,240000645,MK05,2026-05-07,Tidak Hadir
3819,240001965,MK07,2026-05-07,Hadir
3820,240003789,MK02,2026-05-07,Hadir
3821,240000580,MK02,2026-05-07,Hadir
3822,240001039,MK02,2026-05-07,Hadir
3823,240004977,MK04,2026-05-07,Hadir
3824,240002239,MK02,2026-05-07,Hadir
3825,240003544,MK09,2026-05-07,Hadir
3826,240002502,MK10,2026-05-07,Hadir
3827,240004464,MK10,2026-05-07,Hadir
3828,240001018,MK05,2026-05-07,Hadir
3829,240004699,MK04,2026-05-07,Tidak Hadir
3830,240001727,MK02,2026-05-07,Hadir
3831,240000520,MK01,2026-05-07,Hadir
3832,240003137,MK02,2026-05-07,Hadir
3833,240003691,MK08,2026-05-07,Hadir
3834,240004536,MK07,2026-05-07,Hadir
3835,240003829,MK07,2026-05-07,Hadir
3836,240003847,MK04,2026-05-07,Hadir
3837,240001925,MK10,2026-05-07,Hadir
3838,240004815,MK10,2026-05-07,Hadir
3839,240002349,MK06,2026-05-07,Hadir
3840,240003793,MK03,2026-05-07,Hadir
3841,240003246,MK07,2026-05-07,Hadir
3842,240001027,MK03,2026-05-07,Hadir
3843,240002871,MK07,2026-05-07,Hadir
3844,240004794,MK02,2026-05-07,Hadir
3845,240000390,MK01,2026-05-07,Hadir
3846,240001160,MK06,2026-05-07,Hadir
3847,240003230,MK08,2026-05-07,Hadir
3848,240003366,MK07,2026-05-07,Tidak Hadir
3849,240001162,MK10,2026-05-07,Hadir
3850,240000745,MK09,2026-05-07,Hadir
3851,240003827,MK01,2026-05-07,Hadir
3852,240004144,MK03,2026-05-07,Hadir
3853,240001369,MK10,2026-05-07,Tidak Hadir
3854,240000218,MK08,2026-05-07,Hadir
3855,240000793,MK02,2026-05-07,Hadir
3856,240001160,MK09,2026-05-07,Hadir
3857,240004812,MK07,2026-05-07,Hadir
3858,240002353,MK08,2026-05-07,Hadir
3859,240002006,MK10,2026-05-07,Hadir
3860,240004474,MK02,2026-05-07,Hadir
3861,240002428,MK05,2026-05-07,Hadir
3862,240001099,MK05,2026-05-07,Hadir
3863,240004143,MK07,2026-05-07,Hadir
3864,240000723,MK05,2026-05-07,Hadir
3865,240003262,MK05,2026-05-07,Hadir
3866,240000428,MK08,2026-05-07,Hadir
3867,240001503,MK05,2026-05-07,Hadir
3868,240002303,MK02,2026-05-07,Hadir
3869,240004005,MK04,2026-05-07,Hadir
3870,240002286,MK02,2026-05-07,Hadir
3871,240002221,MK05,2026-05-07,Hadir
3872,240001627,MK09,2026-05-07,Hadir
3873,240004544,MK07,2026-05-07,Tidak Hadir
3874,240000783,MK10,2026-05-07,Hadir
3875,240003420,MK03,2026-05-07,Hadir
3876,240004379,MK07,2026-05-07,Hadir
3877,240000894,MK09,2026-05-07,Tidak Hadir
3878,240001831,MK02,2026-05-07,Hadir
3879,240001574,MK06,2026-05-07,Hadir
3880,240004671,MK03,2026-05-07,Hadir
3881,240001934,MK04,2026-05-07,Hadir
3882,240003511,MK07,2026-05-07,Hadir
3883,240004445,MK06,2026-05-07,Hadir
3884,240000772,MK08,2026-05-07,Hadir
3885,240001883,MK05,2026-05-07,Hadir
3886,240000021,MK06,2026-05-07,Hadir
3887,240003083,MK04,2026-05-07,Hadir
3888,240000442,MK03,2026-05-07,Hadir
3889,240001701,MK04,2026-05-07,Hadir
3890,240003602,MK07,2026-05-07,Hadir
3891,240001270,MK10,2026-05-07,Hadir
3892,240000125,MK03,2026-05-07,Hadir
3893,240000935,MK06,2026-05-07,Hadir
3894,240002216,MK03,2026-05-07,Hadir
3895,240001777,MK09,2026-05-07,Hadir
3896,240003014,MK07,2026-05-07,Tidak Hadir
3897,240000884,MK04,2026-05-07,Hadir
3898,240002884,MK04,2026-05-07,Hadir
3899,240003556,MK09,2026-05-07,Hadir
3900,240001952,MK08,2026-05-07,Hadir
3901,240004597,MK02,2026-05-07,Hadir
3902,240004654,MK08,2026-05-07,Hadir
3903,240002275,MK05,2026-05-07,Hadir
3904,240004667,MK02,2026-05-07,Hadir
3905,240000425,MK05,2026-05-07,Hadir
3906,240000302,MK05,2026-05-07,Hadir
3907,240002886,MK04,2026-05-07,Hadir
3908,240002390,MK08,2026-05-07,Hadir
3909,240004014,MK09,2026-05-07,Tidak Hadir
3910,240002078,MK08,2026-05-07,Hadir
3911,240004376,MK02,2026-05-07,Hadir
3912,240004284,MK07,2026-05-07,Hadir
3913,240002472,MK01,2026-05-07,Hadir
3914,240002185,MK02,2026-05-07,Hadir
3915,240002642,MK07,2026-05-07,Hadir
3916,240001877,MK08,2026-05-07,Hadir
3917,240000193,MK08,2026-05-07,Hadir
3918,240004880,MK06,2026-05-07,Hadir
3919,240003781,MK08,2026-05-07,Hadir
3920,240002868,MK05,2026-05-07,Hadir
3921,240002650,MK09,2026-05-07,Hadir
3922,240001925,MK06,2026-05-07,Hadir
3923,240000774,MK01,2026-05-07,Hadir
3924,240001291,MK06,2026-05-07,Hadir
3925,240002811,MK01,2026-05-07,Hadir
3926,240002662,MK06,2026-05-07,Hadir
3927,240002360,MK02,2026-05-07,Hadir
3928,240004714,MK04,2026-05-07,Hadir
3929,240003108,MK09,2026-05-07,Hadir
3930,240003685,MK08,2026-05-07,Hadir
3931,240003817,MK04,2026-05-07,Hadir
3932,240003684,MK08,2026-05-07,Hadir
3933,240000577,MK05,2026-05-07,Hadir
3934,240003194,MK10,2026-05-07,Hadir
3935,240004024,MK10,2026-05-07,Hadir
3936,240001882,MK03,2026-05-07,Tidak Hadir
3937,240003474,MK03,2026-05-07,Tidak Hadir
3938,240004116,MK02,2026-05-07,Hadir
3939,240004559,MK09,2026-05-07,Hadir
3940,240003505,MK07,2026-05-07,Hadir
3941,240003679,MK02,2026-05-07,Hadir
3942,240002158,MK03,2026-05-07,Hadir
3943,240003443,MK08,2026-05-07,Hadir
3944,240001595,MK06,2026-05-07,Hadir
3945,240002665,MK06,2026-05-07,Hadir
3946,240002899,MK10,2026-05-07,Hadir
3947,240004399,MK05,2026-05-07,Hadir
3948,240001787,MK09,2026-05-07,Tidak Hadir
3949,240003320,MK01,2026-05-07,Hadir
3950,240004251,MK07,2026-05-07,Hadir
3951,240004685,MK02,2026-05-07,Hadir
3952,240002002,MK01,2026-05-07,Hadir
3953,240002128,MK02,2026-05-07,Hadir
3954,240002029,MK09,2026-05-07,Hadir
3955,240001753,MK01,2026-05-07,Hadir
3956,240004277,MK06,2026-05-07,Tidak Hadir
3957,240002727,MK04,2026-05-07,Hadir
3958,240004022,MK06,2026-05-07,Hadir
3959,240003277,MK07,2026-05-07,Hadir
3960,240001179,MK06,2026-05-07,Hadir
3961,240004881,MK03,2026-05-07,Hadir
3962,240003291,MK06,2026-05-07,Hadir
3963,240003137,MK10,2026-05-07,Hadir
3964,240002719,MK09,2026-05-07,Hadir
3965,240003677,MK09,2026-05-07,Hadir
3966,240004461,MK06,2026-05-07,Hadir
3967,240001674,MK10,2026-05-07,Hadir
3968,240000835,MK03,2026-05-07,Hadir
3969,240004621,MK02,2026-05-07,Hadir
3970,240002527,MK05,2026-05-07,Hadir
3971,240001758,MK02,2026-05-07,Hadir
3972,240000185,MK06,2026-05-07,Hadir
3973,240001292,MK06,2026-05-07,Hadir
3974,240001202,MK04,2026-05-07,Tidak Hadir
3975,240002304,MK02,2026-05-07,Hadir
3976,240000575,MK06,2026-05-07,Tidak Hadir
3977,240004256,MK04,2026-05-07,Hadir
3978,240002373,MK03,2026-05-07,Hadir
3979,240002059,MK05,2026-05-07,Hadir
3980,240001341,MK03,2026-05-07,Hadir
3981,240004558,MK01,2026-05-07,Tidak Hadir
3982,240001567,MK10,2026-05-07,Hadir
3983,240002329,MK04,2026-05-07,Hadir
3984,240000134,MK07,2026-05-07,Hadir
3985,240001363,MK05,2026-05-07,Hadir
3986,240000125,MK06,2026-05-07,Hadir
3987,240001384,MK03,2026-05-07,Hadir
3988,240001149,MK01,2026-05-07,Hadir
3989,240000459,MK06,2026-05-07,Hadir
3990,240000018,MK01,2026-05-07,Hadir
3991,240004633,MK03,2026-05-07,Hadir
3992,240000433,MK03,2026-05-07,Hadir
3993,240004866,MK06,2026-05-07,Hadir
3994,240004411,MK02,2026-05-07,Hadir
3995,240002002,MK10,2026-05-07,Hadir
3996,240004494,MK04,2026-05-07,Hadir
3997,240000639,MK04,2026-05-07,Hadir
3998,240000036,MK07,2026-05-07,Hadir
3999,240003362,MK07,2026-05-07,Hadir
4000,240004975,MK09,2026-05-07,Hadir
4001,240000730,MK01,2026-05-07,Tidak Hadir
4002,240004415,MK05,2026-05-07,Hadir
4003,240004434,MK08,2026-05-07,Tidak Hadir
4004,240003354,MK01,2026-05-07,Hadir
4005,240002369,MK02,2026-05-07,Hadir
4006,240004573,MK04,2026-05-07,Hadir
4007,240000761,MK03,2026-05-07,Hadir
4008,240003567,MK02,2026-05-07,Hadir
4009,240000804,MK03,2026-05-07,Hadir
4010,240000246,MK02,2026-05-07,Hadir
4011,240001601,MK10,2026-05-07,Hadir
4012,240004412,MK07,2026-05-07,Hadir
4013,240001546,MK04,2026-05-07,Hadir
4014,240002380,MK10,2026-05-07,Hadir
4015,240002828,MK03,2026-05-07,Hadir
4016,240000015,MK01,2026-05-07,Hadir
4017,240003617,MK02,2026-05-07,Hadir
4018,240000211,MK04,2026-05-07,Hadir
4019,240003411,MK05,2026-05-07,Hadir
4020,240004384,MK09,2026-05-07,Hadir
4021,240000393,MK04,2026-05-07,Hadir
4022,240001223,MK07,2026-05-07,Hadir
4023,240004616,MK07,2026-05-07,Hadir
4024,240004958,MK09,2026-05-07,Tidak Hadir
4025,240003245,MK10,2026-05-07,Hadir
4026,240003446,MK06,2026-05-07,Hadir
4027,240001551,MK02,2026-05-07,Hadir
4028,240004372,MK05,2026-05-07,Hadir
4029,240004155,MK05,2026-05-07,Hadir
4030,240001338,MK01,2026-05-07,Tidak Hadir
4031,240001165,MK10,2026-05-07,Hadir
4032,240002006,MK08,2026-05-07,Hadir
4033,240001147,MK08,2026-05-07,Tidak Hadir
4034,240000121,MK02,2026-05-07,Hadir
4035,240002501,MK08,2026-05-07,Hadir
4036,240001948,MK06,2026-05-07,Hadir
4037,240004555,MK04,2026-05-07,Hadir
4038,240001431,MK05,2026-05-07,Tidak Hadir
4039,240002526,MK05,2026-05-07,Hadir
4040,240002718,MK06,2026-05-07,Hadir
4041,240004881,MK05,2026-05-07,Tidak Hadir
4042,240000404,MK03,2026-05-07,Hadir
4043,240004669,MK09,2026-05-07,Hadir
4044,240002023,MK02,2026-05-07,Hadir
4045,240000471,MK02,2026-05-07,Hadir
4046,240002614,MK09,2026-05-07,Hadir
4047,240003063,MK01,2026-05-07,Hadir
4048,240004670,MK04,2026-05-07,Hadir
4049,240001074,MK10,2026-05-07,Hadir
4050,240002443,MK05,2026-05-07,Tidak Hadir
4051,240004319,MK01,2026-05-07,Hadir
4052,240002398,MK04,2026-05-07,Hadir
4053,240004846,MK07,2026-05-07,Hadir
4054,240002239,MK07,2026-05-07,Hadir
4055,240001598,MK01,2026-05-07,Hadir
4056,240001654,MK06,2026-05-07,Hadir
4057,240003728,MK09,2026-05-07,Hadir
4058,240004147,MK08,2026-05-07,Hadir
4059,240000598,MK05,2026-05-07,Hadir
4060,240000970,MK05,2026-05-07,Hadir
4061,240003155,MK08,2026-05-07,Hadir
4062,240000173,MK05,2026-05-07,Hadir
4063,240002543,MK04,2026-05-07,Hadir
4064,240004458,MK10,2026-05-07,Hadir
4065,240000660,MK09,2026-05-07,Hadir
4066,240001864,MK10,2026-05-07,Hadir
4067,240004496,MK07,2026-05-07,Hadir
4068,240000572,MK02,2026-05-07,Hadir
4069,240002162,MK07,2026-05-07,Tidak Hadir
4070,240004260,MK09,2026-05-07,Tidak Hadir
4071,240000636,MK10,2026-05-07,Hadir
4072,240002566,MK04,2026-05-07,Hadir
4073,240001506,MK10,2026-05-07,Hadir
4074,240003181,MK04,2026-05-07,Hadir
4075,240002934,MK10,2026-05-07,Hadir
4076,240003143,MK04,2026-05-07,Hadir
4077,240003873,MK08,2026-05-07,Hadir
4078,240002716,MK09,2026-05-07,Hadir
4079,240000188,MK04,2026-05-07,Hadir
4080,240004201,MK06,2026-05-07,Hadir
4081,240001407,MK07,2026-05-07,Hadir
4082,240002797,MK08,2026-05-07,Hadir
4083,240004465,MK02,2026-05-07,Hadir
4084,240004437,MK04,2026-05-07,Hadir
4085,240000458,MK02,2026-05-07,Tidak Hadir
4086,240000804,MK02,2026-05-07,Hadir
4087,240002596,MK09,2026-05-07,Hadir
4088,240002325,MK05,2026-05-07,Hadir
4089,240003953,MK03,2026-05-07,Hadir
4090,240001927,MK05,2026-05-07,Hadir
4091,240002202,MK04,2026-05-07,Hadir
4092,240004865,MK03,2026-05-07,Hadir
4093,240000182,MK09,2026-05-07,Tidak Hadir
4094,240004919,MK07,2026-05-07,Hadir
4095,240004013,MK03,2026-05-07,Hadir
4096,240001751,MK09,2026-05-07,Hadir
4097,240000467,MK10,2026-05-07,Hadir
4098,240004550,MK07,2026-05-07,Hadir
4099,240001677,MK04,2026-05-07,Hadir
4100,240004941,MK03,2026-05-07,Tidak Hadir
4101,240003329,MK05,2026-05-07,Tidak Hadir
4102,240002285,MK09,2026-05-07,Hadir
4103,240004413,MK02,2026-05-07,Tidak Hadir
4104,240001341,MK09,2026-05-07,Hadir
4105,240002383,MK07,2026-05-07,Hadir
4106,240004322,MK09,2026-05-07,Hadir
4107,240003887,MK10,2026-05-07,Hadir
4108,240004214,MK05,2026-05-07,Hadir
4109,240004074,MK01,2026-05-07,Hadir
4110,240001192,MK09,2026-05-07,Hadir
4111,240001168,MK01,2026-05-07,Hadir
4112,240000462,MK05,2026-05-07,Tidak Hadir
4113,240003719,MK01,2026-05-07,Hadir
4114,240004355,MK04,2026-05-07,Hadir
4115,240004686,MK09,2026-05-07,Hadir
4116,240002505,MK07,2026-05-07,Hadir
4117,240000771,MK02,2026-05-07,Hadir
4118,240000421,MK08,2026-05-07,Hadir
4119,240002912,MK06,2026-05-07,Hadir
4120,240003008,MK04,2026-05-07,Tidak Hadir
4121,240000141,MK01,2026-05-07,Hadir
4122,240002053,MK10,2026-05-07,Hadir
4123,240004789,MK04,2026-05-07,Hadir
4124,240003226,MK02,2026-05-07,Hadir
4125,240002321,MK03,2026-05-07,Hadir
4126,240000174,MK10,2026-05-07,Tidak Hadir
4127,240001248,MK09,2026-05-07,Hadir
4128,240000947,MK02,2026-05-07,Tidak Hadir
4129,240002331,MK06,2026-05-07,Hadir
4130,240004645,MK03,2026-05-07,Hadir
4131,240004197,MK05,2026-05-07,Hadir
4132,240001276,MK07,2026-05-07,Hadir
4133,240003687,MK01,2026-05-07,Hadir
4134,240000633,MK07,2026-05-07,Tidak Hadir
4135,240000323,MK01,2026-05-07,Hadir
4136,240001141,MK03,2026-05-07,Hadir
4137,240002350,MK03,2026-05-07,Hadir
4138,240003286,MK05,2026-05-07,Hadir
4139,240001075,MK04,2026-05-07,Hadir
4140,240004611,MK08,2026-05-07,Tidak Hadir
4141,240004547,MK03,2026-05-07,Hadir
4142,240000694,MK05,2026-05-07,Hadir
4143,240002644,MK06,2026-05-07,Hadir
4144,240000895,MK05,2026-05-07,Hadir
4145,240004753,MK07,2026-05-07,Hadir
4146,240001801,MK04,2026-05-07,Tidak Hadir
4147,240000957,MK04,2026-05-07,Hadir
4148,240001104,MK09,2026-05-07,Hadir
4149,240003164,MK07,2026-05-07,Hadir
4150,240003881,MK08,2026-05-07,Hadir
4151,240001973,MK07,2026-05-07,Tidak Hadir
4152,240003492,MK02,2026-05-07,Hadir
4153,240003472,MK10,2026-05-07,Hadir
4154,240003858,MK03,2026-05-07,Hadir
4155,240002902,MK01,2026-05-07,Hadir
4156,240000855,MK09,2026-05-07,Hadir
4157,240004253,MK02,2026-05-07,Hadir
4158,240001929,MK04,2026-05-07,Hadir
4159,240002639,MK08,2026-05-07,Hadir
4160,240004188,MK07,2026-05-07,Hadir
4161,240002892,MK01,2026-05-07,Hadir
4162,240000186,MK01,2026-05-07,Hadir
4163,240003220,MK09,2026-05-07,Hadir
4164,240003514,MK08,2026-05-07,Hadir
4165,240004141,MK03,2026-05-07,Hadir
4166,240001538,MK03,2026-05-07,Hadir
4167,240002345,MK01,2026-05-07,Hadir
4168,240000779,MK06,2026-05-07,Hadir
4169,240004823,MK08,2026-05-07,Hadir
4170,240004053,MK07,2026-05-07,Hadir
4171,240000816,MK07,2026-05-07,Hadir
4172,240000117,MK01,2026-05-07,Hadir
4173,240002590,MK10,2026-05-07,Tidak Hadir
4174,240001075,MK10,2026-05-07,Hadir
4175,240002404,MK02,2026-05-07,Hadir
4176,240001133,MK06,2026-05-07,Hadir
4177,240000184,MK05,2026-05-07,Hadir
4178,240001628,MK06,2026-05-07,Hadir
4179,240003909,MK06,2026-05-07,Hadir
4180,240000824,MK02,2026-05-07,Hadir
4181,240002541,MK03,2026-05-07,Hadir
4182,240003817,MK09,2026-05-07,Tidak Hadir
4183,240002038,MK01,2026-05-07,Hadir
4184,240003831,MK05,2026-05-07,Hadir
4185,240003169,MK03,2026-05-07,Hadir
4186,240000481,MK09,2026-05-07,Hadir
4187,240003632,MK07,2026-05-07,Hadir
4188,240002385,MK10,2026-05-07,Hadir
4189,240003937,MK10,2026-05-07,Hadir
4190,240003980,MK09,2026-05-07,Hadir
4191,240003462,MK07,2026-05-07,Hadir
4192,240004353,MK08,2026-05-07,Hadir
4193,240004181,MK02,2026-05-07,Hadir
4194,240003013,MK02,2026-05-07,Hadir
4195,240002500,MK02,2026-05-07,Hadir
4196,240004384,MK09,2026-05-07,Hadir
4197,240001294,MK06,2026-05-07,Hadir
4198,240004644,MK06,2026-05-07,Hadir
4199,240000483,MK03,2026-05-07,Tidak Hadir
4200,240001076,MK01,2026-05-07,Hadir
4201,240001497,MK10,2026-05-07,Hadir
4202,240003808,MK07,2026-05-07,Hadir
4203,240001759,MK06,2026-05-07,Hadir
4204,240003563,MK07,2026-05-07,Hadir
4205,240003773,MK10,2026-05-07,Tidak Hadir
4206,240000739,MK04,2026-05-07,Tidak Hadir
4207,240002933,MK03,2026-05-07,Hadir
4208,240001074,MK06,2026-05-07,Hadir
4209,240000710,MK06,2026-05-07,Hadir
4210,240003843,MK09,2026-05-07,Hadir
4211,240000811,MK05,2026-05-07,Hadir
4212,240004257,MK06,2026-05-07,Hadir
4213,240000845,MK06,2026-05-07,Hadir
4214,240001069,MK01,2026-05-07,Hadir
4215,240000786,MK08,2026-05-07,Tidak Hadir
4216,240001988,MK07,2026-05-07,Hadir
4217,240000621,MK09,2026-05-07,Tidak Hadir
4218,240000121,MK06,2026-05-07,Hadir
4219,240001296,MK02,2026-05-07,Hadir
4220,240003559,MK09,2026-05-07,Hadir
4221,240000482,MK08,2026-05-07,Tidak Hadir
4222,240003563,MK04,2026-05-07,Tidak Hadir
4223,240001227,MK08,2026-05-07,Hadir
4224,240002943,MK08,2026-05-07,Hadir
4225,240003364,MK07,2026-05-07,Hadir
4226,240000128,MK08,2026-05-07,Hadir
4227,240000754,MK08,2026-05-07,Hadir
4228,240001817,MK03,2026-05-07,Hadir
4229,240003103,MK10,2026-05-07,Hadir
4230,240002572,MK04,2026-05-07,Hadir
4231,240002568,MK09,2026-05-07,Hadir
4232,240004152,MK01,2026-05-07,Hadir
4233,240001662,MK09,2026-05-07,Hadir
4234,240004938,MK03,2026-05-07,Hadir
4235,240003817,MK09,2026-05-07,Tidak Hadir
4236,240000607,MK01,2026-05-07,Tidak Hadir
4237,240002431,MK01,2026-05-07,Hadir
4238,240000562,MK08,2026-05-07,Hadir
4239,240001391,MK09,2026-05-07,Hadir
4240,240004554,MK06,2026-05-07,Hadir
4241,240002545,MK08,2026-05-07,Hadir
4242,240003806,MK08,2026-05-07,Hadir
4243,240000336,MK06,2026-05-07,Hadir
4244,240004209,MK03,2026-05-07,Hadir
4245,240004302,MK07,2026-05-07,Tidak Hadir
4246,240002595,MK03,2026-05-07,Hadir
4247,240003641,MK01,2026-05-07,Hadir
4248,240001543,MK07,2026-05-07,Hadir
4249,240000477,MK04,2026-05-07,Tidak Hadir
4250,240000396,MK06,2026-05-07,Hadir
4251,240002056,MK01,2026-05-07,Hadir
4252,240001710,MK05,2026-05-07,Hadir
4253,240003496,MK09,2026-05-07,Hadir
4254,240000374,MK01,2026-05-07,Hadir
4255,240002955,MK08,2026-05-07,Hadir
4256,240003299,MK02,2026-05-07,Hadir
4257,240002330,MK04,2026-05-07,Hadir
4258,240004726,MK08,2026-05-07,Hadir
4259,240000405,MK09,2026-05-07,Tidak Hadir
4260,240000183,MK09,2026-05-07,Hadir
4261,240003133,MK10,2026-05-07,Tidak Hadir
4262,240004833,MK06,2026-05-07,Hadir
4263,240003056,MK07,2026-05-07,Hadir
4264,240004768,MK10,2026-05-07,Hadir
4265,240001039,MK07,2026-05-07,Hadir
4266,240001949,MK04,2026-05-07,Hadir
4267,240004793,MK04,2026-05-07,Hadir
4268,240001860,MK02,2026-05-07,Hadir
4269,240003874,MK08,2026-05-07,Hadir
4270,240003305,MK02,2026-05-07,Hadir
4271,240001296,MK10,2026-05-07,Hadir
4272,240002030,MK03,2026-05-07,Hadir
4273,240000072,MK10,2026-05-07,Hadir
4274,240003544,MK01,2026-05-07,Hadir
4275,240001448,MK07,2026-05-07,Hadir
4276,240001323,MK01,2026-05-07,Hadir
4277,240003176,MK02,2026-05-07,Hadir
4278,240004496,MK07,2026-05-07,Hadir
4279,240001046,MK02,2026-05-07,Hadir
4280,240002635,MK06,2026-05-07,Hadir
4281,240003504,MK03,2026-05-07,Hadir
4282,240003758,MK02,2026-05-07,Hadir
4283,240002302,MK01,2026-05-07,Hadir
4284,240003313,MK03,2026-05-07,Hadir
4285,240004265,MK02,2026-05-07,Hadir
4286,240002639,MK03,2026-05-07,Hadir
4287,240000573,MK01,2026-05-07,Hadir
4288,240004880,MK05,2026-05-07,Tidak Hadir
4289,240001123,MK08,2026-05-07,Hadir
4290,240004389,MK03,2026-05-07,Hadir
4291,240002597,MK04,2026-05-07,Hadir
4292,240000970,MK02,2026-05-07,Hadir
4293,240001982,MK07,2026-05-07,Hadir
4294,240002033,MK08,2026-05-07,Hadir
4295,240002617,MK02,2026-05-07,Hadir
4296,240001684,MK03,2026-05-07,Hadir
4297,240000463,MK07,2026-05-07,Hadir
4298,240001038,MK08,2026-05-07,Hadir
4299,240004558,MK04,2026-05-07,Hadir
4300,240003184,MK02,2026-05-07,Hadir
4301,240001922,MK05,2026-05-07,Hadir
4302,240002401,MK05,2026-05-07,Hadir
4303,240004479,MK10,2026-05-07,Hadir
4304,240001679,MK07,2026-05-07,Hadir
4305,240004452,MK03,2026-05-07,Hadir
4306,240002676,MK09,2026-05-07,Hadir
4307,240004634,MK01,2026-05-07,Hadir
4308,240000971,MK05,2026-05-07,Hadir
4309,240002442,MK02,2026-05-07,Hadir
4310,240002715,MK03,2026-05-07,Tidak Hadir
4311,240004758,MK06,2026-05-07,Hadir
4312,240001013,MK10,2026-05-07,Hadir
4313,240001751,MK06,2026-05-07,Hadir
4314,240004869,MK01,2026-05-07,Hadir
4315,240003556,MK04,2026-05-07,Hadir
4316,240004268,MK06,2026-05-07,Hadir
4317,240003889,MK07,2026-05-07,Hadir
4318,240003331,MK02,2026-05-07,Hadir
4319,240000199,MK06,2026-05-07,Hadir
4320,240003148,MK01,2026-05-07,Hadir
4321,240004932,MK07,2026-05-07,Hadir
4322,240004700,MK04,2026-05-07,Hadir
4323,240002112,MK09,2026-05-07,Hadir
4324,240003993,MK03,2026-05-07,Hadir
4325,240003461,MK05,2026-05-07,Hadir
4326,240001793,MK05,2026-05-07,Hadir
4327,240003107,MK04,2026-05-07,Hadir
4328,240001009,MK01,2026-05-07,Tidak Hadir
4329,240002705,MK08,2026-05-07,Hadir
4330,240002788,MK10,2026-05-07,Hadir
4331,240003530,MK04,2026-05-07,Hadir
4332,240001073,MK02,2026-05-07,Hadir
4333,240001641,MK09,2026-05-07,Tidak Hadir
4334,240001026,MK06,2026-05-07,Hadir
4335,240003956,MK08,2026-05-07,Hadir
4336,240000138,MK04,2026-05-07,Hadir
4337,240004740,MK05,2026-05-07,Hadir
4338,240003001,MK03,2026-05-07,Hadir
4339,240001632,MK02,2026-05-07,Hadir
4340,240001323,MK09,2026-05-07,Hadir
4341,240003143,MK03,2026-05-07,Hadir
4342,240002627,MK10,2026-05-07,Hadir
4343,240001360,MK06,2026-05-07,Hadir
4344,240001106,MK01,2026-05-07,Hadir
4345,240004749,MK06,2026-05-07,Tidak Hadir
4346,240003096,MK06,2026-05-07,Hadir
4347,240003533,MK03,2026-05-07,Hadir
4348,240000618,MK08,2026-05-07,Hadir
4349,240002432,MK07,2026-05-07,Hadir
4350,240003050,MK03,2026-05-07,Hadir
4351,240004684,MK03,2026-05-07,Hadir
4352,240001809,MK08,2026-05-07,Hadir
4353,240001765,MK04,2026-05-07,Hadir
4354,240002257,MK05,2026-05-07,Hadir
4355,240002440,MK08,2026-05-07,Hadir
4356,240003983,MK04,2026-05-07,Hadir
4357,240004697,MK01,2026-05-07,Hadir
4358,240004971,MK10,2026-05-07,Hadir
4359,240002909,MK07,2026-05-07,Hadir
4360,240002330,MK07,2026-05-07,Hadir
4361,240001087,MK05,2026-05-07,Hadir
4362,240002294,MK01,2026-05-07,Hadir
4363,240001353,MK06,2026-05-07,Hadir
4364,240001910,MK07,2026-05-07,Hadir
4365,240004960,MK06,2026-05-07,Hadir
4366,240004936,MK07,2026-05-07,Hadir
4367,240004869,MK01,2026-05-07,Tidak Hadir
4368,240003933,MK02,2026-05-07,Hadir
4369,240001635,MK09,2026-05-07,Hadir
4370,240002575,MK07,2026-05-07,Hadir
4371,240000678,MK07,2026-05-07,Hadir
4372,240000301,MK03,2026-05-07,Hadir
4373,240000467,MK07,2026-05-07,Hadir
4374,240002518,MK09,2026-05-07,Hadir
4375,240001771,MK10,2026-05-07,Hadir
4376,240001206,MK10,2026-05-07,Hadir
4377,240000026,MK06,2026-05-07,Hadir
4378,240004893,MK01,2026-05-07,Hadir
4379,240004209,MK01,2026-05-07,Hadir
4380,240000855,MK10,2026-05-07,Hadir
4381,240000722,MK08,2026-05-07,Tidak Hadir
4382,240001816,MK08,2026-05-07,Hadir
4383,240003286,MK06,2026-05-07,Hadir
4384,240001788,MK09,2026-05-07,Hadir
4385,240001779,MK10,2026-05-07,Hadir
4386,240002920,MK05,2026-05-07,Hadir
4387,240004085,MK04,2026-05-07,Hadir
4388,240001857,MK05,2026-05-07,Tidak Hadir
4389,240001747,MK10,2026-05-07,Hadir
4390,240000385,MK07,2026-05-07,Hadir
4391,240003110,MK01,2026-05-07,Hadir
4392,240003825,MK08,2026-05-07,Hadir
4393,240001564,MK07,2026-05-07,Hadir
4394,240004303,MK01,2026-05-07,Hadir
4395,240001282,MK02,2026-05-07,Hadir
4396,240003211,MK06,2026-05-07,Hadir
4397,240000967,MK06,2026-05-07,Hadir
4398,240000310,MK04,2026-05-07,Hadir
4399,240002176,MK04,2026-05-07,Tidak Hadir
4400,240004668,MK04,2026-05-07,Hadir
4401,240002883,MK01,2026-05-07,Hadir
4402,240003686,MK01,2026-05-07,Hadir
4403,240003668,MK09,2026-05-07,Hadir
4404,240004126,MK06,2026-05-07,Hadir
4405,240003586,MK09,2026-05-07,Hadir
4406,240001092,MK01,2026-05-07,Hadir
4407,240000899,MK10,2026-05-07,Hadir
4408,240002242,MK04,2026-05-07,Tidak Hadir
4409,240002479,MK04,2026-05-07,Hadir
4410,240001726,MK01,2026-05-07,Hadir
4411,240002184,MK02,2026-05-07,Hadir
4412,240000447,MK07,2026-05-07,Hadir
4413,240002906,MK06,2026-05-07,Hadir
4414,240000860,MK08,2026-05-07,Hadir
4415,240003401,MK06,2026-05-07,Hadir
4416,240004100,MK04,2026-05-07,Hadir
4417,240000965,MK01,2026-05-07,Hadir
4418,240001393,MK03,2026-05-07,Hadir
4419,240000331,MK07,2026-05-07,Hadir
4420,240003810,MK01,2026-05-07,Hadir
4421,240004955,MK10,2026-05-07,Hadir
4422,240000398,MK05,2026-05-07,Hadir
4423,240004933,MK03,2026-05-07,Hadir
4424,240002872,MK10,2026-05-07,Hadir
4425,240002582,MK05,2026-05-07,Hadir
4426,240002704,MK10,2026-05-07,Hadir
4427,240001652,MK06,2026-05-07,Hadir
4428,240004585,MK06,2026-05-07,Hadir
4429,240001019,MK04,2026-05-07,Hadir
4430,240000353,MK10,2026-05-07,Hadir
4431,240002110,MK10,2026-05-07,Hadir
4432,240004223,MK04,2026-05-07,Tidak Hadir
4433,240000205,MK04,2026-05-07,Hadir
4434,240001126,MK02,2026-05-07,Tidak Hadir
4435,240000016,MK10,2026-05-07,Hadir
4436,240003035,MK05,2026-05-07,Hadir
4437,240001015,MK10,2026-05-07,Hadir
4438,240003916,MK03,2026-05-07,Hadir
4439,240004361,MK07,2026-05-07,Hadir
4440,240000667,MK09,2026-05-07,Hadir
4441,240004164,MK03,2026-05-07,Hadir
4442,240002181,MK07,2026-05-07,Hadir
4443,240004581,MK04,2026-05-07,Hadir
4444,240001070,MK02,2026-05-07,Hadir
4445,240001677,MK04,2026-05-07,Hadir
4446,240001430,MK09,2026-05-07,Tidak Hadir
4447,240001282,MK09,2026-05-07,Hadir
4448,240004428,MK05,2026-05-07,Hadir
4449,240004690,MK05,2026-05-07,Hadir
4450,240004383,MK10,2026-05-07,Hadir
4451,240000703,MK05,2026-05-07,Hadir
4452,240000789,MK01,2026-05-07,Hadir
4453,240002123,MK07,2026-05-07,Hadir
4454,240001615,MK08,2026-05-07,Hadir
4455,240000190,MK04,2026-05-07,Hadir
4456,240003131,MK06,2026-05-07,Tidak Hadir
4457,240001778,MK01,2026-05-07,Hadir
4458,240002410,MK02,2026-05-07,Hadir
4459,240003572,MK05,2026-05-07,Hadir
4460,240004853,MK03,2026-05-07,Hadir
4461,240002040,MK05,2026-05-07,Hadir
4462,240001553,MK04,2026-05-07,Hadir
4463,240001043,MK07,2026-05-07,Hadir
4464,240001016,MK09,2026-05-07,Tidak Hadir
4465,240000411,MK01,2026-05-07,Tidak Hadir
4466,240001188,MK06,2026-05-07,Hadir
4467,240002635,MK03,2026-05-07,Tidak Hadir
4468,240000285,MK02,2026-05-07,Hadir
4469,240004584,MK02,2026-05-07,Hadir
4470,240004624,MK05,2026-05-07,Hadir
4471,240003018,MK07,2026-05-07,Hadir
4472,240004173,MK08,2026-05-07,Hadir
4473,240002663,MK02,2026-05-07,Hadir
4474,240003471,MK01,2026-05-07,Hadir
4475,240001195,MK09,2026-05-07,Hadir
4476,240003245,MK07,2026-05-07,Hadir
4477,240004528,MK04,2026-05-07,Hadir
4478,240004881,MK04,2026-05-07,Hadir
4479,240004075,MK03,2026-05-07,Hadir
4480,240000333,MK08,2026-05-07,Hadir
4481,240004048,MK06,2026-05-07,Hadir
4482,240001753,MK02,2026-05-07,Hadir
4483,240000170,MK04,2026-05-07,Hadir
4484,240001204,MK09,2026-05-07,Hadir
4485,240003790,MK10,2026-05-07,Hadir
4486,240004534,MK09,2026-05-07,Hadir
4487,240003571,MK05,2026-05-07,Hadir
4488,240001660,MK01,2026-05-07,Hadir
4489,240001605,MK01,2026-05-07,Hadir
4490,240003203,MK07,2026-05-07,Hadir
4491,240000499,MK05,2026-05-07,Hadir
4492,240000260,MK04,2026-05-07,Hadir
4493,240002129,MK09,2026-05-07,Hadir
4494,240001193,MK05,2026-05-07,Hadir
4495,240002091,MK08,2026-05-07,Hadir
4496,240001485,MK06,2026-05-07,Hadir
4497,240001892,MK09,2026-05-07,Hadir
4498,240002840,MK06,2026-05-07,Tidak Hadir
4499,240003244,MK03,2026-05-07,Hadir
4500,240001882,MK08,2026-05-07,Hadir
4501,240000075,MK02,2026-05-07,Hadir
4502,240000656,MK05,2026-05-07,Hadir
4503,240001775,MK02,2026-05-07,Hadir
4504,240000430,MK10,2026-05-07,Hadir
4505,240000353,MK10,2026-05-07,Tidak Hadir
4506,240002883,MK07,2026-05-07,Tidak Hadir
4507,240004339,MK07,2026-05-07,Hadir
4508,240000831,MK03,2026-05-07,Hadir
4509,240000679,MK03,2026-05-07,Tidak Hadir
4510,240004163,MK08,2026-05-07,Hadir
4511,240000106,MK01,2026-05-07,Hadir
4512,240003604,MK02,2026-05-07,Hadir
4513,240003748,MK01,2026-05-07,Hadir
4514,240003243,MK04,2026-05-07,Tidak Hadir
4515,240003064,MK05,2026-05-07,Hadir
4516,240001047,MK02,2026-05-07,Hadir
4517,240002364,MK03,2026-05-07,Hadir
4518,240004079,MK06,2026-05-07,Hadir
4519,240001199,MK07,2026-05-07,Tidak Hadir
4520,240001428,MK02,2026-05-07,Hadir
4521,240000510,MK09,2026-05-07,Hadir
4522,240004667,MK08,2026-05-07,Hadir
4523,240000528,MK06,2026-05-07,Hadir
4524,240002608,MK04,2026-05-07,Hadir
4525,240000020,MK05,2026-05-07,Hadir
4526,240002908,MK01,2026-05-07,Hadir
4527,240000034,MK08,2026-05-07,Hadir
4528,240004727,MK09,2026-05-07,Hadir
4529,240000492,MK02,2026-05-07,Hadir
4530,240001184,MK01,2026-05-07,Hadir
4531,240000837,MK06,2026-05-07,Hadir
4532,240003452,MK06,2026-05-07,Hadir
4533,240002344,MK05,2026-05-07,Hadir
4534,240004055,MK05,2026-05-07,Tidak Hadir
4535,240000343,MK05,2026-05-07,Hadir
4536,240000429,MK08,2026-05-07,Tidak Hadir
4537,240002767,MK10,2026-05-07,Hadir
4538,240003169,MK03,2026-05-07,Hadir
4539,240003824,MK04,2026-05-07,Hadir
4540,240001124,MK01,2026-05-07,Hadir
4541,240003694,MK04,2026-05-07,Hadir
4542,240003344,MK07,2026-05-07,Hadir
4543,240001565,MK05,2026-05-07,Hadir
4544,240000909,MK06,2026-05-07,Hadir
4545,240001143,MK01,2026-05-07,Hadir
4546,240004388,MK07,2026-05-07,Hadir
4547,240000371,MK03,2026-05-07,Hadir
4548,240000100,MK08,2026-05-07,Hadir
4549,240002266,MK06,2026-05-07,Hadir
4550,240004748,MK02,2026-05-07,Hadir
4551,240003146,MK03,2026-05-07,Hadir
4552,240002544,MK02,2026-05-07,Hadir
4553,240004706,MK07,2026-05-07,Hadir
4554,240001252,MK09,2026-05-07,Hadir
4555,240003706,MK09,2026-05-07,Hadir
4556,240002315,MK08,2026-05-07,Hadir
4557,240003690,MK01,2026-05-07,Hadir
4558,240003202,MK05,2026-05-07,Hadir
4559,240003434,MK04,2026-05-07,Hadir
4560,240002054,MK05,2026-05-07,Hadir
4561,240004614,MK02,2026-05-07,Hadir
4562,240004164,MK07,2026-05-07,Hadir
4563,240000939,MK10,2026-05-07,Hadir
4564,240004945,MK08,2026-05-07,Hadir
4565,240004124,MK10,2026-05-07,Tidak Hadir
4566,240004237,MK05,2026-05-07,Hadir
4567,240004864,MK02,2026-05-07,Hadir
4568,240001971,MK06,2026-05-07,Hadir
4569,240001720,MK01,2026-05-07,Hadir
4570,240000238,MK08,2026-05-07,Hadir
4571,240001156,MK10,2026-05-07,Hadir
4572,240000647,MK09,2026-05-07,Hadir
4573,240001453,MK06,2026-05-07,Hadir
4574,240004953,MK06,2026-05-07,Hadir
4575,240004161,MK06,2026-05-07,Hadir
4576,240000275,MK08,2026-05-07,Hadir
4577,240001034,MK07,2026-05-07,Hadir
4578,240002811,MK10,2026-05-07,Tidak Hadir
4579,240004797,MK10,2026-05-07,Hadir
4580,240004520,MK04,2026-05-07,Hadir
4581,240004258,MK08,2026-05-07,Hadir
4582,240002730,MK10,2026-05-07,Hadir
4583,240000326,MK02,2026-05-07,Hadir
4584,240001195,MK03,2026-05-07,Hadir
4585,240002320,MK04,2026-05-07,Hadir
4586,240003601,MK05,2026-05-07,Tidak Hadir
4587,240004885,MK07,2026-05-07,Hadir
4588,240004033,MK09,2026-05-07,Hadir
4589,240004897,MK08,2026-05-07,Hadir
4590,240000304,MK04,2026-05-07,Hadir
4591,240000733,MK09,2026-05-07,Hadir
4592,240000901,MK07,2026-05-07,Hadir
4593,240000656,MK08,2026-05-07,Hadir
4594,240002201,MK10,2026-05-07,Hadir
4595,240001544,MK07,2026-05-07,Hadir
4596,240001093,MK06,2026-05-07,Hadir
4597,240000158,MK07,2026-05-07,Hadir
4598,240003010,MK07,2026-05-07,Hadir
4599,240002440,MK05,2026-05-07,Hadir
4600,240004347,MK04,2026-05-07,Hadir
4601,240000279,MK03,2026-05-07,Hadir
4602,240002975,MK08,2026-05-07,Tidak Hadir
4603,240004517,MK05,2026-05-07,Hadir
4604,240001504,MK08,2026-05-07,Hadir
4605,240000428,MK06,2026-05-07,Hadir
4606,240000856,MK07,2026-05-07,Hadir
4607,240000274,MK05,2026-05-07,Tidak Hadir
4608,240001077,MK03,2026-05-07,Hadir
4609,240001395,MK01,2026-05-07,Hadir
4610,240003271,MK02,2026-05-07,Hadir
4611,240000915,MK05,2026-05-07,Tidak Hadir
4612,240002120,MK03,2026-05-07,Hadir
4613,240002388,MK01,2026-05-07,Hadir
4614,240001817,MK10,2026-05-07,Hadir
4615,240001662,MK09,2026-05-07,Hadir
4616,240000819,MK03,2026-05-07,Hadir
4617,240000527,MK02,2026-05-07,Hadir
4618,240001186,MK07,2026-05-07,Hadir
4619,240002695,MK04,2026-05-07,Hadir
4620,240000624,MK08,2026-05-07,Hadir
4621,240000360,MK03,2026-05-07,Hadir
4622,240002653,MK08,2026-05-07,Hadir
4623,240003788,MK10,2026-05-07,Hadir
4624,240003973,MK09,2026-05-07,Hadir
4625,240002899,MK05,2026-05-07,Hadir
4626,240001350,MK02,2026-05-07,Hadir
4627,240004566,MK01,2026-05-07,Hadir
4628,240003013,MK01,2026-05-07,Hadir
4629,240000456,MK01,2026-05-07,Hadir
4630,240000317,MK03,2026-05-07,Hadir
4631,240002354,MK04,2026-05-07,Hadir
4632,240000156,MK04,2026-05-07,Hadir
4633,240004285,MK05,2026-05-07,Hadir
4634,240002813,MK05,2026-05-07,Hadir
4635,240004790,MK06,2026-05-07,Hadir
4636,240003147,MK10,2026-05-07,Hadir
4637,240004481,MK05,2026-05-07,Hadir
4638,240003926,MK07,2026-05-07,Hadir
4639,240001673,MK06,2026-05-07,Hadir
4640,240001914,MK10,2026-05-07,Hadir
4641,240004050,MK02,2026-05-07,Hadir
4642,240002735,MK03,2026-05-07,Hadir
4643,240003938,MK06,2026-05-07,Hadir
4644,240002752,MK10,2026-05-07,Hadir
4645,240001952,MK01,2026-05-07,Hadir
4646,240002692,MK03,2026-05-07,Tidak Hadir
4647,240004812,MK01,2026-05-07,Hadir
4648,240002418,MK01,2026-05-07,Hadir
4649,240000084,MK03,2026-05-07,Hadir
4650,240002518,MK10,2026-05-07,Hadir
4651,240002058,MK05,2026-05-07,Hadir
4652,240002727,MK06,2026-05-07,Hadir
4653,240001166,MK08,2026-05-07,Hadir
4654,240001103,MK02,2026-05-07,Hadir
4655,240002981,MK07,2026-05-07,Hadir
4656,240003255,MK10,2026-05-07,Hadir
4657,240004885,MK01,2026-05-07,Hadir
4658,240001365,MK07,2026-05-07,Hadir
4659,240004104,MK02,2026-05-07,Hadir
4660,240003599,MK05,2026-05-07,Hadir
4661,240003410,MK08,2026-05-07,Hadir
4662,240000649,MK04,2026-05-07,Hadir
4663,240000315,MK10,2026-05-07,Hadir
4664,240000105,MK09,2026-05-07,Hadir
4665,240000944,MK01,2026-05-07,Hadir
4666,240001021,MK01,2026-05-07,Hadir
4667,240004841,MK02,2026-05-07,Hadir
4668,240001357,MK01,2026-05-07,Hadir
4669,240000532,MK08,2026-05-07,Hadir
4670,240003922,MK07,2026-05-07,Hadir
4671,240004715,MK02,2026-05-07,Hadir
4672,240004822,MK09,2026-05-07,Hadir
4673,240004548,MK10,2026-05-07,Hadir
4674,240004604,MK04,2026-05-07,Hadir
4675,240001507,MK02,2026-05-07,Hadir
4676,240003123,MK10,2026-05-07,Tidak Hadir
4677,240003376,MK08,2026-05-07,Hadir
4678,240003423,MK04,2026-05-07,Tidak Hadir
4679,240001369,MK01,2026-05-07,Hadir
4680,240000608,MK06,2026-05-07,Hadir
4681,240004717,MK04,2026-05-07,Hadir
4682,240004977,MK06,2026-05-07,Hadir
4683,240003506,MK05,2026-05-07,Hadir
4684,240002388,MK05,2026-05-07,Hadir
4685,240002605,MK07,2026-05-07,Hadir
4686,240002272,MK09,2026-05-07,Hadir
4687,240002127,MK09,2026-05-07,Hadir
4688,240001216,MK01,2026-05-07,Tidak Hadir
4689,240000677,MK02,2026-05-07,Hadir
4690,240000969,MK10,2026-05-07,Hadir
4691,240003053,MK07,2026-05-07,Hadir
4692,240003631,MK02,2026-05-07,Hadir
4693,240001475,MK06,2026-05-07,Hadir
4694,240003233,MK10,2026-05-07,Hadir
4695,240002804,MK07,2026-05-07,Hadir
4696,240000885,MK09,2026-05-07,Hadir
4697,240003325,MK01,2026-05-07,Hadir
4698,240001179,MK10,2026-05-07,Hadir
4699,240000939,MK02,2026-05-07,Tidak Hadir
4700,240004377,MK05,2026-05-07,Hadir
4701,240003741,MK03,2026-05-07,Hadir
4702,240002589,MK02,2026-05-07,Hadir
4703,240000834,MK02,2026-05-07,Hadir
4704,240000128,MK09,2026-05-07,Hadir
4705,240002495,MK06,2026-05-07,Hadir
4706,240001580,MK06,2026-05-07,Hadir
4707,240001477,MK02,2026-05-07,Hadir
4708,240003473,MK08,2026-05-07,Hadir
4709,240000776,MK05,2026-05-07,Hadir
4710,240000598,MK04,2026-05-07,Hadir
4711,240004286,MK04,2026-05-07,Hadir
4712,240001759,MK06,2026-05-07,Hadir
4713,240000598,MK02,2026-05-07,Hadir
4714,240004737,MK02,2026-05-07,Hadir
4715,240004524,MK04,2026-05-07,Hadir
4716,240004556,MK07,2026-05-07,Hadir
4717,240002386,MK09,2026-05-07,Hadir
4718,240004901,MK04,2026-05-07,Hadir
4719,240000203,MK06,2026-05-07,Hadir
4720,240001495,MK03,2026-05-07,Hadir
4721,240004706,MK05,2026-05-07,Tidak Hadir
4722,240001232,MK02,2026-05-07,Hadir
4723,240004485,MK09,2026-05-07,Hadir
4724,240004993,MK06,2026-05-07,Hadir
4725,240004245,MK04,2026-05-07,Hadir
4726,240000381,MK09,2026-05-07,Hadir
4727,240001976,MK01,2026-05-07,Hadir
4728,240000430,MK01,2026-05-07,Hadir
4729,240001401,MK09,2026-05-07,Hadir
4730,240001470,MK09,2026-05-07,Tidak Hadir
4731,240002785,MK07,2026-05-07,Hadir
4732,240004558,MK02,2026-05-07,Hadir
4733,240004246,MK05,2026-05-07,Hadir
4734,240001571,MK04,2026-05-07,Hadir
4735,240002672,MK09,2026-05-07,Hadir
4736,240004761,MK09,2026-05-07,Tidak Hadir
4737,240002003,MK03,2026-05-07,Hadir
4738,240002560,MK02,2026-05-07,Hadir
4739,240004943,MK06,2026-05-07,Hadir
4740,240001899,MK04,2026-05-07,Hadir
4741,240001602,MK04,2026-05-07,Hadir
4742,240003978,MK07,2026-05-07,Hadir
4743,240000210,MK06,2026-05-07,Tidak Hadir
4744,240001234,MK03,2026-05-07,Tidak Hadir
4745,240001665,MK10,2026-05-07,Hadir
4746,240002046,MK03,2026-05-07,Hadir
4747,240001631,MK10,2026-05-07,Hadir
4748,240003335,MK03,2026-05-07,Hadir
4749,240000954,MK01,2026-05-07,Hadir
4750,240004577,MK08,2026-05-07,Hadir
4751,240002521,MK07,2026-05-07,Hadir
4752,240001086,MK01,2026-05-07,Hadir
4753,240004304,MK10,2026-05-07,Hadir
4754,240001798,MK08,2026-05-07,Hadir
4755,240002136,MK05,2026-05-07,Hadir
4756,240000811,MK03,2026-05-07,Hadir
4757,240001486,MK03,2026-05-07,Hadir
4758,240002728,MK02,2026-05-07,Hadir
4759,240001961,MK03,2026-05-07,Hadir
4760,240004865,MK04,2026-05-07,Hadir
4761,240004575,MK08,2026-05-07,Hadir
4762,240003205,MK07,2026-05-07,Hadir
4763,240001141,MK01,2026-05-07,Hadir
4764,240001290,MK10,2026-05-07,Hadir
4765,240003198,MK02,2026-05-07,Hadir
4766,240003580,MK04,2026-05-07,Hadir
4767,240000951,MK06,2026-05-07,Hadir
4768,240003403,MK07,2026-05-07,Hadir
4769,240000055,MK10,2026-05-07,Hadir
4770,240000612,MK01,2026-05-07,Hadir
4771,240002097,MK10,2026-05-07,Hadir
4772,240001934,MK01,2026-05-07,Hadir
4773,240002932,MK01,2026-05-07,Tidak Hadir
4774,240001816,MK05,2026-05-07,Tidak Hadir
4775,240002124,MK03,2026-05-07,Hadir
4776,240004525,MK08,2026-05-07,Hadir
4777,240003951,MK06,2026-05-07,Hadir
4778,240003348,MK05,2026-05-07,Hadir
4779,240000925,MK01,2026-05-07,Hadir
4780,240003219,MK09,2026-05-07,Hadir
4781,240001058,MK04,2026-05-07,Hadir
4782,240003486,MK06,2026-05-07,Hadir
4783,240004718,MK09,2026-05-07,Hadir
4784,240003497,MK09,2026-05-07,Hadir
4785,240001695,MK06,2026-05-07,Hadir
4786,240002267,MK08,2026-05-07,Hadir
4787,240003342,MK10,2026-05-07,Hadir
4788,240001892,MK05,2026-05-07,Hadir
4789,240003458,MK07,2026-05-07,Tidak Hadir
4790,240001047,MK05,2026-05-07,Hadir
4791,240003802,MK05,2026-05-07,Tidak Hadir
4792,240001427,MK02,2026-05-07,Hadir
4793,240001568,MK08,2026-05-07,Hadir
4794,240003936,MK02,2026-05-07,Hadir
4795,240002316,MK09,2026-05-07,Hadir
4796,240002958,MK01,2026-05-07,Hadir
4797,240004457,MK10,2026-05-07,Hadir
4798,240004889,MK10,2026-05-07,Hadir
4799,240001403,MK08,2026-05-07,Hadir
4800,240001401,MK04,2026-05-07,Hadir
4801,240001539,MK06,2026-05-07,Hadir
4802,240000249,MK04,2026-05-07,Hadir
4803,240001493,MK07,2026-05-07,Hadir
4804,240002891,MK04,2026-05-07,Hadir
4805,240001524,MK07,2026-05-07,Hadir
4806,240002520,MK02,2026-05-07,Hadir
4807,240001060,MK07,2026-05-07,Hadir
4808,240002007,MK04,2026-05-07,Hadir
4809,240003805,MK01,2026-05-07,Hadir
4810,240002616,MK10,2026-05-07,Hadir
4811,240001320,MK05,2026-05-07,Hadir
4812,240004806,MK03,2026-05-07,Tidak Hadir
4813,240003152,MK03,2026-05-07,Tidak Hadir
4814,240000030,MK07,2026-05-07,Hadir
4815,240004443,MK02,2026-05-07,Hadir
4816,240000320,MK02,2026-05-07,Hadir
4817,240004586,MK07,2026-05-07,Hadir
4818,240003157,MK04,2026-05-07,Hadir
4819,240001177,MK04,2026-05-07,Hadir
4820,240002680,MK09,2026-05-07,Hadir
4821,240002721,MK05,2026-05-07,Hadir
4822,240000984,MK06,2026-05-07,Hadir
4823,240002340,MK07,2026-05-07,Hadir
4824,240001683,MK03,2026-05-07,Hadir
4825,240003072,MK05,2026-05-07,Hadir
4826,240004062,MK10,2026-05-07,Hadir
4827,240004911,MK09,2026-05-07,Hadir
4828,240002466,MK03,2026-05-07,Hadir
4829,240003810,MK09,2026-05-07,Hadir
4830,240004671,MK06,2026-05-07,Hadir
4831,240001722,MK04,2026-05-07,Hadir
4832,240000934,MK09,2026-05-07,Hadir
4833,240000627,MK04,2026-05-07,Hadir
4834,240002529,MK10,2026-05-07,Hadir
4835,240004521,MK04,2026-05-07,Tidak Hadir
4836,240001500,MK07,2026-05-07,Hadir
4837,240000030,MK02,2026-05-07,Hadir
4838,240000020,MK06,2026-05-07,Hadir
4839,240003700,MK03,2026-05-07,Hadir
4840,240004758,MK06,2026-05-07,Hadir
4841,240004397,MK10,2026-05-07,Hadir
4842,240001965,MK02,2026-05-07,Hadir
4843,240002461,MK02,2026-05-07,Hadir
4844,240002935,MK09,2026-05-07,Hadir
4845,240001380,MK07,2026-05-07,Hadir
4846,240003229,MK06,2026-05-07,Hadir
4847,240002880,MK02,2026-05-07,Hadir
4848,240001995,MK04,2026-05-07,Hadir
4849,240000064,MK03,2026-05-07,Tidak Hadir
4850,240001459,MK04,2026-05-07,Hadir
4851,240000552,MK09,2026-05-07,Hadir
4852,240003120,MK03,2026-05-07,Hadir
4853,240003901,MK08,2026-05-07,Hadir
4854,240001047,MK04,2026-05-07,Hadir
4855,240001989,MK07,2026-05-07,Hadir
4856,240001430,MK10,2026-05-07,Hadir
4857,240004140,MK07,2026-05-07,Hadir
4858,240000730,MK05,2026-05-07,Hadir
4859,240001940,MK02,2026-05-07,Hadir
4860,240002609,MK02,2026-05-07,Hadir
4861,240002983,MK04,2026-05-07,Hadir
4862,240000900,MK08,2026-05-07,Hadir
4863,240004951,MK03,2026-05-07,Hadir
4864,240001535,MK08,2026-05-07,Hadir
4865,240001717,MK08,2026-05-07,Hadir
4866,240003384,MK04,2026-05-07,Hadir
4867,240001997,MK03,2026-05-07,Hadir
4868,240003906,MK03,2026-05-07,Hadir
4869,240002620,MK08,2026-05-07,Hadir
4870,240002092,MK06,2026-05-07,Hadir
4871,240000617,MK02,2026-05-07,Hadir
4872,240001289,MK01,2026-05-07,Hadir
4873,240001438,MK10,2026-05-07,Hadir
4874,240001355,MK10,2026-05-07,Hadir
4875,240002466,MK04,2026-05-07,Hadir
4876,240003939,MK04,2026-05-07,Hadir
4877,240004305,MK10,2026-05-07,Hadir
4878,240000522,MK04,2026-05-07,Tidak Hadir
4879,240000445,MK10,2026-05-07,Hadir
4880,240003153,MK06,2026-05-07,Hadir
4881,240001159,MK03,2026-05-07,Hadir
4882,240000010,MK01,2026-05-07,Hadir
4883,240000083,MK05,2026-05-07,Hadir
4884,240004410,MK07,2026-05-07,Hadir
4885,240000758,MK03,2026-05-07,Hadir
4886,240003936,MK04,2026-05-07,Hadir
4887,240001381,MK10,2026-05-07,Hadir
4888,240001976,MK06,2026-05-07,Hadir
4889,240002258,MK05,2026-05-07,Hadir
4890,240002781,MK07,2026-05-07,Tidak Hadir
4891,240001572,MK04,2026-05-07,Hadir
4892,240004775,MK04,2026-05-07,Hadir
4893,240002912,MK06,2026-05-07,Hadir
4894,240001514,MK03,2026-05-07,Hadir
4895,240000250,MK09,2026-05-07,Hadir
4896,240001462,MK07,2026-05-07,Hadir
4897,240001503,MK05,2026-05-07,Hadir
4898,240001992,MK06,2026-05-07,Hadir
4899,240004348,MK02,2026-05-07,Hadir
4900,240000665,MK04,2026-05-07,Hadir
4901,240003819,MK01,2026-05-07,Hadir
4902,240000817,MK03,2026-05-07,Hadir
4903,240002028,MK08,2026-05-07,Hadir
4904,240003990,MK02,2026-05-07,Hadir
4905,240004337,MK06,2026-05-07,Hadir
4906,240000574,MK01,2026-05-07,Hadir
4907,240003524,MK07,2026-05-07,Hadir
4908,240003656,MK06,2026-05-07,Hadir
4909,240002342,MK02,2026-05-07,Tidak Hadir
4910,240000239,MK01,2026-05-07,Hadir
4911,240002117,MK02,2026-05-07,Hadir
4912,240001165,MK04,2026-05-07,Hadir
4913,240001399,MK03,2026-05-07,Hadir
4914,240002018,MK03,2026-05-07,Hadir
4915,240003447,MK05,2026-05-07,Hadir
4916,240004827,MK06,2026-05-07,Hadir
4917,240002952,MK10,2026-05-07,Hadir
4918,240002325,MK06,2026-05-07,Hadir
4919,240002794,MK04,2026-05-07,Hadir
4920,240002817,MK06,2026-05-07,Hadir
4921,240001552,MK06,2026-05-07,Hadir
4922,240003495,MK01,2026-05-07,Hadir
4923,240002664,MK03,2026-05-07,Hadir
4924,240001256,MK01,2026-05-07,Hadir
4925,240003679,MK01,2026-05-07,Hadir
4926,240002810,MK05,2026-05-07,Hadir
4927,240003705,MK02,2026-05-07,Hadir
4928,240004259,MK09,2026-05-07,Hadir
4929,240000840,MK06,2026-05-07,Hadir
4930,240001329,MK02,2026-05-07,Hadir
4931,240003624,MK09,2026-05-07,Hadir
4932,240004926,MK03,2026-05-07,Hadir
4933,240004655,MK08,2026-05-07,Hadir
4934,240000393,MK09,2026-05-07,Hadir
4935,240003402,MK10,2026-05-07,Tidak Hadir
4936,240000169,MK04,2026-05-07,Hadir
4937,240000633,MK08,2026-05-07,Hadir
4938,240000256,MK10,2026-05-07,Hadir
4939,240000975,MK08,2026-05-07,Hadir
4940,240002534,MK06,2026-05-07,Hadir
4941,240004385,MK10,2026-05-07,Hadir
4942,240001236,MK10,2026-05-07,Hadir
4943,240003402,MK07,2026-05-07,Hadir
4944,240002933,MK01,2026-05-07,Hadir
4945,240003168,MK02,2026-05-07,Tidak Hadir
4946,240003564,MK04,2026-05-07,Hadir
4947,240004492,MK04,2026-05-07,Hadir
4948,240003354,MK09,2026-05-07,Hadir
4949,240002165,MK02,2026-05-07,Hadir
4950,240000953,MK07,2026-05-07,Hadir
4951,240000189,MK07,2026-05-07,Hadir
4952,240004327,MK05,2026-05-07,Hadir
4953,240001399,MK03,2026-05-07,Hadir
4954,240003578,MK10,2026-05-07,Hadir
4955,240000990,MK05,2026-05-07,Hadir
4956,240001326,MK06,2026-05-07,Hadir
4957,240002528,MK07,2026-05-07,Hadir
4958,240000273,MK05,2026-05-07,Hadir
4959,240001232,MK05,2026-05-07,Hadir
4960,240003335,MK09,2026-05-07,Hadir
4961,240001177,MK01,2026-05-07,Tidak Hadir
4962,240004687,MK01,2026-05-07,Hadir
4963,240004067,MK07,2026-05-07,Hadir
4964,240002616,MK05,2026-05-07,Hadir
4965,240000763,MK06,2026-05-07,Hadir
4966,240000396,MK06,2026-05-07,Hadir
4967,240004833,MK05,2026-05-07,Hadir
4968,240001834,MK05,2026-05-07,Hadir
4969,240003718,MK01,2026-05-07,Hadir
4970,240002802,MK01,2026-05-07,Hadir
4971,240004769,MK09,2026-05-07,Hadir
4972,240004788,MK10,2026-05-07,Hadir
4973,240004239,MK08,2026-05-07,Hadir
4974,240003424,MK04,2026-05-07,Hadir
4975,240002043,MK10,2026-05-07,Hadir
4976,240000955,MK08,2026-05-07,Hadir
4977,240003476,MK02,2026-05-07,Hadir
4978,240002012,MK01,2026-05-07,Hadir
4979,240001762,MK04,2026-05-07,Hadir
4980,240000745,MK03,2026-05-07,Hadir
4981,240003958,MK08,2026-05-07,Hadir
4982,240004061,MK07,2026-05-07,Hadir
4983,240003467,MK01,2026-05-07,Hadir
4984,240001708,MK02,2026-05-07,Hadir
4985,240004306,MK04,2026-05-07,Hadir
4986,240001349,MK09,2026-05-07,Hadir
4987,240003455,MK02,2026-05-07,Hadir
4988,240003504,MK06,2026-05-07,Hadir
4989,240004892,MK03,2026-05-07,Hadir
4990,240004546,MK10,2026-05-07,Hadir
4991,240001410,MK06,2026-05-07,Hadir
4992,240002240,MK02,2026-05-07,Hadir
4993,240003136,MK06,2026-05-07,Hadir
4994,240000114,MK07,2026-05-07,Hadir
4995,240004611,MK07,2026-05-07,Hadir
4996,240001011,MK02,2026-05-07,Hadir
4997,240002704,MK08,2026-05-07,Hadir
4998,240003804,MK08,2026-05-07,Hadir
4999,240004169,MK02,2026-05-07,Hadir
5000,240001027,MK04,2026-05-07,Hadir
